,,,,,,,,,,,,,,Collection Date: 2022-05-13 to 2022-05-16,,,Collection Date: 2022-05-24 to 2022-05-26,,,Collection Date: 2022-06-06 to 2022-06-08,,,Collection Date: 2022-06-22,,,Collection Date: NA,,
,,,,,,,,,,,,,,# of CLOSED Fruits collected from FITNESS plant,Total # of SEEDS from CLOSED Fruits collected from FITNESS plant,# of FILLED SEEDS from closed fruits collected from fitness plant,# of CLOSED Fruits collected from FITNESS plant,Total # of SEEDS from CLOSED Fruits collected from FITNESS plant,# of FILLED SEEDS from closed fruits collected from fitness plant,# of CLOSED Fruits collected from FITNESS plant,Total # of SEEDS from CLOSED Fruits collected from FITNESS plant,# of FILLED SEEDS from closed fruits collected from fitness plant,# of CLOSED Fruits collected from FITNESS plant,Total # of SEEDS from CLOSED Fruits collected from FITNESS plant,# of FILLED SEEDS from closed fruits collected from fitness plant,# of CLOSED Fruits collected from FITNESS plant,Total # of SEEDS from CLOSED Fruits collected from FITNESS plant,# of FILLED SEEDS from closed fruits collected from fitness plant
Sequence,Transect,Recipient,Recipient for Sorting,Plant number of fitness plant (when chosen),Number of closed fruits used to estimate mean seeds per fruit (include multiple dates),Number of Open Fruits ,Total number of viable seeds counted across multiple dates,Total number of all fruits produced by the plant (open + closed),Mean seeds/fruit (G/F),Total production of viable seeds (I*H),Date Sown,Date Flowered ,Number of days between sow and flower ,,,,,,,,,,,,,,,
26,1,AC_15,AC_015,5,3,0,6,3,2,6,11/04/2021,04/21/2022,168,,,,,,,3,8,6,,,,,,
12,1,AC_46,AC_046,3,8,4,28,12,3.5,42,11/04/2021,04/09/2022,156,,,,,,,6,40,26,2,2,2,,,
6,1,AC_48,AC_048,4,21,9,73,30,3.476190476,104.2857143,11/04/2021,04/21/2022,168,,,,7,,21,9,,33,5,,19,,,
32,1,AC_55,AC_055,5,14,12,54,26,3.857142857,100.2857143,11/04/2021,04/09/2022,156,,,,14,,54,,,,,,,,,
32,1,AC_55,AC_055,9,5,0,11,5,2.2,11,11/04/2021,04/09/2022,156,,,,4,,11,1,,0,,,,,,
15,1,AC_56,AC_056,5,11,0,20,11,1.818181818,20,11/04/2021,04/09/2022,156,,,,4,,12,7,,8,,,,,,
25,1,AC_57,AC_057,7,1,2,3,3,3,9,11/04/2021,04/21/2022,168,,,,,,,1,,3,,,,,,
29,1,AC_58,AC_058,1,3,3,3,6,1,6,11/04/2021,04/21/2022,168,,,,3,,3,,,,,,,,,
29,1,AC_58,AC_058,7,7,0,17,7,2.428571429,17,11/04/2021,04/21/2022,168,,,,,,,5,,9,2,,8,,,
29,1,AC_58,AC_058,9,1,20,0,21,0,0,11/04/2021,04/09/2022,156,,,,1,,0,,,,,,,,,
17,1,AC_62,AC_062,6,1,0,1,1,1,1,11/04/2021,04/09/2022,156,,,,1,,1,,,,,,,,,
34,1,AC_66,AC_066,10,6,0,9,6,1.5,9,11/04/2021,04/21/2022,168,1,,0,3,,8,2,,1,,,,,,
10,1,AC_70,AC_070,7,8,6,31,14,3.875,54.25,11/04/2021,04/21/2022,168,,,,4,,19,4,,12,,,,,,
10,1,AC_70,AC_070,8,3,2,14,5,4.666666667,23.33333333,11/04/2021,04/21/2022,168,,,,2,,11,1,,3,,,,,,
10,1,AC_70,AC_070,9,9,2,27,11,3,33,11/04/2021,04/21/2022,168,,,,5,,20,4,,7,,,,,,
8,1,AC_74,AC_074,6,7,0,18,7,2.571428571,18,11/04/2021,04/21/2022,168,1,,0,3,,13,3,,5,,,,,,
14,1,AC_86,AC_086,4,11,4,22,15,2,30,11/04/2021,04/21/2022,168,,,,,,,11,,22,,,,,,
27,1,AC_88,AC_088,1,1,3,1,4,1,4,11/04/2021,04/21/2022,168,,,,,,,1,,1,,,,,,
19,1,AC_89,AC_089,10,7,0,20,7,2.857142857,20,11/04/2021,04/21/2022,168,,,,4,,9,3,,11,,,,,,
28,1,AC_96,AC_096,9,10,0,19,10,1.9,19,11/04/2021,04/21/2022,168,,,,1,,1,,,,9,,18,,,
18,1,AC_97,AC_097,1,45,7,182,52,4.044444444,210.3111111,11/04/2021,04/09/2022,156,,,,,,,16,,78,29,,104,,,
18,1,AC_97,AC_097,3,140,13,815,153,5.821428571,890.6785714,11/04/2021,04/09/2022,156,,,,,,,8,,52,132,,763,,,
18,1,AC_97,AC_097,9,6,0,18,6,3,18,11/04/2021,04/21/2022,168,,,,,,,4,,14,2,,4,,,
3,1,AC_107,AC_107,4,9,6,26,15,2.888888889,43.33333333,11/04/2021,05/03/2022,180,,,,6,,15,3,,11,,,,,,
4,1,AC_109,AC_109,1,8,22,39,30,4.875,146.25,11/04/2021,05/03/2022,180,,,,6,,26,2,,13,,,,,,
4,1,AC_109,AC_109,3,11,14,59,25,5.363636364,134.0909091,11/04/2021,04/21/2022,168,,,,6,,29,5,,30,,,,,,
4,1,AC_109,AC_109,4,6,1,30,7,5,35,11/04/2021,05/03/2022,180,,,,3,,18,3,,12,,,,,,
5,1,AC_110,AC_110,4,10,9,56,19,5.6,106.4,11/04/2021,05/03/2022,180,,,,5,,37,5,,19,,,,,,
20,1,AC_120,AC_120,8,4,4,12,8,3,24,11/04/2021,04/21/2022,168,,,,3,,8,1,,4,,,,,,
36,1,AC_128,AC_128,10,6,10,27,16,4.5,72,11/04/2021,04/09/2022,156,,,,6,,27,,,,,,,,,
9,1,AC_130,AC_130,10,2,1,7,3,3.5,10.5,11/04/2021,05/13/2022,190,,,,,,,2,,7,,,,,,
13,1,AC_131,AC_131,6,28,3,43,31,1.535714286,47.60714286,11/04/2021,04/21/2022,168,,,,6,,12,12,,21,10,,10,,,
21,1,AC_136,AC_136,4,3,0,7,3,2.333333333,7,11/04/2021,04/21/2022,168,,,,,,,3,,7,,,,,,
23,1,AC_151,AC_151,6,5,3,14,8,2.8,22.4,11/04/2021,04/21/2022,168,,,,1,,2,4,,12,,,,,,
22,1,AC_168,AC_168,5,2,0,5,2,2.5,5,11/04/2021,04/09/2022,156,,,,,,,2,,5,,,,,,
11,1,AC_181,AC_181,7,7,0,15,7,2.142857143,15,11/04/2021,04/09/2022,156,,,,3,,9,4,,6,,,,,,
31,1,AC_185,AC_185,10,10,2,25,12,2.5,30,11/04/2021,04/09/2022,156,,,,5,,13,5,,12,,,,,,
33,1,AC_189,AC_189,3,7,2,15,9,2.142857143,19.28571429,11/04/2021,04/09/2022,156,,,,5,,13,2,,2,,,,,,
33,1,AC_189,AC_189,4,12,2,63,14,5.25,73.5,11/04/2021,04/09/2022,156,,,,9,,52,3,,11,,,,,,
33,1,AC_189,AC_189,5,21,2,78,23,3.714285714,85.42857143,11/04/2021,04/09/2022,156,,,,13,,54,8,,24,,,,,,
7,1,AC_190,AC_190,2,10,16,66,26,6.6,171.6,11/04/2021,04/21/2022,168,,,,5,,37,5,,29,,,,,,
7,1,AC_190,AC_190,3,7,10,35,17,5,85,11/04/2021,04/21/2022,168,,,,3,,12,4,,23,,,,,,
7,1,AC_190,AC_190,4,10,5,62,15,6.2,93,11/04/2021,04/21/2022,168,,,,5,,30,5,,32,,,,,,
2,1,AC_191,AC_191,5,1,3,0,4,0,0,11/04/2021,05/03/2022,180,,,,1,,0,,,,,,,,,
24,1,AC_193,AC_193,5,0,3,0,3,#DIV/0!,#DIV/0!,11/04/2021,04/21/2022,168,,,,,,,,,,,,,,,
1,1,AC_200,AC_200,10,3,2,18,5,6,30,11/04/2021,05/03/2022,180,,,,,,,3,,18,,,,,,
16,1,AC_203,AC_203,2,16,0,58,16,3.625,58,11/04/2021,04/21/2022,168,,,,4,,15,5,,21,7,,22,,,
35,1,AC_205,AC_205,6,0,0,0,0,#DIV/0!,#DIV/0!,11/04/2021,,-44504,,,,,,,,,,,,,,,
30,1,AC_218,AC_218,6,5,1,10,6,2,12,11/04/2021,04/09/2022,156,,,,2,,4,3,,6,,,,,,
30,1,AC_218,AC_218,9,9,2,31,11,3.444444444,37.88888889,11/04/2021,04/09/2022,156,,,,3,,13,6,,18,,,,,,
48,2,AC_11,AC_011,9,6,0,16,6,2.666666667,16,11/04/2021,05/03/2022,180,,,,3,,11,3,,5,,,,,,
41,2,AC_14,AC_014,6,5,0,8,5,1.6,8,11/04/2021,05/03/2022,180,,,,1,,0,3,,6,1,,2,,,
62,2,AC_30,AC_030,4,4,0,10,4,2.5,10,11/04/2021,04/09/2022,156,,,,4,,10,,,,,,,,,
38,2,AC_34,AC_034,2,8,2,28,10,3.5,35,11/04/2021,05/03/2022,180,,,,3,,10,5,,18,,,,,,
38,2,AC_34,AC_034,9,0,9,0,9,#DIV/0!,#DIV/0!,11/04/2021,05/03/2022,180,,,,,,,,,,,,,,,
46,2,AC_38,AC_038,8,5,0,3,5,0.6,3,11/04/2021,04/21/2022,168,,,,3,,3,2,,0,,,,,,
61,2,AC_52,AC_052,3,7,0,6,7,0.8571428571,6,11/04/2021,04/09/2022,156,,,,5,,6,2,,0,,,,,,
54,2,AC_54,AC_054,4,14,0,19,14,1.357142857,19,11/04/2021,04/21/2022,168,,,,4,,8,7,,10,3,,1,,,
39,2,AC_68,AC_068,9,18,0,34,18,1.888888889,34,11/04/2021,05/03/2022,180,,,,6,,7,7,,13,5,,14,,,
58,2,AC_72,AC_072,7,9,1,13,10,1.444444444,14.44444444,11/04/2021,04/09/2022,156,,,,5,,10,4,,3,,,,,,
64,2,AC_82,AC_082,7,4,1,10,5,2.5,12.5,11/04/2021,04/09/2022,156,,,,4,,10,,,,,,,,,
64,2,AC_82,AC_082,8,6,1,10,7,1.666666667,11.66666667,11/04/2021,04/09/2022,156,,,,5,,9,1,,1,,,,,,
64,2,AC_82,AC_082,9,1,1,0,2,0,0,11/04/2021,04/09/2022,156,,,,1,,0,,,,,,,,,
40,2,AC_83,AC_083,1,4,0,5,4,1.25,5,11/04/2021,05/03/2022,180,,,,2,,2,2,,3,,,,,,
50,2,AC_94,AC_094,7,14,1,52,15,3.714285714,55.71428571,11/04/2021,04/21/2022,168,,,,6,,26,5,,18,3,,8,,,
49,2,AC_104,AC_104,7,21,1,46,22,2.19047619,48.19047619,11/04/2021,04/09/2022,156,,,,6,,20,9,,18,6,,8,,,
47,2,AC_114,AC_114,6,9,1,25,10,2.777777778,27.77777778,11/04/2021,04/21/2022,168,,,,5,,21,4,,4,,,,,,
68,2,AC_118,AC_118,6,1,1,0,2,0,0,11/04/2021,04/09/2022,156,,,,1,,0,,,,,,,,,
60,2,AC_123,AC_123,1,1,1,5,2,5,10,11/04/2021,04/21/2022,168,,,,1,5,5,,,,,,,,,
45,2,AC_142,AC_142,2,10,4,28,14,2.8,39.2,11/04/2021,05/03/2022,180,,,,4,,7,6,,21,,,,,,
59,2,AC_143,AC_143,7,16,1,33,17,2.0625,35.0625,11/04/2021,04/21/2022,168,,,,4,,11,10,,18,2,,4,,,
63,2,AC_144,AC_144,5,5,0,23,5,4.6,23,11/04/2021,04/09/2022,156,,,,3,,19,2,,4,,,,,,
71,2,AC_148,AC_148,8,5,1,9,6,1.8,10.8,11/04/2021,04/09/2022,156,,,,5,,9,,,,,,,,,
65,2,AC_152,AC_152,5,0,1,0,1,#DIV/0!,#DIV/0!,11/04/2021,04/09/2022,156,,,,,,,,,,,,,,,
37,2,AC_153,AC_153,4,4,0,7,4,1.75,7,11/04/2021,05/03/2022,180,,,,1,,0,3,,7,,,,,,
53,2,AC_158,AC_158,6,39,1,115,40,2.948717949,117.9487179,11/04/2021,04/09/2022,156,,,,9,,50,14,,23,16,,42,,,
69,2,AC_159,AC_159,3,7,3,10,10,1.428571429,14.28571429,11/04/2021,04/09/2022,156,,,,7,,10,,,,,,,,,
52,2,AC_171,AC_171,7,3,1,8,4,2.666666667,10.66666667,11/04/2021,04/21/2022,168,,,,1,,1,2,,7,,,,,,
55,2,AC_172,AC_172,3,7,0,20,7,2.857142857,20,11/04/2021,04/09/2022,156,,,,2,,11,4,,9,1,,0,,,
56,2,AC_178,AC_178,8,6,1,19,7,3.166666667,22.16666667,11/04/2021,04/09/2022,156,,,,3,,14,2,,4,1,,1,1,,0
51,2,AC_182,AC_182,9,14,2,11,16,0.7857142857,12.57142857,11/04/2021,04/21/2022,168,,,,9,,2,4,,8,1,,1,,,
67,2,AC_186,AC_186,8,6,1,25,7,4.166666667,29.16666667,11/04/2021,04/21/2022,168,,,,4,,18,2,,7,,,,,,
70,2,AC_195,AC_195,2,2,0,3,2,1.5,3,11/04/2021,04/21/2022,168,,,,2,,3,,,,,,,,,
57,2,AC_199,AC_199,4,24,7,77,31,3.208333333,99.45833333,11/04/2021,04/09/2022,156,,,,10,,15,12,,59,2,,3,,,
42,2,AC_204,AC_204,1,21,4,29,25,1.380952381,34.52380952,11/04/2021,04/21/2022,168,,,,10,,12,11,,17,,,,,,
42,2,AC_204,AC_204,2,13,1,35,14,2.692307692,37.69230769,11/04/2021,05/03/2022,180,,,,6,,14,7,,21,,,,,,
42,2,AC_204,AC_204,4,17,0,49,17,2.882352941,49,11/04/2021,04/21/2022,168,,,,8,,28,7,,17,2,,4,,,
72,2,AC_206,AC_206,6,3,1,4,4,1.333333333,5.333333333,11/04/2021,04/09/2022,156,,,,3,,4,,,,,,,,,
44,2,AC_211,AC_211,7,13,1,24,14,1.846153846,25.84615385,11/04/2021,04/21/2022,168,,,,6,,8,5,,11,2,,5,,,
43,2,AC_213,AC_213,7,8,3,12,11,1.5,16.5,11/04/2021,05/03/2022,180,,,,6,,8,2,,4,,,,,,
66,2,AC_215,AC_215,1,7,1,8,8,1.142857143,9.142857143,11/04/2021,04/09/2022,156,,,,5,,4,2,,4,,,,,,
103,3,AC_5,AC_005,1,4,0,8,4,2,8,11/04/2021,05/13/2022,190,,,,1,,5,3,,3,,,,,,
76,3,AC_10,AC_010,7,7,0,9,7,1.285714286,9,11/04/2021,,-44504,,,,5,,8,2,,1,,,,,,
82,3,AC_16,AC_016,9,10,0,13,10,1.3,13,11/04/2021,,-44504,,,,6,,7,4,,6,,,,,,
73,3,AC_17,AC_017,3,3,0,6,3,2,6,11/04/2021,,-44504,,,,,,,3,,6,,,,,,
77,3,AC_32,AC_032,7,3,0,5,3,1.666666667,5,11/04/2021,,-44504,,,,2,,4,1,,1,,,,,,
89,3,AC_40,AC_040,2,1,0,0,1,0,0,11/04/2021,,-44504,,,,1,,0,,,,,,,,,
89,3,AC_40,AC_040,4,37,2,87,39,2.351351351,91.7027027,11/04/2021,,-44504,,,,17,,44,12,,28,8,,15,,,
89,3,AC_40,AC_040,8,9,1,14,10,1.555555556,15.55555556,11/04/2021,,-44504,,,,6,,12,2,,1,1,,1,,,
107,3,AC_51,AC_051,6,4,3,10,7,2.5,17.5,11/04/2021,,-44504,,,,4,,10,,,,,,,,,
98,3,AC_64,AC_064,8,17,6,84,23,4.941176471,113.6470588,11/04/2021,,-44504,,,,9,,63,8,,21,,,,,,
81,3,AC_75,AC_075,5,2,0,3,2,1.5,3,11/04/2021,,-44504,,,,2,,3,,,,,,,,,
90,3,AC_81,AC_081,2,20,8,52,28,2.6,72.8,11/04/2021,,-44504,,,,12,,37,7,,14,1,,1,,,
90,3,AC_81,AC_081,1,2,0,7,2,3.5,7,11/04/2021,,-44504,,,,2,,7,,,,,,,,,
90,3,AC_81,AC_081,6,13,0,30,13,2.307692308,30,11/04/2021,,-44504,,,,8,,20,4,,9,1,,1,,,
94,3,AC_90,AC_090,4,7,2,14,9,2,18,11/04/2021,,-44504,,,,5,,9,2,,5,,,,,,
75,3,AC_92,AC_092,1,3,0,3,3,1,3,11/04/2021,,-44504,,,,2,,0,1,,3,,,,,,
91,3,AC_95,AC_095,10,5,1,10,6,2,12,11/04/2021,,-44504,,,,3,,8,2,,2,,,,,,
102,3,AC_99,AC_099,2,5,1,16,6,3.2,19.2,11/04/2021,,-44504,,,,4,,16,1,,0,,,,,,
102,3,AC_99,AC_099,8,3,3,5,6,1.666666667,10,11/04/2021,,-44504,,,,1,,2,2,,3,,,,,,
102,3,AC_99,AC_099,9,4,0,7,4,1.75,7,11/04/2021,,-44504,,,,4,,7,,,,,,,,,
74,3,AC_100,AC_100,5,4,0,10,4,2.5,10,11/04/2021,,-44504,,,,1,,0,3,,10,,,,,,
105,3,AC_111,AC_111,2,7,7,7,14,1,14,11/04/2021,,-44504,,,,7,,7,,,,,,,,,
105,3,AC_111,AC_111,4,0,0,0,0,#DIV/0!,#DIV/0!,11/04/2021,,-44504,,,,,,,,,,,,,,,
105,3,AC_111,AC_111,10,7,7,28,14,4,56,11/04/2021,,-44504,,,,7,,28,,,,,,,,,
80,3,AC_113,AC_113,8,10,0,24,10,2.4,24,11/04/2021,,-44504,,,,6,,20,4,,4,,,,,,
100,3,AC_115,AC_115,6,2,1,3,3,1.5,4.5,11/04/2021,,-44504,,,,1,,1,1,,2,,,,,,
99,3,AC_119,AC_119,6,4,0,15,4,3.75,15,11/04/2021,,-44504,,,,,,,4,,15,,,,,,
92,3,AC_122,AC_122,2,4,0,4,4,1,4,11/04/2021,,-44504,,,,3,,3,1,,1,,,,,,
95,3,AC_133,AC_133,4,0,0,0,0,#DIV/0!,#DIV/0!,11/04/2021,,-44504,,,,,,,,,,,,,,,
86,3,AC_147,AC_147,9,8,2,25,10,3.125,31.25,11/04/2021,,-44504,,,,4,,18,4,,7,,,,,,
93,3,AC_154,AC_154,3,1,1,4,2,4,8,11/04/2021,,-44504,,,,1,,4,,,,,,,,,
96,3,AC_155,AC_155,4,11,0,41,11,3.727272727,41,11/04/2021,,-44504,,,,5,,30,4,,9,2,,2,,,
104,3,AC_160,AC_160,2,11,6,12,17,1.090909091,18.54545455,11/04/2021,,-44504,,,,10,,12,1,,0,,,,,,
83,3,AC_179,AC_179,5,5,0,23,5,4.6,23,11/04/2021,,-44504,,,,4,,21,1,,2,,,,,,
84,3,AC_187,AC_187,2,9,1,17,10,1.888888889,18.88888889,11/04/2021,,-44504,,,,6,,15,3,,2,,,,,,
84,3,AC_187,AC_187,5,26,3,93,29,3.576923077,103.7307692,11/04/2021,,-44504,,,,14,,77,12,,16,,,,,,
84,3,AC_187,AC_187,7,6,0,10,6,1.666666667,10,11/04/2021,,-44504,,,,5,,9,1,,1,,,,,,
85,3,AC_188,AC_188,4,4,0,8,4,2,8,11/04/2021,,-44504,,,,3,,7,1,,1,,,,,,
101,3,AC_192,AC_192,10,0,6,0,6,#DIV/0!,#DIV/0!,11/04/2021,,-44504,,,,,,,,,,,,,,,
78,3,AC_197,AC_197,4,6,1,7,7,1.166666667,8.166666667,11/04/2021,,-44504,,,,4,,5,2,,2,,,,,,
78,3,AC_197,AC_197,9,19,1,40,20,2.105263158,42.10526316,11/04/2021,,-44504,,,,8,,27,8,,13,3,,0,,,
78,3,AC_197,AC_197,10,9,2,22,11,2.444444444,26.88888889,11/04/2021,,-44504,,,,5,,18,4,,4,,,,,,
87,3,AC_201,AC_201,8,6,0,9,6,1.5,9,11/04/2021,,-44504,,,,4,,9,2,,0,,,,,,
79,3,AC_208,AC_208,3,5,3,18,8,3.6,28.8,11/04/2021,,-44504,,,,4,,17,1,,1,,,,,,
79,3,AC_208,AC_208,6,1,0,0,1,0,0,11/04/2021,,-44504,,,,1,,0,,,,,,,,,
79,3,AC_208,AC_208,8,5,2,4,7,0.8,5.6,11/04/2021,,-44504,,,,1,,1,2,,3,2,,0,,,
106,3,AC_212,AC_212,8,5,1,8,6,1.6,9.6,11/04/2021,,-44504,,,,5,,8,,,,,,,,,
88,3,AC_216,AC_216,1,4,1,3,5,0.75,3.75,11/04/2021,,-44504,,,,2,,2,2,,1,,,,,,
88,3,AC_216,AC_216,5,14,2,32,16,2.285714286,36.57142857,11/04/2021,,-44504,,,,6,,19,6,,11,2,,2,,,
88,3,AC_216,AC_216,10,4,0,10,4,2.5,10,11/04/2021,,-44504,,,,1,,2,3,,8,,,,,,
97,3,AC_217,AC_217,5,4,3,13,7,3.25,22.75,11/04/2021,,-44504,,,,4,,13,,,,,,,,,
97,3,AC_217,AC_217,10,7,2,17,9,2.428571429,21.85714286,11/04/2021,,-44504,,,,7,,17,,,,,,,,,
111,4,AC_10,AC_010,7,1,2,0,3,0,0,,,0,,,,1,,0,,,,,,,,,
135,4,AC_14,AC_014,1,5,1,12,6,2.4,14.4,,,0,,,,4,,11,1,,1,,,,,,
114,4,AC_16,AC_016,2,4,4,11,8,2.75,22,,,0,,,,,,,4,,11,,,,,,
109,4,AC_32,AC_032,5,3,5,14,8,4.666666667,37.33333333,,,0,,,,,,,3,,14,,,,,,
125,4,AC_34,AC_034,1,6,1,6,7,1,7,,,0,,,,4,,5,2,,1,,,,,,
125,4,AC_34,AC_034,4,5,12,35,17,7,119,,,0,,,,,,,5,,5,,,,8,,30
125,4,AC_34,AC_034,7,6,5,11,11,1.833333333,20.16666667,,,0,,,,4,,6,2,,5,,,,,,
116,4,AC_40,AC_040,2,7,7,12,14,1.714285714,24,,,0,,,,,,,7,,12,,,,,,
116,4,AC_40,AC_040,7,13,4,30,17,2.307692308,39.23076923,,,0,,,,,,,13,,30,,,,,,
116,4,AC_40,AC_040,8,10,5,14,15,1.4,21,,,0,,,,,,,10,,14,,,,,,
126,4,AC_46,AC_046,8,10,3,14,13,1.4,18.2,,,0,1,,0,4,,11,5,,3,,,,,,
113,4,AC_55,AC_055,1,9,9,14,18,1.555555556,28,,,0,,,,2,,3,7,,11,,,,,,
113,4,AC_55,AC_055,2,16,11,28,27,1.75,47.25,,,0,,,,1,,6,15,,22,,,,,,
113,4,AC_55,AC_055,3,14,11,34,25,2.428571429,60.71428571,,,0,,,,,,,11,,30,3,,4,,,
132,4,AC_58,AC_058,4,25,5,31,30,1.24,37.2,,,0,,,,5,,6,13,,17,7,,8,,,
132,4,AC_58,AC_058,7,35,9,82,44,2.342857143,103.0857143,,,0,,,,15,,27,13,,53,7,,2,,,
132,4,AC_58,AC_058,8,13,2,41,15,3.153846154,47.30769231,,,0,,,,8,,30,5,,11,,,,,,
137,4,AC_70,AC_070,4,3,2,7,5,2.333333333,11.66666667,,,0,,,,3,,7,,,,,,,,,
137,4,AC_70,AC_070,5,9,4,28,13,3.111111111,40.44444444,,,0,,,,4,,20,5,,8,,,,,,
137,4,AC_70,AC_070,7,1,4,0,5,0,0,,,0,,,,,,,1,,0,,,,,,
131,4,AC_72,AC_072,2,14,12,23,26,1.642857143,42.71428571,,,0,,,,10,,15,4,,8,,,,,,
134,4,AC_83,AC_083,3,2,1,5,3,2.5,7.5,,,0,,,,,,,2,,5,,,,,,
118,4,AC_88,AC_088,6,7,6,7,13,1,13,,,0,,,,,,,7,,7,,,,,,
119,4,AC_92,AC_092,2,7,0,5,7,0.7142857143,5,,,0,,,,3,,1,4,,4,,,,,,
133,4,AC_109,AC_109,3,33,10,143,43,4.333333333,186.3333333,,,0,,,,13,,56,20,,87,,,,,,
133,4,AC_109,AC_109,6,23,10,112,33,4.869565217,160.6956522,,,0,,,,14,,84,8,,26,1,,2,,,
124,4,AC_113,AC_113,8,0,0,0,0,#DIV/0!,#DIV/0!,,,0,,,,,,,,,,,,,,,
139,4,AC_115,AC_115,8,,,18,,,,,,,,,,4,,11,5,,7,,,,,,
121,4,AC_118,AC_118,4,16,11,54,27,3.375,91.125,,,0,,,,7,,17,9,,37,,,,,,
108,4,AC_119,AC_119,1,8,0,3,8,0.375,3,,,0,,,,2,,0,6,,3,,,,,,
122,4,AC_130,AC_130,5,,2,21,,,,,,,,,,,,,,,,,,,8,,21
117,4,AC_144,AC_144,4,0,3,0,3,#DIV/0!,#DIV/0!,,,0,,,,,,,,,,,,,,,
123,4,AC_148,AC_148,5,14,3,33,17,2.357142857,40.07142857,,,0,,,,5, ,23,6,,7,3,,3,,,
128,4,AC_151,AC_151,5,4,3,6,7,1.5,10.5,,,0,,,,2,,2,2,,4,,,,,,
140,4,AC_152,AC_152,7,2,0,3,2,1.5,3,,,0,,,,,,,,,,2,,3,,,
136,4,AC_154,AC_154,6,13,0,32,13,2.461538462,32,,,0,,,,6,,20,7,,12,,,,,,
141,4,AC_158,AC_158,5,7,1,9,8,1.285714286,10.28571429,,,0,,,,6,,8,1,,1,,,,,,
138,4,AC_171,AC_171,1,0,3,0,3,#DIV/0!,#DIV/0!,,,0,,,,,,,,,,,,,,,
143,4,AC_178,AC_178,3,9,5,20,14,2.222222222,31.11111111,,,0,1,,0,7,,16,1,,4,,,,,,
127,4,AC_179,AC_179,2,3,4,7,7,2.333333333,16.33333333,,,0,,,,3,,7,,,,,,,,,
115,4,AC_182,AC_182,4,5,2,7,7,1.4,9.8,,,0,,,,,,,5,,7,,,,,,
112,4,AC_185,AC_185,4,8,0,13,8,1.625,13,,,0,,,,1,,2,5,,8,2,,3,,,
130,4,AC_197,AC_197,3,30,14,175,44,5.833333333,256.6666667,,,0,,,,9,,49,21,,126,,,,,,
130,4,AC_197,AC_197,6,7,1,22,8,3.142857143,25.14285714,,,0,,,,4,,15,3,,7,,,,,,
130,4,AC_197,AC_197,7,15,10,78,25,5.2,130,,,0,,,,7,,33,8,,45,,,,,,
142,4,AC_203,AC_203,9,0,0,0,0,#DIV/0!,#DIV/0!,,,0,,,,,,,,,,,,,,,
120,4,AC_204,AC_204,3,5,14,38,19,7.6,144.4,,,0,,,,5,,38,,,,,,,,,
120,4,AC_204,AC_204,5,5,9,17,14,3.4,47.6,,,0,,,,5,,17,,,,,,,,,
120,4,AC_204,AC_204,6,12,7,31,19,2.583333333,49.08333333,,,0,,,,6,,20,6,,11,,,,,,
110,4,AC_206,AC_206,2,4,1,6,5,1.5,7.5,,,0,,,,,,,4,,6,,,,,,
129,4,AC_215,AC_215,2,17,5,24,22,1.411764706,31.05882353,,,0,,,,9,,10,8,,14,,,,,,
147,5,AC_5,AC_005,9,0,1,0,1,#DIV/0!,#DIV/0!,,,0,,,,,,,,,,,,,,,
164,5,AC_17,AC_017,3,4,1,10,5,2.5,12.5,,,0,,,,3,,9,1,,1,,,,,,
155,5,AC_48,AC_048,2,20,0,30,20,1.5,30,,,0,,,,6,,9,10,,18,4,,3,,,
174,5,AC_54,AC_054,6,23,2,52,25,2.260869565,56.52173913,,,0,,,,10,,24,12,,28,1,,0,,,
149,5,AC_56,AC_056,6,8,0,19,8,2.375,19,,,0,,,,5,,17,3,,2,,,,,,
146,5,AC_62,AC_062,1,7,1,5,8,0.7142857143,5.714285714,,,0,,,,4,,4,3,,1,,,,,,
156,5,AC_64,AC_064,8,17,1,33,18,1.941176471,34.94117647,,,0,,,,8,,23,7,,7,2,,3,,,
158,5,AC_82,AC_082,6,4,1,10,5,2.5,12.5,,,0,,,,3,,9,1,,1,,,,,,
158,5,AC_82,AC_082,1,2,11,4,13,2,26,,,0,,,,,,,2,,4,,,,,,
158,5,AC_82,AC_082,10,14,8,46,22,3.285714286,72.28571429,,,0,,,,,,,14,,46,,,,,,
169,5,AC_86,AC_086,4,3,0,7,3,2.333333333,7,,,0,,,,1,,5,2,,2,,,,,,
159,5,AC_89,AC_089,6,3,0,2,3,0.6666666667,2,,,0,,,,3,,2,,,,,,,,,
151,5,AC_90,AC_090,3,12,4,28,16,2.333333333,37.33333333,,,0,,,,6,,19,6,,9,,,,,,
175,5,AC_96,AC_096,1,2,0,5,2,2.5,5,,,0,,,,2,,5,,,,,,,,,
161,5,AC_97,AC_097,4,8,0,35,8,4.375,35,,,0,,,,4,,17,4,,18,,,,,,
161,5,AC_97,AC_097,8,4,2,15,6,3.75,22.5,,,0,,,,2,,10,2,,5,,,,,,
161,5,AC_97,AC_097,9,12,1,27,13,2.25,29.25,,,0,,,,8,,23,3,,3,1,,1,,,
179,5,AC_100,AC_100,9,13,2,22,15,1.692307692,25.38461538,,,0,,,,8,,18,5,,4,,,,,,
148,5,AC_110,AC_110,5,7,2,26,9,3.714285714,33.42857143,,,0,,,,3,,14,4,,12,,,,,,
177,5,AC_111,AC_111,8,9,3,21,12,2.333333333,28,,,0,,,,6,,15,2,,5,1,,1,,,
177,5,AC_111,AC_111,9,2,3,4,5,2,10,,,0,,,,2,,4,,,,,,,,,
177,5,AC_111,AC_111,10,2,0,6,2,3,6,,,0,,,,1,,0,1,,6,,,,,,
165,5,AC_122,AC_122,6,1,4,0,5,0,0,,,0,,,,1,,0,,,,,,,,,
170,5,AC_123,AC_123,10,3,2,13,5,4.333333333,21.66666667,,,0,,,,1,,4,2,,9,,,,,,
163,5,AC_128,AC_128,1,11,3,27,14,2.454545455,34.36363636,,,0,,,,8,,19,3,,8,,,,,,
144,5,AC_131,AC_131,3,9,3,9,12,1,12,,,0,,,,2,,0,5,,8,2,,1,,,
173,5,AC_136,AC_136,3,8,2,10,10,1.25,12.5,,,0,,,,6,,8,2,,2,,,,,,
153,5,AC_143,AC_143,8,5,0,2,5,0.4,2,,,0,,,,4,,2,1,,0,,,,,,
167,5,AC_147,AC_147,7,18,2,71,20,3.944444444,78.88888889,,,0,,,,11,,58,6,,12,1,,1,,,
150,5,AC_155,AC_155,9,12,0,16,12,1.333333333,16,,,0,,,,7,,13,4,,2,1,,1,,,
154,5,AC_159,AC_159,1,0,1,0,1,#DIV/0!,#DIV/0!,,,0,,,,,,,,,,,,,,,
171,5,AC_172,AC_172,7,16,4,26,20,1.625,32.5,,,0,,,,9,,20,7,,6,,,,,,
157,5,AC_186,AC_186,6,5,1,9,6,1.8,10.8,,,0,,,,3,,7,2,,2,,,,,,
176,5,AC_192,AC_192,2,3,0,3,3,1,3,,,0,,,,3,,3,,,,,,,,,
172,5,AC_200,AC_200,6,7,1,15,8,2.142857143,17.14285714,,,0,,,,6,,15,1,,0,,,,,,
160,5,AC_201,AC_201,2,4,0,7,4,1.75,7,,,0,,,,4,,7,,,,,,,,,
152,5,AC_211,AC_211,10,6,0,15,6,2.5,15,,,0,,,,2,,7,4,,8,,,,,,
168,5,AC_212,AC_212,9,1,1,0,2,0,0,,,0,,,,1,,0,,,,,,,,,
162,5,AC_213,AC_213,4,12,1,12,13,1,13,,,0,,,,7,,9,5,,3,,,,,,
145,5,AC_216,AC_216,4,24,2,12,26,0.5,13,,,0,,,,5,,1,16,,8,3,,3,,,
145,5,AC_216,AC_216,5,25,0,34,25,1.36,34,,,0,,,,6,,2,11,,19,8,,13,,,
145,5,AC_216,AC_216,6,21,0,29,21,1.380952381,29,,,0,,,,4,,2,11,,21,6,,6,,,
166,5,AC_217,AC_217,2,26,3,86,29,3.307692308,95.92307692,,,0,,,,14,,47,12,,39,,,,,,
166,5,AC_217,AC_217,8,11,3,32,14,2.909090909,40.72727273,,,0,,,,7,,24,4,,8,,,,,,
166,5,AC_217,AC_217,10,31,7,85,38,2.741935484,104.1935484,,,0,,,,13,,49,15,,33,3,,3,,,
178,5,AC_218,AC_218,4,7,11,19,18,2.714285714,48.85714286,,,0,,,,,,,7,,19,,,,,,
178,5,AC_218,AC_218,5,6,25,29,31,4.833333333,149.8333333,,,0,,,,,,,6,,29,,,,,,
178,5,AC_218,AC_218,6,2,3,12,5,6,30,,,0,,,,2,,12,,,,,,,,,
214,6,AC_11,AC_011,6,13,3,20,16,1.538461538,24.61538462,,,0,,,,11,,15,1,,2,1,,3,,,
190,6,AC_15,AC_015,4,3,0,6,3,2,6,,,0,,,,2,,4,1,,2,,,,,,
213,6,AC_30,AC_030,10,2,1,2,3,1,3,,,0,,,,2,,2,,,,,,,,,
191,6,AC_38,AC_038,5,9,11,9,20,1,20,,,0,,,,4,,6,5,,3,,,,,,
194,6,AC_51,AC_051,3,1,1,1,2,1,2,,,0,,,,1,,1,,,,,,,,,
180,6,AC_52,AC_052,6,0,0,0,0,#DIV/0!,#DIV/0!,,,0,,,,,,,,,,,,,,,
206,6,AC_57,AC_057,5,23,3,55,26,2.391304348,62.17391304,,,0,,,,16,,46,7,,9,,,,,,
196,6,AC_66,AC_066,6,0,0,0,0,#DIV/0!,#DIV/0!,,,0,,,,,,,,,,,,,,,
205,6,AC_68,AC_068,8,24,4,94,28,3.916666667,109.6666667,,,0,2,,6,15,,74,7,,14,,,,,,
200,6,AC_74,AC_074,7,3,1,9,4,3,12,,,0,,,,3,,9,,,,,,,,,
199,6,AC_75,AC_075,3,4,0,5,4,1.25,5,,,0,1,,0,3,,5,,,,,,,,,
193,6,AC_81,AC_081,2,4,2,16,6,4,24,,,0,,,,3,,14,1,,2,,,,,,
193,6,AC_81,AC_081,7,17,10,52,27,3.058823529,82.58823529,,,0,,,,8,,14,9,,38,,,,,,
193,6,AC_81,AC_081,8,5,0,17,5,3.4,17,,,0,,,,5,,17,,,,,,,,,
181,6,AC_94,AC_094,5,3,0,3,3,1,3,,,0,,,,1,,0,2,,3,,,,,,
185,6,AC_95,AC_095,6,6,5,8,11,1.333333333,14.66666667,,,0,,,,5,,6,1,,2,,,,,,
202,6,AC_99,AC_099,10,8,11,11,19,1.375,26.125,,,0,,,,8,,11,,,,,,,,,
202,6,AC_99,AC_099,5,6,1,55,7,9.166666667,64.16666667,,,0,,,,6,,55,,,,,,,,,
209,6,AC_104,AC_104,10,13,3,81,16,6.230769231,99.69230769,,,0,2,,16,8,,56,3,,9,,,,,,
203,6,AC_107,AC_107,8,29,7,93,36,3.206896552,115.4482759,,,0,,,,16,,57,13,,36,,,,,,
208,6,AC_114,AC_114,9,24,2,104,26,4.333333333,112.6666667,,,0,2,,11,17,,82,5,,11,,,,,,
182,6,AC_120,AC_120,4,1,1,0,2,0,0,,,0,,,,1,,0,,,,,,,,,
201,6,AC_133,AC_133,3,5,0,6,5,1.2,6,,,0,,,,3,,4,2,,2,,,,,,
189,6,AC_142,AC_142,2,1,0,0,1,0,0,,,0,,,,1,,0,,,,,,,,,
211,6,AC_153,AC_153,7,16,2,64,18,4,72,,,0,2,,13,9,,38,5,,13,,,,,,
207,6,AC_160,AC_160,2,32,5,97,37,3.03125,112.15625,,,0,3,,7,20,,74,8,,14,1,,2,,,
192,6,AC_168,AC_168,3,3,1,4,4,1.333333333,5.333333333,,,0,,,,2,,3,1,,1,,,,,,
197,6,AC_181,AC_181,4,3,0,3,3,1,3,,,0,,,,2,,2,1,,1,,,,,,
212,6,AC_187,AC_187,2,26,0,160,26,6.153846154,160,,,0,,,,19,,135,7,,25,,,,,,
212,6,AC_187,AC_187,5,13,5,64,18,4.923076923,88.61538462,,,0,,,,12,,63,,,,1,,1,,,
212,6,AC_187,AC_187,8,11,0,39,11,3.545454545,39,,,0,1,,4,8,,30,1,,3,1,,2,,,
204,6,AC_188,AC_188,4,6,1,10,7,1.666666667,11.66666667,,,0,,,,4,,8,2,,2,,,,,,
186,6,AC_189,AC_189,4,8,1,13,9,1.625,14.625,,,0,,,,4,,8,4,,5,,,,,,
186,6,AC_189,AC_189,5,3,0,12,3,4,12,,,0,,,,3,,12,,,,,,,,,
186,6,AC_189,AC_189,10,8,1,43,9,5.375,48.375,,,0,,,,8,,43,,,,,,,,,
183,6,AC_190,AC_190,3,3,2,9,5,3,15,,,0,,,,2,,7,1,,2,,,,,,
183,6,AC_190,AC_190,7,9,0,28,9,3.111111111,28,,,0,,,,3,,12,6,,16,,,,,,
183,6,AC_190,AC_190,9,5,0,10,5,2,10,,,0,,,,3,,6,2, ,4,,,,,,
210,6,AC_191,AC_191,7,2,0,4,2,2,4,,,0,,,,1,,4,1,,0,,,,,,
198,6,AC_193,AC_193,8,2,0,10,2,5,10,,,0,,,,2,,10,,,,,,,,,
188,6,AC_195,AC_195,1,12,4,43,16,3.583333333,57.33333333,,,0,,,,7,,27,5, ,16,,,,,,
187,6,AC_199,AC_199,5,22,8,69,30,3.136363636,94.09090909,,,0,,,,12,,43,10,,26,,,,,,
195,6,AC_205,AC_205,5,10,1,14,11,1.4,15.4,,,0,,,,7,,11,3,,3,,,,,,
184,6,AC_208,AC_208,1,2,1,9,3,4.5,13.5,,,0,,,,1,,5,1,,4,,,,,,
184,6,AC_208,AC_208,4,6,0,11,6,1.833333333,11,,,0,,,,3,,5,3,,6,,,,,,
184,6,AC_208,AC_208,8,3,0,4,3,1.333333333,4,,,0,,,,3,,4,,,,,,,,,
228,7,AC_17,AC_017,6,23,0,56,23,2.434782609,56,,,0,,,,13,,39,10,,17,,,,,,
232,7,AC_32,AC_032,6,4,0,7,4,1.75,7,,,0,,,,3,,7,1,,0,,,,,,
243,7,AC_38,AC_038,1,11,2,22,13,2,26,,,0,2,,4,7,,15,2,,3,,,,,,
241,7,AC_40,AC_040,1,7,1,26,8,3.714285714,29.71428571,,,0,,,,7,,26,,,,,,,,,
241,7,AC_40,AC_040,4,0,10,0,10,#DIV/0!,#DIV/0!,,,0,,,,,,,,,,,,,,,
241,7,AC_40,AC_040,7,6,15,13,21,2.166666667,45.5,,,0,2,,4,,,,4,,9,,,,,,
239,7,AC_46,AC_046,8,9,1,9,10,1,10,,,0,,,,6,,6,3,,3,,,,,,
231,7,AC_48,AC_048,1,3,0,11,3,3.666666667,11,,,0,,,,3,,11,,,,,,,,,
233,7,AC_54,AC_054,7,0,2,0,2,#DIV/0!,#DIV/0!,,,0,,,,,,,,,,,,,,,
218,7,AC_58,AC_058,3,9,0,22,9,2.444444444,22,,,0,,,,7,,14,,,,2,,4,2,,4
218,7,AC_58,AC_058,5,14,5,32,19,2.285714286,43.42857143,,,0,,,,8,,24,6,,8,,,,,,
218,7,AC_58,AC_058,9,2,1,5,3,2.5,7.5,,,0,,,,2,,5,,,,,,,,,
237,7,AC_62,AC_062,4,16,6,34,22,2.125,46.75,,,0,5,,5,7,,19,4,,10,,,,,,
238,7,AC_68,AC_068,8,7,1,23,8,3.285714286,26.28571429,,,0,,,,7,,23,,,,,,,,,
246,7,AC_72,AC_072,6,6,0,22,6,3.666666667,22,,,0,,,,6,,22,,,,,,,,,
217,7,AC_74,AC_074,2,5,0,7,5,1.4,7,,,0,,,,3,,4,2,,3,,,,,,
216,7,AC_81,AC_081,3,15,3,42,18,2.8,50.4,,,0,,,,5,,26,10,,16,,,,,,
216,7,AC_81,AC_081,6,29,5,78,34,2.689655172,91.44827586,,,0,,,,8,,11,15,,52,6,,15,,,
216,7,AC_81,AC_081,8,16,2,32,18,2,36,,,0,,,,9,,23,7,,9,,,,,,
225,7,AC_94,AC_094,2,4,0,2,4,0.5,2,,,0,,,,2,,1,2,,1,,,,,,
245,7,AC_97,AC_097,1,7,0,16,7,2.285714286,16,,,0,,,,5,,15,2,,1,,,,,,
245,7,AC_97,AC_097,7,11,1,30,12,2.727272727,32.72727273,,,0,2,,12,9,,18,,,,,,,,,
245,7,AC_97,AC_097,10,24,3,62,27,2.583333333,69.75,,,0,13, ,15,9,,31,2,,16,,,,,,
219,7,AC_100,AC_100,9,9,0,10,9,1.111111111,10,,,0,,,,5,,5,4,,5,,,,,,
244,7,AC_104,AC_104,8,7,0,9,7,1.285714286,9,,,0,1,,1,6,,8,,,,,,,,,
220,7,AC_107,AC_107,6,12,2,16,14,1.333333333,18.66666667,,,0,,,,7,,6,5,,10,,,,,,
223,7,AC_111,AC_111,1,3,0,12,3,4,12,,,0,,,,3,,12,,,,,,,,,
223,7,AC_111,AC_111,5,9,1,36,10,4,40,,,0,,,,5,,29,4,,7,,,,,,
223,7,AC_111,AC_111,7,7,1,24,8,3.428571429,27.42857143,,,0,,,,4,,12,3,,12,,,,,,
248,7,AC_113,AC_113,8,2,1,2,3,1,3,,,0,,,,2,,2,,,,,,,,,
230,7,AC_120,AC_120,7,14,1,18,15,1.285714286,19.28571429,,,0,,,,11,,15,3,,3,,,,,,
236,7,AC_122,AC_122,3,3,2,7,5,2.333333333,11.66666667,,,0,,,,3,,7,,,,,,,,,
221,7,AC_128,AC_128,3,11,0,13,11,1.181818182,13,,,0,,,,7,,8,4,,5,,,,,,
234,7,AC_130,AC_130,7,5,0,13,5,2.6,13,,,0,,,,5,,13,,,,,,,,,
240,7,AC_143,AC_143,4,1,0,2,1,2,2,,,0,,,,1,,2,,,,,,,,,
224,7,AC_160,AC_160,8,17,9,32,26,1.882352941,48.94117647,,,0,,,,10,,21,7,,11,,,,,,
226,7,AC_171,AC_171,10,11,1,22,12,2,24,,,0,,,,11,,14,,,,,,,5,,8
249,7,AC_172,AC_172,3,5,3,18,8,3.6,28.8,,,0,,,,5,,18,,,,,,,,,
247,7,AC_178,AC_178,4,1,1,2,2,2,4,,,0,,,,1,,2,,,,,,,,,
215,7,AC_186,AC_186,9,3,1,12,4,4,16,,,0,,,,,,,3,,12,,,,,,
250,7,AC_190,AC_190,1,0,4,0,4,#DIV/0!,#DIV/0!,,,0,,,,,,,,,,,,,,,
250,7,AC_190,AC_190,4,23,4,128,27,5.565217391,150.2608696,,,0,4,,23,17,,104,2,,1,,,,,,
250,7,AC_190,AC_190,8,2,2,10,4,5,20,,,0,2,,10,,,,,,,,,,,,
242,7,AC_193,AC_193,5,7,0,5,7,0.7142857143,5,,,0,,,,7,,5,,,,,,,,,
222,7,AC_201,AC_201,8,8,0,9,8,1.125,9,,,0,,,,4,,6,4,,3,,,,,,
235,7,AC_203,AC_203,5,3,0,8,3,2.666666667,8,,,0,,,,3,,8,,,,,,,,,
227,7,AC_215,AC_215,2,16,1,26,17,1.625,27.625,,,0,,,,12,,24,4,,2,,,,,,
229,7,AC_217,AC_217,2,8,0,14,8,1.75,14,,,0,,,,5,,9,3,,5,,,,,,
229,7,AC_217,AC_217,9,14,1,32,15,2.285714286,34.28571429,,,0,,,,8,,22,5,,9,1,,1,,,
229,7,AC_217,AC_217,10,6,0,6,6,1,6,,,0,,,,5,,6,1,,0,,,,,,
257,8,AC_5,AC_005,6,7,0,6,7,0.8571428571,6,,,0,,,,5,,3,2,,3,,,,,,
275,8,AC_10,AC_010,8,2,0,0,2,0,0,,,0,2,,0,,,,,,,,,,,,
286,8,AC_14,AC_014,5,12,2,31,14,2.583333333,36.16666667,,,0,,,,4,,18,4,,8,4,,5,,,
276,8,AC_15,AC_015,3,5,1,7,6,1.4,8.4,,,0,,,,5,,7,,,,,,,,,
274,8,AC_16,AC_016,6,6,0,8,6,1.333333333,8,,,0,,,,2,,3,4,,5,,,,,,
262,8,AC_51,AC_051,7,0,0,0,0,#DIV/0!,#DIV/0!,,,0,,,,,,,,,,,,,,,
258,8,AC_52,AC_052,9,6,0,5,6,0.8333333333,5,,,0,1,,0,3,,3,2,,2,,,,,,
251,8,AC_56,AC_056,6,7,2,4,9,0.5714285714,5.142857143,,,0,,,,4,,1,3,,3,,,,,,
267,8,AC_66,AC_066,1,3,0,1,3,0.3333333333,1,,,0,,,,3,,1,,,,,,,,,
269,8,AC_70,AC_070,2,4,1,4,5,1,5,,,0,,,,4,,4,,,,,,,,,
269,8,AC_70,AC_070,4,4,1,9,5,2.25,11.25,,,0,,,,4,,9,,,,,,,,,
269,8,AC_70,AC_070,5,5,2,4,7,0.8,5.6,,,0,,,,5,,4,,,,,,,,,
263,8,AC_82,AC_082,6,3,2,2,5,0.6666666667,3.333333333,,,0,,,,3,,2,,,,,,,,,
263,8,AC_82,AC_082,7,4,0,10,4,2.5,10,,,0,,,,4,,10,,,,,,,,,
263,8,AC_82,AC_082,8,3,0,2,3,0.6666666667,2,,,0,,,,3,,2,,,,,,,,,
278,8,AC_86,AC_086,1,4,2,11,6,2.75,16.5,,,0,1,,1,3,,10,,,,,,,,,
264,8,AC_88,AC_088,2,6,1,9,7,1.5,10.5,,,0,,,,6,,9,,,,,,,,,
255,8,AC_92,AC_092,2,9,1,4,10,0.4444444444,4.444444444,,,0,,,,5,,2,4,,2,,,,,,
253,8,AC_114,AC_114,8,13,0,6,13,0.4615384615,6,,,0,,,,6,,6,7,,0,,,,,,
277,8,AC_131,AC_131,7,41,3,131,44,3.195121951,140.5853659,,,0,2,,7,18,,77,13,,33,8,,14,,,
260,8,AC_133,AC_133,3,7,0,5,7,0.7142857143,5,,,0,,,,6,,4,1,,1,,,,,,
266,8,AC_136,AC_136,3,3,0,3,3,1,3,,,0,,,,3,,3,,,,,,,,,
281,8,AC_144,AC_144,2,0,1,0,1,#DIV/0!,#DIV/0!,,,0,,,,,,,,,,,,,,,
259,8,AC_148,AC_148,5,0,0,0,0,#DIV/0!,#DIV/0!,,,0,,,,,,,,,,,,,,,
270,8,AC_154,AC_154,10,7,1,8,8,1.142857143,9.142857143,,,0,1,,0,4,,6,2,,2,,,,,,
261,8,AC_158,AC_158,5,6,0,6,6,1,6,,,0,,,,4,,3,2,,3,,,,,,
279,8,AC_159,AC_159,7,8,12,37,20,4.625,92.5,,,0,,,,8,,37,,,,,,,,,
256,8,AC_179,AC_179,1,10,0,14,10,1.4,14,,,0,,,,8,,13,2,,1,,,,,,
252,8,AC_181,AC_181,10,8,1,8,9,1,9,,,0,,,,4,,6,3,,2,1,,0,,,
284,8,AC_182,AC_182,3,1,1,5,2,5,10,,,0,,,,1,,5,,,,,,,,,
283,8,AC_185,AC_185,6,12,2,82,14,6.833333333,95.66666667,,,0,3,,20,8,,62,1,,0,,,,,,
268,8,AC_191,AC_191,NA,0,0,0,0,#DIV/0!,#DIV/0!,,,0,,,,,,,,,,,,,,,
273,8,AC_192,AC_192,1,2,1,7,3,3.5,10.5,,,0,,,,2,,7,,,,,,,,,
265,8,AC_195,AC_195,5,2,0,5,2,2.5,5,,,0,,,,2,,5,,,,,,,,,
285,8,AC_199,AC_199,4,5,0,9,5,1.8,9,,,0,1,,0,3,,9,,,,1,,0,,,
282,8,AC_200,AC_200,7,7,0,24,7,3.428571429,24,,,0,3,,9,4,,15,,,,,,,,,
271,8,AC_206,AC_206,7,3,0,0,3,0,0,,,0,1,,0,2,,0,,,,,,,,,
272,8,AC_208,AC_208,2,5,0,3,5,0.6,3,,,0,,,,4,,3,1,,0,,,,,,
272,8,AC_208,AC_208,6,1,1,2,2,2,4,,,0,,,,1,,2,,,,,,,,,
254,8,AC_211,AC_211,7,6,0,8,6,1.333333333,8,,,0,,,,3,,2,3,,6,,,,,,
280,8,AC_213,AC_213,4,6,3,15,9,2.5,22.5,,,0,,,,6,,15,,,,,,,,,
301,9,AC_11,AC_011,2,5,0,8,5,1.6,8,,,0,,,,3,,5,2,,3,,,,,,
320,9,AC_30,AC_030,9,2,1,3,3,1.5,4.5,,,0,1,,1,1,,2,,,,,,,,,
310,9,AC_34,AC_034,3,15,4,41,19,2.733333333,51.93333333,,,0,2,,0,8,,20,5,,21,,,,,,
310,9,AC_34,AC_034,7,13,0,32,13,2.461538462,32,,,0,1,,2,8,,18,4,,12,,,,,,
310,9,AC_34,AC_034,9,2,2,6,4,3,12,,,0,,,,2,,6,,,,,,,,,
316,9,AC_55,AC_055,3,11,1,34,12,3.090909091,37.09090909,,,0,3,,3,8,,31,,,,,,,,,
316,9,AC_55,AC_055,5,11,0,42,11,3.818181818,42,,,0,5,,27,5,,13,1,,2,,,,,,
316,9,AC_55,AC_055,6,4,1,6,5,1.5,7.5,,,0,1,,2,3,,4,,,,,,,,,
307,9,AC_57,AC_057,NA,0,0,0,0,#DIV/0!,#DIV/0!,,,0,,,,,,,,,,,,,,,
300,9,AC_64,AC_064,2,3,0,7,3,2.333333333,7,,,0,,,,3,,7,,,,,,,,,
299,9,AC_75,AC_075,6,6,0,6,6,1,6,,,0,2,,0,4,,6,,,,,,,,,
309,9,AC_83,AC_083,7,1,0,1,1,1,1,,,0,,,,1,,1,,,,,,,,,
315,9,AC_89,AC_089,2,5,0,22,5,4.4,22,,,0,3,,9,2,,13,,,,,,,,,
287,9,AC_90,AC_090,10,3,0,0,3,0,0,,,0,,,,1,,0,2,,0,,,,,,
308,9,AC_95,AC_095,10,13,2,9,15,0.6923076923,10.38461538,,,0,3,,0,7,,7,3,,2,,,,,,
305,9,AC_96,AC_096,10,5,0,4,5,0.8,4,,,0,,,,4,,3,1,,1,,,,,,
294,9,AC_99,AC_099,3,2,0,7,2,3.5,7,,,0,,,,2,,7,,,,,,,,,
294,9,AC_99,AC_099,6,3,0,7,3,2.333333333,7,,,0,,,,3,,7,,,,,,,,,
294,9,AC_99,AC_099,7,5,0,16,5,3.2,16,,,0,,,,3,,13,2,,3,,,,,,
297,9,AC_109,AC_109,5,10,0,16,10,1.6,16,,,0,3,,5,5,,9,2,,2,,,,,,
297,9,AC_109,AC_109,1,4,0,8,4,2,8,,,0,,,,4,,8,,,,,,,,,
297,9,AC_109,AC_109,8,10,1,31,11,3.1,34.1,,,0,,,,5,,14,5,,17,,,,,,
317,9,AC_110,AC_110,10,13,1,67,14,5.153846154,72.15384615,,,0,3,,10,7,,57,3,,0,,,,,,
313,9,AC_115,AC_115,1,15,0,42,15,2.8,42,,,0,6,,7,9,,32,,,,,,,2,,3
293,9,AC_118,AC_118,2,6,0,11,6,1.833333333,11,,,0,,,,3,,8,3,,3,,,,,,
298,9,AC_119,AC_119,6,10,0,16,10,1.6,16,,,0,,,,5,,9,5,,7,,,,,,
314,9,AC_123,AC_123,10,5,0,8,5,1.6,8,,,0,2,,0,3,,8,,,,,,,,,
321,9,AC_142,AC_142,10,1,1,2,2,2,4,,,0,,,,1,,2,,,,,,,,,
295,9,AC_147,AC_147,4,7,0,16,7,2.285714286,16,,,0,,,,6,,16,1,,0,,,,,,
296,9,AC_151,AC_151,1,2,0,2,2,1,2,,,0,,,,2,,2,,,,,,,,,
302,9,AC_152,AC_152,6,0,1,0,1,#DIV/0!,#DIV/0!,,,0,,,,,,,,,,,,,,,
292,9,AC_153,AC_153,9,6,1,12,7,2,14,,,0,,,,3,,11,3,,1,,,,,,
312,9,AC_155,AC_155,5,15,1,73,16,4.866666667,77.86666667,,,0,2,,0,13,,73,.,,,,,,,,
306,9,AC_168,AC_168,9,2,0,0,2,0,0,,,0,1,,0,1,,0,,,,,,,,,
303,9,AC_187,AC_187,6,6,0,11,6,1.833333333,11,,,0,1,,0,5,,4,,,,,,,4,,7
303,9,AC_187,AC_187,2,4,0,6,4,1.5,6,,,0,,,,4,,6,,,,,,,,,
303,9,AC_187,AC_187,3,2,0,1,2,0.5,1,,,0,,,,2,,1,,,,,,,,,
288,9,AC_188,AC_188,7,3,0,0,3,0,0,,,0,,,,1,,0,2,,0,,,,,,
290,9,AC_189,AC_189,2,10,1,9,11,0.9,9.9,,,0,,,,6,,3,4,,6,,,,,,
290,9,AC_189,AC_189,4,6,0,20,6,3.333333333,20,,,0,,,,3,,16,3,,4,,,,,,
290,9,AC_189,AC_189,9,4,0,7,4,1.75,7,,,0,,,,4,,7,,,,,,,,,
319,9,AC_197,AC_197,5,6,0,10,6,1.666666667,10,,,0,1,,0,5,,10,,,,,,,,,
319,9,AC_197,AC_197,8,6,12,13,18,2.166666667,39,,,0,3,,9,,,,3,,4,,,,,,
319,9,AC_197,AC_197,10,0,6,0,6,#DIV/0!,#DIV/0!,,,0,,,,,,,,,,,,,,,
304,9,AC_204,AC_204,3,8,1,16,9,2,18,,,0,,,,8,,15,,,,,,,1,,1
304,9,AC_204,AC_204,6,9,1,19,10,2.111111111,21.11111111,,,0,,,,7,,17,2,,2,,,,,,
304,9,AC_204,AC_204,10,1,1,4,2,4,8,,,0,,,,1,,4,,,,,,,,,
289,9,AC_205,AC_205,1,10,1,21,11,2.1,23.1,,,0,,,,5,,4,5,,17,,,,,,
291,9,AC_212,AC_212,10,4,0,8,4,2,8,,,0,,,,2,,7,2,,1,,,,,,
318,9,AC_216,AC_216,3,5,1,10,6,2,12,,,0,2,,5,3,,5,,,,,,,,,
318,9,AC_216,AC_216,8,6,1,16,7,2.666666667,18.66666667,,,0,2,,5,4,,11,,,,,,,,,
311,9,AC_218,AC_218,2,6,0,11,6,1.833333333,11,,,0,,,,6,,11,,,,,,,,,
311,9,AC_218,AC_218,8,1,0,3,1,3,3,,,0,,,,1,,3,,,,,,,,,
311,9,AC_218,AC_218,10,8,0,17,8,2.125,17,,,0,2,,3,6,,14,,,,,,,,,
322,W1,AC_34,AC_034,1,8,0,11,8,1.375,11,,,0,,,,2,,2,6,,9,,,,,,
322,W1,AC_34,AC_034,2,10,2,31,12,3.1,37.2,,,0,,,,2,,0,8,,31,,,,,,
322,W1,AC_34,AC_034,6,9,1,12,10,1.333333333,13.33333333,,,0,,,,3,,2,6,,10,,,,,,
332,W1,AC_40,AC_040,4,9,1,19,10,2.111111111,21.11111111,,,0,,,,7,,15,2,,4,,,,,,
332,W1,AC_40,AC_040,6,3,1,8,4,2.666666667,10.66666667,,,0,,,,3,,8,,,,,,,,,
329,W1,AC_55,AC_055,1,6,0,11,6,1.833333333,11,,,0,,,,4,,8,2,,3,,,,,,
329,W1,AC_55,AC_055,4,2,0,1,2,0.5,1,,,0,,,,2,,1,,,,,,,,,
329,W1,AC_55,AC_055,8,1,3,6,4,6,24,,,0,,,,1,,6,,,,,,,,,
339,W1,AC_58,AC_058,3,3,4,6,7,2,14,,,0,,,,2,,5,1,,1,,,,,,
339,W1,AC_58,AC_058,6,1,2,4,3,4,12,,,0,,,,1,,4,,,,,,,,,
339,W1,AC_58,AC_058,7,0,3,0,3,#DIV/0!,#DIV/0!,,,0,,,,,,,,,,,,,,,
337,W1,AC_70,AC_070,4,3,0,2,3,0.6666666667,2,,,0,,,,3,,2,,,,,,,,,
337,W1,AC_70,AC_070,6,1,0,4,1,4,4,,,0,,,,1,,4,,,,,,,,,
323,W1,AC_81,AC_081,2,19,4,31,23,1.631578947,37.52631579,,,0,,,,6,,6,13,,25,,,,,,
323,W1,AC_81,AC_081,5,7,0,9,7,1.285714286,9,,,0,,,,2,,2,4,,6,1,,1,,,
323,W1,AC_81,AC_081,8,15,3,42,18,2.8,50.4,,,0,,,,5,,7,10,,35,,,,,,
331,W1,AC_82,AC_082,2,3,0,7,3,2.333333333,7,,,0,,,,3,,7,,,,,,,,,
331,W1,AC_82,AC_082,3,3,1,8,4,2.666666667,10.66666667,,,0,,,,3,,8,,,,,,,,,
331,W1,AC_82,AC_082,6,1,1,3,2,3,6,,,0,,,,1,,3,,,,,,,,,
325,W1,AC_97,AC_097,6,9,0,14,9,1.555555556,14,,,0,,,,4,,12,5,,2,,,,,,
325,W1,AC_97,AC_097,7,5,0,6,5,1.2,6,,,0,,,,5,,6,,,,,,,,,
325,W1,AC_97,AC_097,8,3,3,8,6,2.666666667,16,,,0,,,,3,,8,,,,,,,,,
333,W1,AC_99,AC_099,3,14,5,67,19,4.785714286,90.92857143,,,0,,,,12,,67,2,,0,,,,,,
333,W1,AC_99,AC_099,4,4,0,23,4,5.75,23,,,0,,,,4,,23,,,,,,,,,
326,W1,AC_109,AC_109,1,7,3,8,10,1.142857143,11.42857143,,,0,,,,3,,5,4,,3,,,,,,
326,W1,AC_109,AC_109,3,10,1,36,11,3.6,39.6,,,0,,,,5,,18,5,,18,,,,,,
326,W1,AC_109,AC_109,4,7,1,22,8,3.142857143,25.14285714,,,0,,,,5,,19,2,,3,,,,,,
330,W1,AC_111,AC_111,4,4,0,20,4,5,20,,,0,,,,2,,16,2,,4,,,,,,
330,W1,AC_111,AC_111,6,1,0,2,1,2,2,,,0,,,,1,,2,,,,,,,,,
335,W1,AC_147,AC_147,3,3,0,5,3,1.666666667,5,,,0,,,,3,,5,,,,,,,,,
335,W1,AC_147,AC_147,4,3,0,1,3,0.3333333333,1,,,0,,,,3,,1,,,,,,,,,
335,W1,AC_147,AC_147,6,1,1,3,2,3,6,,,0,,,,1,,3,,,,,,,,,
340,W1,AC_187,AC_187,4,12,1,17,13,1.416666667,18.41666667,,,0,,,,9,,15,3,,2,,,,,,
340,W1,AC_187,AC_187,5,0,1,0,1,#DIV/0!,#DIV/0!,,,0,,,,,,,,,,,,,,,
340,W1,AC_187,AC_187,6,4,1,11,5,2.75,13.75,,,0,,,,4,,11,,,,,,,,,
336,W1,AC_189,AC_189,3,3,0,3,3,1,3,,,0,,,,3,,3,,,,,,,,,
336,W1,AC_189,AC_189,5,3,0,1,3,0.3333333333,1,,,0,,,,3,,1,,,,,,,,,
336,W1,AC_189,AC_189,8,2,1,4,3,2,6,,,0,,,,2,,4,,,,,,,,,
342,W1,AC_190,AC_190,2,11,2,14,13,1.272727273,16.54545455,,,0,,,,7,,4,4,,10,,,,,,
342,W1,AC_190,AC_190,8,1,0,1,1,1,1,,,0,,,,1,,1,,,,,,,,,
341,W1,AC_197,AC_197,3,9,0,24,9,2.666666667,24,,,0,,,,6,,17,3,,7,,,,,,
341,W1,AC_197,AC_197,8,,,0,,,,,,,,,,1,,0,,,,,,,,,
324,W1,AC_204,AC_204,3,10,2,24,12,2.4,28.8,,,0,,,,5,,21,5,,3,,,,,,
324,W1,AC_204,AC_204,4,14,1,28,15,2,30,,,0,,,,6,,14,7,,13,1,,1,,,
324,W1,AC_204,AC_204,5,10,3,19,13,1.9,24.7,,,0,,,,5,,18,5,,1,,,,,,
334,W1,AC_208,AC_208,1,1,1,3,2,3,6,,,0,,,,1,,3,,,,,,,,,
334,W1,AC_208,AC_208,7,0,1,0,1,#DIV/0!,#DIV/0!,,,0,,,,,,,,,,,,,,,
334,W1,AC_208,AC_208,8,4,0,9,4,2.25,9,,,0,,,,4,,9,,,,,,,,,
328,W1,AC_216,AC_216,1,4,0,7,4,1.75,7,,,0,,,,3,,4,1,,3,,,,,,
328,W1,AC_216,AC_216,6,8,2,16,10,2,20,,,0,,,,2,,4,6,,12,,,,,,
328,W1,AC_216,AC_216,8,5,0,9,5,1.8,9,,,0,,,,3,,6,2,,3,,,,,,
338,W1,AC_217,AC_217,2,17,6,53,23,3.117647059,71.70588235,,,0,,,,13,,46,4,,7,,,,,,
338,W1,AC_217,AC_217,7,2,0,6,2,3,6,,,0,,,,2,,6,,,,,,,,,
338,W1,AC_217,AC_217,8,3,0,6,3,2,6,,,0,,,,3,,6,,,,,,,,,
327,W1,AC_218,AC_218,3,2,1,2,3,1,3,,,0,,,,2,,2,,,,,,,,,
327,W1,AC_218,AC_218,4,6,1,7,7,1.166666667,8.166666667,,,0,,,,3,,4,3,,3,,,,,,
327,W1,AC_218,AC_218,5,3,0,3,3,1,3,,,0,,,,3,,3,,,,,,,,,
357,W2,AC_34,AC_034,3,1,0,1,1,1,1,,,0,,,,1,,1,,,,,,,,,
357,W2,AC_34,AC_034,5,1,1,0,2,0,0,,,0,,,,1,,0,,,,,,,,,
352,W2,AC_40,AC_040,5,5,0,7,5,1.4,7,,,0,,,,5,,7,,,,,,,,,
352,W2,AC_40,AC_040,6,2,0,1,2,0.5,1,,,0,,,,,,,2,,1,,,,,,
352,W2,AC_40,AC_040,7,4,0,5,4,1.25,5,,,0,,,,4,,5,,,,,,,,,
343,W2,AC_55,AC_055,3,3,2,1,5,0.3333333333,1.666666667,,,0,,,,1,,0,2,,1,,,,,,
343,W2,AC_55,AC_055,6,7,0,4,7,0.5714285714,4,,,0,,,,3,,0,4,,4,,,,,,
343,W2,AC_55,AC_055,7,26,0,28,26,1.076923077,28,,,0,,,,7,,5,17,,22,2,,1,,,
349,W2,AC_58,AC_058,1,3,0,6,3,2,6,,,0,,,,3,,6,,,,,,,,,
349,W2,AC_58,AC_058,2,6,0,12,6,2,12,,,0,,,,4,,11,2,,1,,,,,,
349,W2,AC_58,AC_058,3,5,0,8,5,1.6,8,,,0,,,,3,,7,2,,1,,,,,,
360,W2,AC_70,AC_070,2,3,0,2,3,0.6666666667,2,,,0,,,,3,,2,,,,,,,,,
360,W2,AC_70,AC_070,7,1,0,1,1,1,1,,,0,,,,1,,1,,,,,,,,,
359,W2,AC_81,AC_081,1,10,0,53,10,5.3,53,,,0,,,,10,,53,,,,,,,,,
359,W2,AC_81,AC_081,2,,,14,,,,,,,,,,2,,14,,,,,,,,,
359,W2,AC_81,AC_081,8,,,12,,,,,,,,,,4,,12,,,,,,,,,
358,W2,AC_82,AC_082,2,2,0,2,2,1,2,,,0,,,,2,,2,,,,,,,,,
358,W2,AC_82,AC_082,4,4,0,4,4,1,4,,,0,,,,4,,4,,,,,,,,,
347,W2,AC_97,AC_097,1,4,0,4,4,1,4,,,0,,,,1,,0,3,,4,,,,,,
347,W2,AC_97,AC_097,4,5,1,10,6,2,12,,,0,,,,1,,0,4,,10,,,,,,
347,W2,AC_97,AC_097,7,12,0,32,12,2.666666667,32,,,0,,,,6,,21,6,,11,,,,,,
354,W2,AC_99,AC_099,6,7,0,44,7,6.285714286,44,,,0,,,,6,,44,1,,0,,,,,,
354,W2,AC_99,AC_099,7,10,0,32,10,3.2,32,,,0,,,,8,,32,2,,0,,,,,,
361,W2,AC_109,AC_109,4,7,1,15,8,2.142857143,17.14285714,,,0,,,,5,,10,2,,5,,,,,,
361,W2,AC_109,AC_109,5,4,1,14,5,3.5,17.5,,,0,,,,4,,14,,,,,,,1,,0
361,W2,AC_109,AC_109,8,3,1,15,4,5,20,,,0,,,,3,,15,,,,,,,,,
356,W2,AC_111,AC_111,4,1,1,1,2,1,2,,,0,,,,,,,1,,1,,,,,,
344,W2,AC_147,AC_147,1,4,0,3,4,0.75,3,,,0,,,,1,,0,3,,3,,,,,,
344,W2,AC_147,AC_147,2,4,0,4,4,1,4,,,0,,,,3,,4,1,,0,,,,,,
344,W2,AC_147,AC_147,6,6,0,6,6,1,6,,,0,,,,3,,2,3,,4,,,,,,
351,W2,AC_187,AC_187,3,4,0,7,4,1.75,7,,,0,,,,4,,7,,,,,,,,,
351,W2,AC_187,AC_187,4,4,0,8,4,2,8,,,0,,,,4,,8,,,,,,,,,
351,W2,AC_187,AC_187,8,3,0,10,3,3.333333333,10,,,0,,,,2,,8,1,,2,,,,,,
353,W2,AC_189,AC_189,2,5,0,9,5,1.8,9,,,0,,,,4,,7,1,,2,,,,,,
353,W2,AC_189,AC_189,4,3,0,5,3,1.666666667,5,,,0,,,,3,,5,,,,,,,,,
353,W2,AC_189,AC_189,8,7,0,0,7,0,0,,,0,,,,3,,0,4,,0,,,,,,
346,W2,AC_190,AC_190,1,5,0,5,5,1,5,,,0,,,,2,,0,3,,5,,,,,,
346,W2,AC_190,AC_190,4,6,0,9,6,1.5,9,,,0,,,,4,,9,2,,0,,,,,,
346,W2,AC_190,AC_190,7,2,0,6,2,3,6,,,0,,,,2,,6,,,,,,,,,
363,W2,AC_197,AC_197,5,2,0,2,2,1,2,,,0,,,,2,,2,,,,,,,,,
363,W2,AC_197,AC_197,6,2,0,6,2,3,6,,,0,,,,2,,6,,,,,,,,,
363,W2,AC_197,AC_197,7,2,0,6,2,3,6,,,0,,,,2,,6,,,,,,,,,
345,W2,AC_204,AC_204,2,13,2,19,15,1.461538462,21.92307692,,,0,,,,7,,3,6,,16,,,,,,
345,W2,AC_204,AC_204,5,9,1,18,10,2,20,,,0,,,,,,,8,,16,1,,2,,,
345,W2,AC_204,AC_204,8,18,1,76,19,4.222222222,80.22222222,,,0,,,,9,,45,9,,31,,,,,,
355,W2,AC_208,AC_208,6,3,0,8,3,2.666666667,8,,,0,,,,3,,8,,,,,,,,,
355,W2,AC_208,AC_208,7,6,0,7,6,1.166666667,7,,,0,,,,6,,7,,,,,,,,,
350,W2,AC_216,AC_216,1,11,0,10,11,0.9090909091,10,,,0,,,,8,,9,3,,1,,,,,,
350,W2,AC_216,AC_216,3,14,0,25,14,1.785714286,25,,,0,,,,8,,19,6,,6,,,,,,
350,W2,AC_216,AC_216,6,9,1,34,10,3.777777778,37.77777778,,,0,,,,9,,34,,,,,,,,,
348,W2,AC_217,AC_217,6,1,0,0,1,0,0,,,0,,,,1,,0,,,,,,,,,
348,W2,AC_217,AC_217,8,5,0,4,5,0.8,4,,,0,,,,4,,4,1,,0,,,,,,
362,W2,AC_218,AC_218,1,2,0,3,2,1.5,3,,,0,,,,2,,3,,,,,,,,,
362,W2,AC_218,AC_218,5,1,0,1,1,1,1,,,0,,,,1,,1,,,,,,,,,
362,W2,AC_218,AC_218,7,4,0,7,4,1.75,7,,,0,,,,4,,7,,,,,,,,,