Year,Sequence,Cohort,Block,Transect,Donor,Recipient,Gen,Replicated,Plant_ID,F_plant,Rep_FitP,any_FitP,F_plant_ID,F_multi,Germ_Date,Sow_Date,Plant_Date,FFD,LFD,fl_duration,days_germ2flower,days_sow2flower,days_plant2flower,corolla_diam_mm,corolla_diam_mm_SEG,corolla_area_mm2,corolla_area_mm2_SEG,leaf_area_mm2,leaf_dryweight_mg,SLA,LMA,leaf_area_mm2_SEG,leaf_dryweight_mg_SEG,SLA_SEG,LMA_SEG,skel_dryweight_mg,skel_dryweight_mg_SEG,d13C,d13C_SEG,sample_weight_mg,closed_fruits,open_fruits,total_fruits,nonfitness_fruits,filled_seeds,msm_all,sd_msm_all,mean_seeds_per_fruit,est_fecundity,est_fecundity_int,surv_to_germ,surv_to_flower,surv_to_fruitprod,prod_closed_fruits,prod_filled_seeds
2022,1,1,1,1,AC_150,AC_200,G1,n,10,TRUE,FALSE,TRUE,10,10,2021-12-05,2021-10-27,2021-11-04,2022-05-03,2022-05-13,10,149,188,180,26.379,26.379,436.972,436.972,NA,NA,NA,NA,95.372,5.3,17.994716981132076,0.05557186595646521,19.74,19.74,-31.9,-31.9,3.9,3,2,5,28,18,0.9972222222222222,NA,6,30,30,1,1,1,1,1
2022,2,3,1,1,AC_102,AC_191,G1,n,5,TRUE,FALSE,TRUE,5,5,2021-11-03,2021-10-27,2021-11-04,2022-05-03,2022-05-13,10,181,188,180,20.875,20.875,247.868,247.868,NA,NA,NA,NA,69.747,3.56,19.591853932584268,0.0510416218618722,6.23,6.23,-32.29,-32.29,2.39,1,3,4,23,0,NA,NA,0,0,0,1,1,1,1,0
2022,3,2,1,1,AC_177,AC_107,G1,n,4,TRUE,FALSE,TRUE,4,4,2021-11-03,2021-10-27,2021-11-04,2022-05-03,2022-05-13,10,181,188,180,22.24,22.24,305.431,305.431,NA,NA,NA,NA,47.468,2.89,16.42491349480969,0.06088312126063874,50.33,50.33,-30.95,-30.95,1.72,8,6,14,34,26,1.7273030303030303,0.32522626438937624,3.25,45.5,46,1,1,1,1,1
2022,4,4,1,1,AC_094,AC_109,G1,R,4,TRUE,TRUE,TRUE,4,"1,3,4",2021-11-03,2021-10-27,2021-11-04,2022-05-03,2022-05-13,10,181,188,180,23.555,23.555,311.127,311.127,NA,NA,NA,NA,88.441,4.69,18.85735607675906,0.05302970341809794,21.48,21.48,-30.65,-30.65,2.2,6,1,7,45,30,2.049027777777778,0.5187413914204643,5,35,35,1,1,1,1,1
2022,5,1,1,1,AC_150,AC_110,G1,n,4,TRUE,FALSE,TRUE,4,4,2021-11-03,2021-10-27,2021-11-04,2022-05-03,2022-05-13,10,181,188,180,27.268,27.268,NA,NA,NA,NA,NA,NA,57.791,3.34,17.302694610778442,0.05779446626637366,105.22,105.22,-31.43,-31.43,2.53,10,9,19,42,56,1.5345590327169274,0.29425901683659234,5.6,106.39999999999999,106,1,1,1,1,1
2022,6,5,1,1,AC_186,AC_048,G1,n,4,TRUE,FALSE,TRUE,4,4,2021-11-03,2021-10-27,2021-11-04,2022-04-21,2022-05-13,22,169,176,168,14.48,14.48,135.878,135.878,NA,NA,NA,NA,34.442,2.71,12.709225092250923,0.0786830033099123,105.9,105.9,-30.8,-30.8,4.35,21,9,30,29,73,1.5061798435482647,0.2094719827381623,3.4761904761904763,104.28571428571429,104,1,1,1,1,1
2022,7,3,1,1,AC_015,AC_190,G1,R,3,TRUE,TRUE,TRUE,3,"2,3,4",2021-11-03,2021-10-27,2021-11-04,2022-04-21,2022-05-13,22,169,176,168,24.025,24.025,336.459,336.459,NA,NA,NA,NA,14.988,0.96,15.6125,0.06405124099279423,43.89,43.89,-30.32,-30.32,4.12,7,10,17,0,35,1.6253623188405797,0.02541485242525562,5,85,85,1,1,1,1,1
2022,8,5,1,1,AC_096,AC_074,G1,n,6,TRUE,FALSE,TRUE,6,6,2021-12-05,2021-10-27,2021-11-04,2022-04-21,2022-05-13,22,137,176,168,15.81,15.81,173.247,173.247,NA,NA,NA,NA,48.056,3.67,13.094277929155313,0.07636923589145997,15.85,15.85,-31.93,-31.93,3.96,7,1,8,45,18,1.551076923076923,0.14838363839053087,2.5714285714285716,20.571428571428573,21,1,1,1,1,1
2022,9,7,1,1,AC_107,AC_130,G1,n,10,TRUE,FALSE,TRUE,10,10,NA,2021-10-27,2021-11-04,2022-05-13,2022-05-13,0,NA,198,190,20.151,20.151,244.007,244.007,NA,NA,NA,NA,47.489,3.16,15.028164556962023,0.06654172545220999,NA,NA,NA,NA,NA,2,1,3,13,7,1.7328571428571429,NA,3.5,10.5,10,0,1,1,1,1
2022,10,2,1,1,AC_207,AC_070,G1,R,9,TRUE,TRUE,TRUE,9,"7,8,9",2021-12-05,2021-10-27,2021-11-04,2022-04-21,2022-05-13,22,137,176,168,20.256,20.256,225.473,225.473,NA,NA,NA,NA,48.245,3.75,12.865333333333332,0.07772826199606178,17.37,17.37,-31.09,-31.09,4.22,9,2,11,0,27,1.9769642857142857,0.4730039289865726,3,33,33,1,1,1,1,1
2022,11,5,1,1,AC_096,AC_181,G1,n,7,TRUE,FALSE,TRUE,7,7,2021-11-03,2021-10-27,2021-11-04,2022-04-09,2022-05-13,34,157,164,156,15.676,15.676,152.993,152.993,NA,NA,NA,NA,18.382,1.17,15.711111111111114,0.06364922206506364,7.39,7.39,-30.73,-30.73,3.25,7,0,7,18,15,1.660277777777778,0.007463904912524736,2.142857142857143,15,15,1,1,1,1,1
2022,12,5,1,1,AC_054,AC_046,G1,n,3,TRUE,FALSE,TRUE,3,3,2021-12-05,2021-10-27,2021-11-04,2022-04-09,2022-05-13,34,125,164,156,18.568,18.568,218.013,218.013,NA,NA,NA,NA,24.709,1.68,14.707738095238096,0.06799142013031689,NA,NA,-30.83,-30.83,2.24,8,4,12,11,27,1.7595999999999998,0.11370277041479704,3.375,40.5,40,1,1,1,1,1
2022,13,6,1,1,AC_052,AC_131,G1,n,6,TRUE,FALSE,TRUE,6,6,2021-12-05,2021-10-27,2021-11-04,2022-04-21,2022-05-13,22,137,176,168,19.512,19.512,214.568,214.568,NA,NA,NA,NA,38.866,2.65,14.666415094339623,0.06818298770133278,69.75,69.75,-31.73,-31.73,3.16,28,3,31,18,43,2.138547619047619,0.11585970433431711,1.5357142857142858,47.60714285714286,48,1,1,1,1,1
2022,14,5,1,1,AC_064,AC_086,G1,n,4,TRUE,FALSE,TRUE,4,4,NA,2021-10-27,2021-11-04,2022-04-21,2022-05-13,22,NA,176,168,23.884,23.884,319.134,319.134,NA,NA,NA,NA,42.988,2.52,17.058730158730157,0.058621010514562213,51.35,51.35,-30.91,-30.91,3.2,11,4,15,11,22,2.7604545454545453,NA,2,30,30,0,1,1,1,1
2022,15,3,1,1,AC_068,AC_056,G1,n,5,TRUE,FALSE,TRUE,5,5,2021-12-05,2021-10-27,2021-11-04,2022-04-09,2022-05-13,34,125,164,156,16.068,16.068,NA,NA,NA,NA,NA,NA,41.239,2.68,15.387686567164177,0.06498702684352192,26.24,26.24,-31.53,-31.53,1.32,11,0,11,24,20,1.3891666666666667,0.2710575994548432,1.8181818181818181,20,20,1,1,1,1,1
2022,16,3,1,1,AC_170,AC_203,G1,n,2,TRUE,FALSE,TRUE,2,2,NA,2021-10-27,2021-11-04,2022-04-21,2022-05-13,22,NA,176,168,22.301,22.301,305.217,305.217,NA,NA,NA,NA,120.399,8.68,13.870852534562212,0.07209362204005017,NA,NA,-32.28,-32.28,4.18,16,0,16,14,58,1.1117676767676767,0.3103757584238858,3.625,58,58,0,1,1,1,1
2022,17,5,1,1,AC_165,AC_062,G1,n,6,TRUE,FALSE,TRUE,6,6,2021-11-03,2021-10-27,2021-11-04,2022-04-09,2022-05-03,24,157,164,156,21.473,21.473,264.316,264.316,NA,NA,NA,NA,37.37,2.87,13.020905923344946,0.0767995718490768,NA,NA,-32.87,-32.87,2.37,1,0,1,23,1,1.03,NA,1,1,1,1,1,1,1,1
2022,18,3,1,1,AC_015,AC_097,G1,R,1,TRUE,TRUE,TRUE,1,"1,3,9",2021-12-05,2021-10-27,2021-11-04,2022-04-09,2022-06-08,60,125,164,156,21.262,21.262,258.556,258.556,NA,NA,NA,NA,15.943,1.64,9.721341463414635,0.10286646177005582,271.84,271.84,-31.62,-31.62,2.76,45,7,52,0,182,1.4464179487179487,0.128718817496302,4.044444444444444,210.3111111111111,210,1,1,1,1,1
2022,19,3,1,1,AC_068,AC_089,G1,n,10,TRUE,FALSE,TRUE,10,10,NA,2021-10-27,2021-11-04,2022-04-21,2022-05-13,22,NA,176,168,19.738,19.738,212.986,212.986,NA,NA,NA,NA,NA,NA,NA,NA,32.71,32.71,-29.96,-29.96,3.08,7,0,7,0,20,1.694040404040404,0.057139941914064345,2.857142857142857,20,20,0,1,1,1,1
2022,20,7,1,1,AC_169,AC_120,G1,n,8,TRUE,FALSE,TRUE,8,8,NA,2021-10-27,2021-11-04,2022-04-21,2022-05-13,22,NA,176,168,21.57,21.57,251.321,251.321,NA,NA,NA,NA,47.139,2.89,16.311072664359862,0.061308046415918874,13.33,13.33,-33,-33,3.57,4,4,8,13,12,1.185625,0.3102431002455977,3,24,24,0,1,1,1,1
2022,21,1,1,1,AC_179,AC_136,G1,n,4,TRUE,FALSE,TRUE,4,4,2021-11-03,2021-10-27,2021-11-04,2022-04-21,2022-05-13,22,169,176,168,18.638,18.638,230.707,230.707,NA,NA,NA,NA,21.259,1.55,13.715483870967741,0.07291029681546639,12.87,12.87,-32.07,-32.07,1.37,3,0,3,10,7,2.025714285714286,NA,2.3333333333333335,7,7,1,1,1,1,1
2022,22,2,1,1,AC_039,AC_168,G1,n,5,TRUE,FALSE,TRUE,5,5,2021-12-05,2021-10-27,2021-11-04,2022-04-09,2022-05-13,34,125,164,156,16.584,16.584,165.989,165.989,NA,NA,NA,NA,45.35,3.83,11.840731070496084,0.0844542447629548,5.57,5.57,-32.46,-32.46,1.76,2,0,2,15,5,1.98,NA,2.5,5,5,1,1,1,1,1
2022,23,7,1,1,AC_045,AC_151,G1,n,6,TRUE,FALSE,TRUE,6,6,2021-12-05,2021-10-27,2021-11-04,2022-04-21,2022-05-13,22,137,176,168,16.743,16.743,160.377,160.377,NA,NA,NA,NA,37.348,3.24,11.527160493827159,0.08675163328692301,13.39,13.39,-31.54,-31.54,4.37,5,3,8,9,14,2.2633333333333336,0.19563287612827826,2.8,22.4,22,1,1,1,1,1
2022,24,6,1,1,AC_195,AC_193,G1,n,5,TRUE,FALSE,TRUE,5,5,2021-11-03,2021-10-27,2021-11-04,2022-04-21,2022-04-21,0,169,176,168,NA,22.863,NA,334.867,NA,NA,NA,NA,11.428,0.95,12.029473684210528,0.08312915645782289,5.43,5.43,-32.09,-32.09,2.2,0,3,3,5,0,NA,NA,NA,NA,NA,1,1,1,0,0
2022,25,4,1,1,AC_089,AC_057,G1,n,7,TRUE,FALSE,TRUE,7,7,2021-11-03,2021-10-27,2021-11-04,2022-04-21,2022-05-13,22,169,176,168,18.683,18.683,223.966,223.966,NA,NA,NA,NA,19.398,1.12,17.319642857142856,0.05773791112485824,NA,NA,-29.93,-29.93,2.29,1,2,3,4,3,0.8166666666666668,NA,3,9,9,1,1,1,1,1
2022,26,6,1,1,AC_160,AC_015,G1,n,5,TRUE,FALSE,TRUE,5,5,2021-11-03,2021-10-27,2021-11-04,2022-04-21,2022-05-13,22,169,176,168,21.334,21.334,292.453,292.453,11.436,0.75,15.248,0.06558237145855195,11.436,0.75,15.248,0.06558237145855195,NA,NA,-32.78,-32.78,1.83,3,0,3,0,6,2.0466666666666664,NA,2,6,6,1,1,1,1,1
2022,27,3,1,1,AC_161,AC_088,G1,n,1,TRUE,FALSE,TRUE,1,1,2021-12-05,2021-10-27,2021-11-04,2022-04-21,2022-05-03,12,137,176,168,22.18,22.18,316.274,316.274,NA,NA,NA,NA,51.681,3.1,16.671290322580642,0.059983359455118915,NA,NA,NA,NA,NA,1,3,4,35,1,1.7,NA,1,4,4,1,1,1,1,1
2022,28,7,1,1,AC_045,AC_096,G1,n,9,TRUE,FALSE,TRUE,9,9,2021-12-05,2021-10-27,2021-11-04,2022-04-21,2022-06-08,48,137,176,168,17.032,17.032,167.443,167.443,NA,NA,NA,NA,28.01,1.43,19.58741258741259,0.05105319528739735,NA,NA,NA,NA,NA,10,0,10,13,19,2.0508333333333333,0.47965409990487484,1.9,19,19,1,1,1,1,1
2022,29,5,1,1,AC_216,AC_058,G1,R,7,TRUE,TRUE,TRUE,7,"1,7,9",2021-11-03,2021-10-27,2021-11-04,2022-04-09,2022-05-13,34,157,164,156,11.021,11.021,77.569,77.569,NA,NA,NA,NA,38.434,2.86,13.438461538461539,0.07441327990841443,17.59,17.59,NA,-30.62,NA,7,2,9,0,17,2.4863194444444443,0.8663040162286855,2.4285714285714284,21.857142857142854,22,1,1,1,1,1
2022,30,4,1,1,AC_091,AC_218,G1,R,2,TRUE,TRUE,TRUE,2,"6,2,9",2021-11-03,2021-10-27,2021-11-04,2022-04-09,2022-04-09,0,157,164,156,NA,17.546,NA,192.756,NA,NA,NA,NA,56.215,3.17,17.733438485804417,0.05639064306679712,NA,19.82,NA,-31.28,NA,0,0,0,NA,0,NA,NA,NA,0,0,1,1,0,0,0
2022,31,3,1,1,AC_170,AC_185,G1,n,10,TRUE,FALSE,TRUE,10,10,2021-11-03,2021-10-27,2021-11-04,2022-04-09,2022-05-13,34,157,164,156,22.038,22.038,319.345,319.345,NA,NA,NA,NA,36.054,2.39,15.085355648535565,0.06628945470682865,25.76,25.76,-31.57,-31.57,4.22,10,2,12,4,25,1.208653846153846,0.3304364381314059,2.5,30,30,1,1,1,1,1
2022,32,2,1,1,AC_207,AC_055,G1,R,5,TRUE,TRUE,TRUE,5,"7,9,5",2021-11-03,2021-10-27,2021-11-04,2022-04-09,2022-05-13,34,157,164,156,21.178,21.178,225.618,225.618,NA,NA,NA,NA,33.852,2.66,12.726315789473682,0.07857733664185278,78.63,78.63,-31.88,-31.88,4.27,14,12,26,6,54,1.112962962962963,NA,3.857142857142857,100.28571428571429,100,1,1,1,1,1
2022,33,4,1,1,AC_091,AC_189,G1,R,3,TRUE,TRUE,TRUE,3,"3,4,5",2021-11-03,2021-10-27,2021-11-04,2022-04-09,2022-05-13,34,157,164,156,NA,NA,NA,NA,NA,NA,NA,NA,37.217,2.7,13.784074074074073,0.07254749173764678,18.45,18.45,-30.93,-30.93,1.84,7,2,9,0,15,1.5542307692307693,0.6304128918424682,2.142857142857143,19.285714285714285,19,1,1,1,1,1
2022,34,1,1,1,AC_198,AC_066,G1,n,10,TRUE,FALSE,TRUE,10,10,2021-11-03,2021-10-27,2021-11-04,2022-04-21,2022-05-03,12,169,176,168,21.008,21.008,240.237,240.237,NA,NA,NA,NA,26.19,1.84,14.233695652173914,0.07025582283314241,6.05,6.05,-33.23,-33.23,2.22,6,0,6,16,9,2.4074999999999998,0.2580939751330897,1.5,9,9,1,1,1,1,1
2022,35,5,1,1,AC_064,AC_205,G1,n,6,TRUE,FALSE,TRUE,6,6,2021-12-05,2021-10-27,2021-11-04,2022-04-09,2022-04-21,12,125,164,156,17.558,17.558,184.844,184.844,NA,NA,NA,NA,17.511,1.3,13.469999999999999,0.07423904974016333,NA,NA,NA,NA,NA,0,1,1,25,0,NA,NA,NA,NA,NA,1,1,1,0,0
2022,36,5,1,1,AC_096,AC_128,G1,n,10,TRUE,FALSE,TRUE,10,10,2021-11-03,2021-10-27,2021-11-04,2022-04-09,2022-05-13,34,157,164,156,17.31,17.31,185.814,185.814,NA,NA,NA,NA,31.264,2.4,13.026666666666667,0.07676560900716478,37.1,37.1,-31.66,-31.66,4.41,6,10,16,48,27,1.0529629629629629,NA,4.5,72,72,1,1,1,1,1
2022,37,5,1,2,AC_186,AC_153,G1,n,4,TRUE,FALSE,TRUE,4,4,2021-11-03,2021-10-27,2021-11-04,2022-05-03,2022-05-13,10,181,188,180,24.839,24.839,329.105,329.105,NA,NA,NA,NA,25.123,1.89,13.292592592592595,0.07522986904430203,8.36,8.36,-32.18,-32.18,4.45,4,0,4,9,7,1.7714285714285716,NA,1.75,7,7,1,1,1,1,1
2022,38,5,1,2,AC_216,AC_034,G1,R,10,TRUE,TRUE,TRUE,10,"2,9,10",2021-11-03,2021-10-27,2021-11-04,2022-05-03,2022-05-13,10,181,188,180,19.315,19.315,NA,NA,NA,NA,NA,NA,55.649,3.31,16.81238670694864,0.059479954716167405,NA,NA,NA,-29.64,NA,0,0,0,NA,0,NA,NA,NA,0,0,1,1,0,0,0
2022,39,3,1,2,AC_008,AC_068,G1,n,9,TRUE,FALSE,TRUE,9,9,2021-11-03,2021-10-27,2021-11-04,2022-05-03,2022-05-13,10,181,188,180,23.355,23.355,366.003,366.003,NA,NA,NA,NA,49.582,2.53,19.597628458498026,0.051026582227421236,85.37,85.37,-31.1,-31.1,5.69,18,0,18,0,34,2.5241575091575092,0.8386284135591042,1.8888888888888888,34,34,1,1,1,1,1
2022,40,1,1,2,AC_150,AC_083,G1,n,1,TRUE,FALSE,TRUE,1,1,2021-11-03,2021-10-27,2021-11-04,2022-05-03,2022-05-13,10,181,188,180,21.92,21.92,306.582,306.582,NA,NA,NA,NA,26.312,1.75,15.035428571428572,0.06650957737914259,7.03,7.03,-31.92,-31.92,4.32,4,0,4,13,5,2.1158333333333332,0.3830161731427133,1.25,5,5,1,1,1,1,1
2022,41,5,1,2,AC_124,AC_014,G1,n,6,TRUE,FALSE,TRUE,6,6,2021-11-03,2021-10-27,2021-11-04,2022-05-03,2022-05-13,10,181,188,180,21.454,21.454,283.137,283.137,NA,NA,NA,NA,75.66,5.18,14.606177606177607,0.06846418186624371,25.73,25.73,-31.24,-31.24,2.58,5,0,5,20,8,2.569166666666667,1.0123412083987406,1.6,8,8,1,1,1,1,1
2022,42,4,1,2,AC_091,AC_204,G1,R,4,TRUE,TRUE,TRUE,4,"1,2,4",2021-11-03,2021-10-27,2021-11-04,2022-04-21,2022-05-13,22,169,176,168,23.225,23.225,337.383,337.383,NA,NA,NA,NA,57.758,4.93,11.715618661257608,0.0853561411406212,97.65,97.65,-30.54,-30.54,3.04,19,0,19,0,49,2.8148669467787113,0.43942864278637517,2.5789473684210527,49,49,1,1,1,1,1
2022,43,3,1,2,AC_161,AC_213,G1,n,7,TRUE,FALSE,TRUE,7,7,NA,2021-10-27,2021-11-04,2022-05-03,2022-05-13,10,NA,188,180,17.612,17.612,187.056,187.056,NA,NA,NA,NA,21.473,1.21,17.74628099173554,0.05634983467610487,11.58,11.58,-31.42,-31.42,3.31,8,3,11,2,12,2.3449999999999998,0.09899494936611673,1.5,16.5,16,0,1,1,1,1
2022,44,2,1,2,AC_177,AC_211,G1,n,7,TRUE,FALSE,TRUE,7,7,2021-11-03,2021-10-27,2021-11-04,2022-04-21,2022-05-13,22,169,176,168,21.456,21.456,307.122,307.122,NA,NA,NA,NA,79.126,5.92,13.36587837837838,0.07481737987513586,53.01,53.01,-30.43,-30.43,3.37,12,1,13,36,24,1.7662424242424242,0.5080073316752551,2,26,26,1,1,1,1,1
2022,45,7,1,2,AC_168,AC_142,G1,n,2,TRUE,FALSE,TRUE,2,2,NA,2021-10-27,2021-11-04,2022-05-03,2022-05-13,10,NA,188,180,22.6,22.6,332.792,332.792,NA,NA,NA,NA,71.745,3.75,19.132,0.052268450763119374,40.99,40.99,-29.9,-29.9,2.91,10,4,14,15,28,2.133095238095238,0.7128309789390103,2.8,39.199999999999996,39,0,1,1,1,1
2022,46,2,1,2,AC_125,AC_038,G1,n,8,TRUE,FALSE,TRUE,8,8,2021-11-03,2021-10-27,2021-11-04,2022-04-21,2022-05-13,22,169,176,168,19.829,19.829,237.311,237.311,NA,NA,NA,NA,35.026,2.21,15.848868778280545,0.06309598583909096,11.17,11.17,-30.35,-30.35,3.03,5,0,5,7,3,1.1633333333333333,NA,0.6,3,3,1,1,1,1,1
2022,47,1,1,2,AC_179,AC_114,G1,n,6,TRUE,FALSE,TRUE,6,6,2021-12-05,2021-10-27,2021-11-04,2022-04-21,2022-05-13,22,137,176,168,19.056,19.056,212.406,212.406,NA,NA,NA,NA,31.023,2.18,14.230733944954128,0.07027044450891275,17.26,17.26,-31.54,-31.54,5.03,9,1,10,9,25,1.6685119047619046,0.3521223411551582,2.7777777777777777,27.77777777777778,28,1,1,1,1,1
2022,48,5,1,2,AC_186,AC_011,G1,n,9,TRUE,FALSE,TRUE,9,9,2021-12-05,2021-10-27,2021-11-04,2022-05-03,2022-05-13,10,149,188,180,22.266,22.266,283.881,283.881,NA,NA,NA,NA,38.983,3.13,12.454632587859424,0.08029140907575098,15.23,15.23,-31.99,-31.99,2.92,6,0,6,21,16,1.686,0.2771858582251267,2.6666666666666665,16,16,1,1,1,1,1
2022,49,1,1,2,AC_002,AC_104,G1,n,7,TRUE,FALSE,TRUE,7,7,2021-11-03,2021-10-27,2021-11-04,2022-04-09,2022-05-13,34,157,164,156,17.453,17.453,185.64,185.64,NA,NA,NA,NA,15.042,0.99,15.193939393939393,0.06581571599521341,NA,NA,-31.01,-31.01,5.43,20,1,21,21,46,2.167824074074074,0.2786318928957757,2.3,48.3,48,1,1,1,1,1
2022,50,3,1,2,AC_159,AC_094,G1,n,7,TRUE,FALSE,TRUE,7,7,2021-11-03,2021-10-27,2021-11-04,2022-04-21,2022-05-13,22,169,176,168,16.615,16.615,150.294,150.294,NA,NA,NA,NA,33.289,1,33.289,0.030039953137673103,47.23,47.23,-31.66,-31.66,3.44,14,1,15,5,52,1.6463105413105412,0.42910065809527953,3.7142857142857144,55.714285714285715,56,1,1,1,1,1
2022,51,7,1,2,AC_169,AC_182,G1,n,9,TRUE,FALSE,TRUE,9,9,NA,2021-10-27,2021-11-04,2022-04-21,2022-05-13,22,NA,176,168,20.836,20.836,277.969,277.969,NA,NA,NA,NA,56.619,4.53,12.49867549668874,0.08000847771949346,17.99,17.99,-32.06,-32.06,4.64,13,2,15,8,11,1.6083333333333334,0.3739095255985509,0.8461538461538461,12.692307692307692,13,0,1,1,1,1
2022,52,1,1,2,AC_179,AC_171,G1,n,7,TRUE,FALSE,TRUE,7,7,2021-12-05,2021-10-27,2021-11-04,2022-04-21,2022-05-03,12,137,176,168,16.714,16.714,182.932,182.932,NA,NA,NA,NA,22.865,1.68,13.610119047619047,0.07347474305707413,9.09,9.09,-32.19,-32.19,3.66,3,1,4,15,8,3.105,1.0111626970967629,2.6666666666666665,10.666666666666666,11,1,1,1,1,1
2022,53,2,1,2,AC_061,AC_158,G1,n,6,TRUE,FALSE,TRUE,6,6,2021-11-03,2021-10-27,2021-11-04,2022-04-09,2022-05-13,34,157,164,156,15.81,15.81,164.006,164.006,NA,NA,NA,NA,43.917,3.98,11.034422110552764,0.09062549809868616,332.96,332.96,-30.33,-30.33,1.74,39,1,40,20,115,2.1115566597653554,0.1046669587806324,2.948717948717949,117.94871794871796,118,1,1,1,1,1
2022,54,4,1,2,AC_097,AC_054,G1,n,4,TRUE,FALSE,TRUE,4,4,2021-11-03,2021-10-27,2021-11-04,2022-04-21,2022-05-13,22,169,176,168,NA,20.588,NA,259.599,NA,NA,NA,NA,85.716,5.95,14.406050420168066,0.06941527836109945,58.87,58.87,-31.22,-31.22,2.91,14,0,14,35,19,2.2728333333333333,0.653344536468572,1.3571428571428572,19,19,1,1,1,1,1
2022,55,7,1,2,AC_107,AC_172,G1,n,3,TRUE,FALSE,TRUE,3,3,2021-12-05,2021-10-27,2021-11-04,2022-04-09,2022-05-13,34,125,164,156,21.199,21.199,258.934,258.934,NA,NA,NA,NA,35.54,2.5,14.216,0.07034327518289252,12.49,12.49,-32.36,-32.36,3.26,7,0,7,26,20,1.337222222222222,0.11706545599643962,2.857142857142857,20,20,1,1,1,1,1
2022,56,3,1,2,AC_102,AC_178,G1,n,8,TRUE,FALSE,TRUE,8,8,2021-12-05,2021-10-27,2021-11-04,2022-04-09,2022-05-13,34,125,164,156,20.349,20.349,242.089,242.089,NA,NA,NA,NA,93.048,6.09,15.278817733990149,0.06545009027598658,NA,NA,-31.96,-31.96,2.17,7,1,8,21,19,1.2973809523809523,0.5484320569482015,2.7142857142857144,21.714285714285715,22,1,1,1,1,1
2022,57,5,1,2,AC_165,AC_199,G1,n,4,TRUE,FALSE,TRUE,4,4,2021-12-05,2021-10-27,2021-11-04,2022-04-09,2022-05-13,34,125,164,156,22.042,22.042,314.748,314.748,NA,NA,NA,NA,13.898,0.83,16.74457831325301,0.05972082314002015,47.83,47.83,-31.48,-31.48,5.93,24,7,31,0,77,1.320843691148776,0.325621855948556,3.2083333333333335,99.45833333333334,99,1,1,1,1,1
2022,58,1,1,2,AC_198,AC_072,G1,n,7,TRUE,FALSE,TRUE,7,7,2021-12-05,2021-10-27,2021-11-04,2022-04-09,2022-05-13,34,125,164,156,19.555,19.555,226.388,226.388,NA,NA,NA,NA,20.957,1.56,13.433974358974359,0.074438135229279,16.64,16.64,-32.52,-32.52,4.08,9,1,10,11,13,2.224833333333333,0.3420039798338937,1.4444444444444444,14.444444444444445,14,1,1,1,1,1
2022,59,3,1,2,AC_159,AC_143,G1,n,7,TRUE,FALSE,TRUE,7,7,2021-12-05,2021-10-27,2021-11-04,2022-04-21,2022-05-13,22,137,176,168,16.366,16.366,160.101,160.101,NA,NA,NA,NA,71.854,4.1,17.52536585365854,0.05706014974810031,42.34,42.34,-31.53,-31.53,3.09,11,1,12,0,33,1.802037037037037,0.4946448823861235,3,36,36,1,1,1,1,1
2022,60,7,1,2,AC_045,AC_123,G1,n,1,TRUE,FALSE,TRUE,1,1,2021-12-05,2021-10-27,2021-11-04,2022-04-21,2022-04-21,0,137,176,168,19.005,19.005,223.307,223.307,NA,NA,NA,NA,25.157,1.28,19.65390625,0.050880470644353464,2.52,2.52,NA,NA,NA,1,1,2,16,5,1.766,NA,5,10,10,1,1,1,1,1
2022,61,2,1,2,AC_061,AC_052,G1,n,3,TRUE,FALSE,TRUE,3,3,2021-11-03,2021-10-27,2021-11-04,2022-04-09,2022-05-13,34,157,164,156,NA,NA,NA,NA,NA,NA,NA,NA,39.472,2.93,13.471672354948804,0.0742298338062424,33.63,33.63,-31.11,-31.11,2.43,7,0,7,16,6,3.078333333333333,NA,0.8571428571428571,6,6,1,1,1,1,1
2022,62,5,1,2,AC_124,AC_030,G1,n,4,TRUE,FALSE,TRUE,4,4,2021-12-05,2021-10-27,2021-11-04,2022-04-09,2022-04-21,12,125,164,156,22.739,22.739,264.426,264.426,NA,NA,NA,NA,19.035,1.49,12.775167785234899,0.0782768584187024,4.61,4.61,NA,NA,NA,4,0,4,0,10,1.77,NA,2.5,10,10,1,1,1,1,1
2022,63,5,1,2,AC_103,AC_144,G1,n,5,TRUE,FALSE,TRUE,5,5,2021-12-05,2021-10-27,2021-11-04,2022-04-09,2022-05-03,24,125,164,156,NA,NA,NA,NA,NA,NA,NA,NA,32.488,1.67,19.453892215568864,0.05140359517360256,9.2,9.2,-31.64,-31.64,5.03,5,2,7,4,23,1.9264473684210528,0.5070699944035112,4.6,32.199999999999996,32,1,1,1,1,1
2022,64,2,1,2,AC_207,AC_082,G1,R,7,TRUE,TRUE,TRUE,7,"7,8,9",2021-12-05,2021-10-27,2021-11-04,2022-04-09,2022-04-21,12,125,164,156,21.32,21.32,240.329,240.329,20.299,1.23,16.503252032520326,0.060594117936844175,20.299,1.23,16.503252032520326,0.060594117936844175,NA,NA,-32.47,-32.47,5.62,4,1,5,0,10,0.9710000000000001,NA,2.5,12.5,12,1,1,1,1,1
2022,65,3,1,2,AC_047,AC_152,G1,n,5,TRUE,FALSE,TRUE,5,5,NA,2021-10-27,2021-11-04,2022-04-09,2022-05-13,34,NA,164,156,NA,NA,NA,NA,NA,NA,NA,NA,41.871,2.57,16.292217898832686,0.061378997396766256,1.35,1.35,NA,NA,NA,0,1,1,0,0,NA,NA,NA,NA,NA,0,1,1,0,0
2022,66,5,1,2,AC_071,AC_215,G1,n,1,TRUE,FALSE,TRUE,1,1,2021-11-03,2021-10-27,2021-11-04,2022-04-09,2022-04-21,12,157,164,156,NA,NA,NA,NA,NA,NA,NA,NA,28.253,1.82,15.523626373626373,0.0644179379180972,NA,NA,-30.7,-30.7,4.58,7,1,8,10,8,3.60875,0.36946329316997106,1.1428571428571428,9.142857142857142,9,1,1,1,1,1
2022,67,6,1,2,AC_160,AC_186,G1,n,8,TRUE,FALSE,TRUE,8,8,2021-12-05,2021-10-27,2021-11-04,2022-04-21,2022-05-13,22,137,176,168,20.297,20.297,240.021,240.021,NA,NA,NA,NA,39.671,3.53,11.238243626062323,0.08898187592952031,31.06,31.06,-31.74,-31.74,5.57,6,1,7,8,25,1.6027777777777779,0.05264017148833194,4.166666666666667,29.166666666666668,29,1,1,1,1,1
2022,68,3,1,2,AC_170,AC_118,G1,n,6,TRUE,FALSE,TRUE,6,6,2021-12-05,2021-10-27,2021-11-04,2022-04-09,2022-04-21,12,125,164,156,NA,NA,NA,NA,NA,NA,NA,NA,10.496,0.79,13.286075949367088,0.07526676829268293,3.05,3.05,NA,NA,NA,1,1,2,6,0,NA,NA,0,0,0,1,1,1,1,0
2022,69,7,1,2,AC_168,AC_159,G1,n,3,TRUE,FALSE,TRUE,3,3,2021-12-05,2021-10-27,2021-11-04,2022-04-09,2022-05-13,34,125,164,156,NA,20.945,NA,281.427,NA,NA,NA,NA,16.936,1.24,13.658064516129032,0.07321681624940954,16.25,16.25,-31.19,-31.19,3.99,7,3,10,6,10,1.177,NA,1.4285714285714286,14.285714285714286,14,1,1,1,1,1
2022,70,3,1,2,AC_068,AC_195,G1,n,2,TRUE,FALSE,TRUE,2,2,NA,2021-10-27,2021-11-04,2022-04-21,2022-04-21,0,NA,176,168,NA,NA,NA,NA,NA,NA,NA,NA,14.202,0.94,15.108510638297874,0.06618786086466694,2.24,2.24,NA,NA,NA,2,0,2,3,3,1.1666666666666667,NA,1.5,3,3,0,1,1,1,1
2022,71,2,1,2,AC_039,AC_148,G1,n,8,TRUE,FALSE,TRUE,8,8,2021-11-03,2021-10-27,2021-11-04,2022-04-09,2022-05-13,34,157,164,156,NA,NA,NA,NA,NA,NA,NA,NA,10.265,0.73,14.06164383561644,0.07111544081831465,17.22,17.22,-32.12,-32.12,4.51,5,1,6,0,9,1.927777777777778,NA,1.8,10.8,11,1,1,1,1,1
2022,72,5,1,2,AC_165,AC_206,G1,n,6,TRUE,FALSE,TRUE,6,6,2021-12-05,2021-10-27,2021-11-04,2022-04-09,2022-04-21,12,125,164,156,16.22,16.22,164.907,164.907,NA,NA,NA,NA,16.535,0.73,22.65068493150685,0.044148775325068036,6.89,6.89,-32.7,-32.7,3.66,3,1,4,0,4,1.8425,NA,1.3333333333333333,5.333333333333333,5,1,1,1,1,1
2022,73,5,1,3,AC_064,AC_017,G1,n,3,TRUE,FALSE,TRUE,3,3,2021-12-05,2021-10-27,2021-11-04,2022-05-03,2022-05-13,10,149,188,180,20.837,20.837,232.885,232.885,NA,NA,NA,NA,20.866,1.02,20.45686274509804,0.048883350905779735,NA,NA,-31.71,-31.71,3.29,3,0,3,8,6,1.6233333333333333,NA,2,6,6,1,1,1,1,1
2022,74,5,1,3,AC_124,AC_100,G1,n,5,TRUE,FALSE,TRUE,5,5,2021-12-05,2021-10-27,2021-11-04,2022-05-03,2022-05-13,10,149,188,180,19.352,19.352,NA,NA,NA,NA,NA,NA,14.101,0.66,21.365151515151517,0.046805191121197076,9.62,9.62,-31.39,-31.39,2.14,4,0,4,11,10,1.248,NA,2.5,10,10,1,1,1,1,1
2022,75,3,1,3,AC_008,AC_092,G1,n,1,TRUE,FALSE,TRUE,1,1,NA,2021-10-27,2021-11-04,2022-05-03,2022-05-13,10,NA,188,180,NA,23.179,NA,347.501,NA,NA,NA,NA,16.252,0.88,18.468181818181815,0.054147181885306435,4.92,4.92,-31.97,-31.97,2.98,3,0,3,8,3,1.0533333333333335,NA,1,3,3,0,1,1,1,1
2022,76,7,1,3,AC_168,AC_010,G1,n,7,TRUE,FALSE,TRUE,7,7,2021-11-03,2021-10-27,2021-11-04,2022-05-03,2022-05-13,10,181,188,180,21.382,21.382,278.357,278.357,NA,NA,NA,NA,17.69,1.15,15.382608695652177,0.06500847936687393,15.18,15.18,-31.8,-31.8,3.17,7,0,7,5,9,1.395,NA,1.2857142857142858,9,9,1,1,1,1,1
2022,77,4,1,3,AC_089,AC_032,G1,n,7,TRUE,FALSE,TRUE,7,7,NA,2021-10-27,2021-11-04,2022-05-03,2022-05-13,10,NA,188,180,21.523,21.523,258.484,258.484,NA,NA,NA,NA,24.905,1.09,22.84862385321101,0.04376631198554507,NA,NA,-31.04,-31.04,3.46,3,0,3,5,5,2.06,0.4384062043356595,1.6666666666666667,5,5,0,1,1,1,1
2022,78,3,1,3,AC_015,AC_197,G1,R,10,TRUE,TRUE,TRUE,10,"4,9,10",2021-11-03,2021-10-27,2021-11-04,2022-05-03,2022-05-13,10,181,188,180,NA,19.442,NA,229.617,NA,NA,NA,NA,8.427,0.67,12.577611940298507,0.07950634864127211,34.32,34.32,-32.01,-32.01,3.37,9,2,11,0,22,2.2269444444444444,0.3508035308886596,2.4444444444444446,26.888888888888893,27,1,1,1,1,1
2022,79,5,1,3,AC_172,AC_208,G1,R,6,TRUE,TRUE,TRUE,6,"6,3,8",2021-12-05,2021-10-27,2021-11-04,2022-05-03,2022-05-03,0,149,188,180,NA,21.743,NA,261.195,NA,NA,NA,NA,17.937,1.25,14.3496,0.0696883536823326,3.86,3.86,NA,NA,NA,1,0,1,0,0,NA,NA,0,0,0,1,1,1,1,0
2022,80,3,1,3,AC_047,AC_113,G1,n,8,TRUE,FALSE,TRUE,8,8,2021-12-05,2021-10-27,2021-11-04,2022-05-03,2022-05-13,10,149,188,180,NA,20.579,NA,259.114,NA,NA,NA,NA,19.758,1.02,19.370588235294118,0.051624658366231396,19.47,19.47,-29.96,-29.96,6.64,10,0,10,8,24,0.8153947368421053,0.2115737921602906,2.4,24,24,1,1,1,1,1
2022,81,7,1,3,AC_169,AC_075,G1,n,5,TRUE,FALSE,TRUE,5,5,2021-12-05,2021-10-27,2021-11-04,2022-05-03,2022-05-13,10,149,188,180,20.972,20.972,252.308,252.308,NA,NA,NA,NA,11.03,0.4,27.574999999999996,0.03626473254759747,4.05,4.05,-32.16,-32.16,2.56,2,0,2,2,3,2.3466666666666667,NA,1.5,3,3,1,1,1,1,1
2022,82,1,1,3,AC_156,AC_016,G1,n,9,TRUE,FALSE,TRUE,9,9,2021-11-03,2021-10-27,2021-11-04,2022-04-22,2022-05-13,21,170,177,169,23.535,23.535,331.138,331.138,NA,NA,NA,NA,10.946,0.44,24.877272727272725,0.040197332358852554,12.38,12.38,-32.01,-32.01,3.46,10,0,10,6,13,2.5991666666666666,0.015320646925708413,1.3,13,13,1,1,1,1,1
2022,83,6,1,3,AC_195,AC_179,G1,n,5,TRUE,FALSE,TRUE,5,5,2021-12-05,2021-10-27,2021-11-04,2022-04-22,2022-05-13,21,138,177,169,21.094,21.094,258.329,258.329,NA,NA,NA,NA,9.918,0.62,15.996774193548386,0.06251260334744908,5.43,5.43,-32.75,-32.75,2.54,5,0,5,7,23,1.4649999999999999,0.3323401871576773,4.6,23,23,1,1,1,1,1
2022,84,1,1,3,AC_007,AC_187,G1,R,5,TRUE,TRUE,TRUE,5,"2,7,5",2021-11-03,2021-10-27,2021-11-04,2022-04-09,2022-05-13,34,157,164,156,19.75,19.75,254.52,254.52,NA,NA,NA,NA,7.766,0.53,14.652830188679244,0.06824620139067732,NA,NA,-31.34,-31.34,2.59,26,3,29,0,93,1.8081874999999998,0.19966927733755155,3.576923076923077,103.73076923076924,104,1,1,1,1,1
2022,85,3,1,3,AC_008,AC_188,G1,n,4,TRUE,FALSE,TRUE,4,4,2021-11-03,2021-10-27,2021-11-04,2022-04-22,2022-05-03,11,170,177,169,NA,19.785,NA,247.252,NA,NA,NA,NA,10.427,0.68,15.333823529411763,0.0652153064160353,4.26,4.26,-33,-33,1.88,4,0,4,12,8,1.5528571428571427,0.9515636969681824,2,8,8,1,1,1,1,1
2022,86,1,1,3,AC_007,AC_147,G1,n,9,TRUE,FALSE,TRUE,9,9,2021-12-05,2021-10-27,2021-11-04,2022-04-22,2022-05-13,21,138,177,169,14.885,14.885,162.526,162.526,NA,NA,NA,NA,13.161,0.61,21.575409836065575,0.046349061621457334,21.19,21.19,-31.82,-31.82,3.86,8,2,10,13,25,1.5626587301587302,0.1962501915721713,3.125,31.25,31,1,1,1,1,1
2022,87,5,1,3,AC_103,AC_201,G1,n,8,TRUE,FALSE,TRUE,8,8,2021-12-05,2021-10-27,2021-11-04,2022-04-22,2022-05-03,11,138,177,169,17.738,17.738,210.732,210.732,NA,NA,NA,NA,NA,NA,NA,NA,8.61,8.61,-32.89,-32.89,2.97,7,0,7,7,9,1.597777777777778,NA,1.2857142857142858,9,9,1,1,1,1,1
2022,88,4,1,3,AC_094,AC_216,G1,R,5,TRUE,TRUE,TRUE,5,"1,5,10",2021-11-03,2021-10-27,2021-11-04,2022-04-22,2022-05-13,21,170,177,169,21.434,21.434,301.808,301.808,NA,NA,NA,NA,11.466,0.54,21.23333333333333,0.04709576138147567,46.91,46.91,-30.49,-30.49,3.89,14,2,16,0,32,1.5307097288676237,0.69659790434066,2.2857142857142856,36.57142857142857,37,1,1,1,1,1
2022,89,5,1,3,AC_172,AC_040,G1,R,4,TRUE,TRUE,TRUE,4,"2,8,4",2021-11-03,2021-10-27,2021-11-04,2022-04-09,2022-05-13,34,157,164,156,21.239,21.239,311.745,311.745,NA,NA,NA,NA,25.788,1.47,17.542857142857144,0.057003257328990226,99.26,99.26,-32.08,-32.08,3.55,37,2,39,0,87,1.5527676767676768,0.08360501352125486,2.3513513513513513,91.7027027027027,92,1,1,1,1,1
2022,90,1,1,3,AC_007,AC_081,G1,R,1,TRUE,TRUE,TRUE,1,"1,6,2",2021-12-05,2021-10-27,2021-11-04,2022-04-22,2022-05-13,21,138,177,169,17.441,17.441,186.942,186.942,NA,NA,NA,NA,11.14,0.48,23.208333333333336,0.04308797127468581,NA,NA,NA,-31.39,NA,2,0,2,0,7,2.042857142857143,NA,3.5,7,7,1,1,1,1,1
2022,91,2,1,3,AC_125,AC_095,G1,n,10,TRUE,FALSE,TRUE,10,10,2021-11-03,2021-10-27,2021-11-04,2022-04-09,2022-05-03,24,157,164,156,16.35,16.35,183.09,183.09,NA,NA,NA,NA,15.607,0.85,18.361176470588234,0.05446274107772154,11.78,11.78,-32.52,-32.52,3.97,5,1,6,8,10,2.591875,0.18119611267905286,2,12,12,1,1,1,1,1
2022,92,1,1,3,AC_002,AC_122,G1,n,2,TRUE,FALSE,TRUE,2,2,2021-12-05,2021-10-27,2021-11-04,2022-04-22,2022-05-03,11,138,177,169,18.481,18.481,216.645,216.645,NA,NA,NA,NA,16.583,0.84,19.741666666666667,0.05065428450823132,8.7,8.7,-32.25,-32.25,2.68,4,0,4,11,4,1.325,0.6293250352560273,1,4,4,1,1,1,1,1
2022,93,5,1,3,AC_103,AC_154,G1,n,3,TRUE,FALSE,TRUE,3,3,2021-12-05,2021-10-27,2021-11-04,2022-04-09,2022-05-03,24,125,164,156,24.119,24.119,337.022,337.022,NA,NA,NA,NA,14.315,0.61,23.4672131147541,0.04261264407963675,6.73,6.73,-32.16,-32.16,2.49,1,2,3,15,4,1.4175,NA,4,12,12,1,1,1,1,1
2022,94,1,1,3,AC_156,AC_090,G1,n,4,TRUE,FALSE,TRUE,4,4,2021-11-03,2021-10-27,2021-11-04,2022-04-09,2022-05-13,34,157,164,156,20.809,20.809,255.94,255.94,NA,NA,NA,NA,11.51,0.47,24.48936170212766,0.04083405734144222,11.59,11.59,-32.09,-32.09,4.88,7,2,9,16,14,1.7155555555555555,0.14927809825049332,2,18,18,1,1,1,1,1
2022,95,6,1,3,AC_052,AC_133,G1,n,4,TRUE,FALSE,TRUE,4,4,NA,2021-10-27,2021-11-04,2022-04-09,2022-05-13,34,NA,164,156,19.87,19.87,254.45,254.45,NA,NA,NA,NA,5.759,0.22,26.17727272727273,0.038201076575794406,NA,NA,NA,NA,NA,0,0,0,0,0,NA,NA,NA,0,0,0,1,0,0,0
2022,96,5,1,3,AC_054,AC_155,G1,n,4,TRUE,FALSE,TRUE,4,4,2021-11-03,2021-10-27,2021-11-04,2022-04-09,2022-05-13,34,157,164,156,23.836,23.836,340.205,340.205,NA,NA,NA,NA,21.986,1.27,17.31181102362205,0.05776403165650868,37.14,37.14,-31.45,-31.45,4.33,11,0,11,19,41,2.4055925925925927,0.8487743547903612,3.727272727272727,41,41,1,1,1,1,1
2022,97,4,1,3,AC_094,AC_217,G1,R,6,TRUE,TRUE,TRUE,6,"6,5,10",2021-12-05,2021-10-27,2021-11-04,2022-04-22,2022-04-22,0,138,177,169,19.764,19.764,227.057,227.057,NA,NA,NA,NA,21.928,1.24,17.683870967741935,0.056548704852243704,1.62,1.62,NA,NA,NA,0,0,0,NA,0,NA,NA,NA,0,0,1,1,0,0,0
2022,98,4,1,3,AC_097,AC_064,G1,n,8,TRUE,FALSE,TRUE,8,8,2021-11-03,2021-10-27,2021-11-04,2022-04-09,2022-05-13,34,157,164,156,NA,20.518,NA,237.357,NA,NA,NA,NA,11.82,0.54,21.88888888888889,0.04568527918781726,78.17,78.17,-30.13,-30.13,4.72,17,6,23,21,84,1.696825396825397,0.1512984033395979,4.9411764705882355,113.64705882352942,114,1,1,1,1,1
2022,99,5,1,3,AC_054,AC_119,G1,n,6,TRUE,FALSE,TRUE,6,6,2021-11-03,2021-10-27,2021-11-04,2022-04-22,2022-05-13,21,170,177,169,19.45,19.45,231.376,231.376,NA,NA,NA,NA,25.476,1.3,19.596923076923076,0.05102841890406658,28.12,28.12,-31.48,-31.48,6.28,4,0,4,16,15,1.5106666666666666,NA,3.75,15,15,1,1,1,1,1
2022,100,5,1,3,AC_071,AC_115,G1,n,6,TRUE,FALSE,TRUE,6,6,2021-11-03,2021-10-27,2021-11-04,2022-04-09,2022-06-07,59,157,164,156,22.165,22.165,318.973,318.973,NA,NA,NA,NA,13.452,0.52,25.869230769230768,0.03865596193874517,29.69,29.69,-31.98,-31.98,4.41,2,1,3,10,3,2.9699999999999998,0.46669047558312116,1.5,4.5,4,1,1,1,1,1
2022,101,3,1,3,AC_159,AC_192,G1,n,10,TRUE,FALSE,TRUE,10,10,NA,2021-10-27,2021-11-04,2022-04-22,2022-05-13,21,NA,177,169,27.127,27.127,445.133,445.133,NA,NA,NA,NA,NA,NA,NA,NA,10.88,10.88,-32.31,-32.31,2.77,0,6,6,0,0,NA,NA,NA,NA,NA,0,1,1,0,0
2022,102,5,1,3,AC_216,AC_099,G1,R,9,TRUE,TRUE,TRUE,9,"2,8,9",2021-12-05,2021-10-27,2021-11-04,2022-04-09,2022-04-22,13,125,164,156,15.053,15.053,126.92,126.92,NA,NA,NA,NA,23.766,1.19,19.97142857142857,0.050071530758226034,6.52,6.52,-31.4,-31.4,2.66,4,0,4,0,7,1.0885714285714285,NA,1.75,7,7,1,1,1,1,1
2022,103,1,1,3,AC_156,AC_005,G1,n,1,TRUE,FALSE,TRUE,1,1,2021-11-03,2021-10-27,2021-11-04,2022-04-09,2022-05-13,34,157,164,156,16.385,16.385,167.762,167.762,NA,NA,NA,NA,9.169,0.21,43.661904761904765,0.022903260988112115,6.01,6.01,-32.69,-32.69,2.41,4,0,4,6,8,1.7199999999999998,0.5939696961966996,2,8,8,1,1,1,1,1
2022,104,1,1,3,AC_002,AC_160,G1,n,2,TRUE,FALSE,TRUE,2,2,2021-12-05,2021-10-27,2021-11-04,2022-04-09,2022-05-13,34,125,164,156,23.192,23.192,318.169,318.169,NA,NA,NA,NA,9.8,0.49,20.000000000000004,0.04999999999999999,44.98,44.98,-31.75,-31.75,3.98,11,6,17,10,12,2.13,NA,1.0909090909090908,18.545454545454543,19,1,1,1,1,1
2022,105,5,1,3,AC_172,AC_111,G1,R,2,TRUE,TRUE,TRUE,2,"2,4,10",2021-12-05,2021-10-27,2021-11-04,2022-04-09,2022-05-13,34,125,164,156,21.142,21.142,239.867,239.867,14.618,0.56,26.103571428571428,0.038308934190723766,10.928,0.42,26.019047619047623,0.038433382137628105,21.16,21.16,-31.66,-31.66,5.02,7,1,8,0,7,1.3471428571428572,NA,1,8,8,1,1,1,1,1
2022,106,6,1,3,AC_052,AC_212,G1,n,8,TRUE,FALSE,TRUE,8,8,NA,2021-10-27,2021-11-04,2022-04-09,2022-05-03,24,NA,164,156,19.394,19.394,212.273,212.273,NA,NA,NA,NA,NA,NA,NA,NA,9.03,9.03,-33.49,-33.49,3.98,5,1,6,0,8,1.105,NA,1.6,9.600000000000001,10,0,1,1,1,1
2022,107,1,1,3,AC_198,AC_051,G1,n,6,TRUE,FALSE,TRUE,6,6,2021-11-03,2021-10-27,2021-11-04,2022-04-09,2022-04-22,13,157,164,156,19.416,19.416,221.79,221.79,NA,NA,NA,NA,NA,NA,NA,NA,12.09,12.09,-32.55,-32.55,4.48,4,3,7,2,10,1.6039999999999999,NA,2.5,17.5,18,1,1,1,1,1
2022,108,5,2,4,AC_054,AC_119,G1,n,1,TRUE,FALSE,TRUE,1,1,2021-11-03,2021-10-27,2021-11-04,2022-05-03,2022-05-13,10,181,188,180,24.414,24.414,295.591,295.591,NA,NA,NA,NA,44.601,2.64,16.894318181818182,0.05919149794847649,34.36,34.36,-31.58,-31.58,2.98,8,0,8,0,3,1.5866666666666667,NA,0.375,3,3,1,1,1,1,1
2022,109,4,2,4,AC_089,AC_032,G1,n,5,TRUE,FALSE,TRUE,5,5,2021-11-03,2021-10-27,2021-11-04,2022-05-03,2022-05-13,10,181,188,180,22.474,22.474,292.234,292.234,NA,NA,NA,NA,25.863,2.18,11.863761467889907,0.08429029888257357,21.67,21.67,-28.83,-28.83,2.3,3,5,8,19,14,1.662857142857143,NA,4.666666666666667,37.333333333333336,37,1,1,1,1,1
2022,110,5,2,4,AC_165,AC_206,G1,n,2,TRUE,FALSE,TRUE,2,2,NA,2021-10-27,2021-11-04,2022-05-03,2022-05-24,21,NA,188,180,25.021,25.021,348.259,348.259,NA,NA,NA,NA,16.659,1.09,15.283486238532108,0.06543009784500871,12.2,12.2,-31.83,-31.83,2.75,4,2,6,8,6,1.6983333333333333,NA,1.5,9,9,0,1,1,1,1
2022,111,7,2,4,AC_168,AC_010,G1,n,7,TRUE,FALSE,TRUE,7,7,2021-12-05,2021-10-27,2021-11-04,2022-05-03,2022-05-13,10,149,188,180,17.792,17.792,181.373,181.373,NA,NA,NA,NA,33.552,2.09,16.053588516746412,0.062291368621840724,7.46,7.46,-31.76,-31.76,3.45,1,2,3,2,0,NA,NA,0,0,0,1,1,1,1,0
2022,112,3,2,4,AC_170,AC_185,G1,n,4,TRUE,FALSE,TRUE,4,4,NA,2021-10-27,2021-11-04,2022-05-03,2022-05-24,21,NA,188,180,NA,NA,NA,NA,NA,NA,NA,NA,34.127,1.72,19.841279069767445,0.05039997655815043,19.7,19.7,-31.94,-31.94,3.89,8,3,11,3,13,1.5845833333333332,0.23563853851467786,1.625,17.875,18,0,1,1,1,1
2022,113,2,2,4,AC_207,AC_055,G1,R,2,TRUE,TRUE,TRUE,2,"1,2,3",2021-11-03,2021-10-27,2021-11-04,2022-04-22,2022-05-13,21,170,177,169,23.229,23.229,282.578,282.578,NA,NA,NA,NA,36.584,2.13,17.175586854460096,0.05822217362781543,164.44,164.44,-30.53,-30.53,3.9,16,11,27,0,28,1.5993939393939396,0.7651752471567156,1.75,47.25,47,1,1,1,1,1
2022,114,1,2,4,AC_156,AC_016,G1,n,2,TRUE,FALSE,TRUE,2,2,2021-12-05,2021-10-27,2021-11-04,2022-04-22,2022-05-24,32,138,177,169,NA,25.111,NA,393.023,NA,NA,NA,NA,23.862,1.71,13.95438596491228,0.07166205682675383,25.86,25.86,-31.11,-31.11,3.05,4,4,8,14,11,1.7754545454545456,NA,2.75,22,22,1,1,1,1,1
2022,115,7,2,4,AC_169,AC_182,G1,n,4,TRUE,FALSE,TRUE,4,4,NA,2021-10-27,2021-11-04,2022-05-13,2022-05-13,0,NA,198,190,NA,23.937,NA,338.594,NA,NA,NA,NA,24.438,1.55,15.766451612903225,0.06342581225959572,13.24,13.24,-31.79,-31.79,2.8,5,2,7,0,7,1.7885714285714285,NA,1.4,9.799999999999999,10,0,1,1,1,1
2022,116,5,2,4,AC_172,AC_040,G1,R,7,TRUE,TRUE,TRUE,7,"2,7,8",2021-12-05,2021-10-27,2021-11-04,2022-04-22,2022-05-24,32,138,177,169,22.2,22.2,305.3,305.3,NA,NA,NA,NA,54.46,3.09,17.624595469255663,0.05673889092912229,NA,34.34,NA,-30.62,NA,12,4,16,0,30,1.7053333333333331,NA,2.5,40,40,1,1,1,1,1
2022,117,5,2,4,AC_103,AC_144,G1,n,4,TRUE,FALSE,TRUE,4,4,2021-12-05,2021-10-27,2021-11-04,2022-05-03,2022-05-13,10,149,188,180,25.945,25.945,342.94,342.94,NA,NA,NA,NA,22.338,1.23,18.1609756097561,0.055063121138866494,3.9,3.9,-32.1,-32.1,2.05,0,3,3,2,0,NA,NA,NA,NA,NA,1,1,1,0,0
2022,118,3,2,4,AC_161,AC_088,G1,n,6,TRUE,FALSE,TRUE,6,6,2021-11-03,2021-10-27,2021-11-04,2022-04-22,2022-05-13,21,170,177,169,19.986,19.986,289.914,289.914,NA,NA,NA,NA,23.337,1.42,16.43450704225352,0.06084758109439945,34.72,34.72,-30.87,-30.87,5.27,7,6,13,10,7,2.1185714285714288,NA,1,13,13,1,1,1,1,1
2022,119,3,2,4,AC_008,AC_092,G1,n,2,TRUE,FALSE,TRUE,2,2,2021-12-05,2021-10-27,2021-11-04,2022-04-22,2022-05-13,21,138,177,169,23.389,23.389,330.775,330.775,NA,NA,NA,NA,49.376,3.23,15.286687306501547,0.06541639662994168,NA,NA,-31.54,-31.54,4.51,6,1,7,12,5,2.425,0.6010407640085654,0.8333333333333334,5.833333333333334,6,1,1,1,1,1
2022,120,4,2,4,AC_091,AC_204,G1,R,6,TRUE,TRUE,TRUE,6,"6,3,5",2021-11-03,2021-10-27,2021-11-04,2022-04-09,2022-05-13,34,157,164,156,26.234,26.234,440.894,440.894,NA,NA,NA,NA,68.22,4.2,16.24285714285714,0.06156552330694812,50.44,50.44,-30.83,-30.83,2.24,11,7,18,19,31,1.134590909090909,0.25963675356476956,2.8181818181818183,50.727272727272734,51,1,1,1,1,1
2022,121,3,2,4,AC_170,AC_118,G1,n,4,TRUE,FALSE,TRUE,4,4,2021-12-05,2021-10-27,2021-11-04,2022-04-09,2022-05-13,34,125,164,156,23.664,23.664,369.618,369.618,NA,NA,NA,NA,54.882,3.33,16.48108108108108,0.06067563135454248,51.92,51.92,-30.35,-30.35,4.09,17,11,28,6,54,0.9899046104928457,0.13047188080208386,3.176470588235294,88.94117647058823,89,1,1,1,1,1
2022,122,7,2,4,AC_107,AC_130,G1,n,5,TRUE,FALSE,TRUE,5,5,2021-12-05,2021-10-27,2021-11-04,2022-04-09,2022-05-13,34,125,164,156,22.323,22.323,317.006,317.006,NA,NA,NA,NA,30.884,1.52,20.318421052631578,0.04921642274316799,42.48,42.48,-30.34,-30.34,3.4,8,9,17,0,21,1.7495238095238097,NA,2.625,44.625,45,1,1,1,1,1
2022,123,2,2,4,AC_039,AC_148,G1,n,5,TRUE,FALSE,TRUE,5,5,2021-12-05,2021-10-27,2021-11-04,2022-04-09,2022-05-13,34,125,164,156,NA,NA,NA,NA,NA,NA,NA,NA,38.407,2.62,14.659160305343509,0.06821673132501889,NA,NA,-30.87,-30.87,4.32,14,3,17,2,32,1.9367149758454107,0.8946756124125519,2.2857142857142856,38.857142857142854,39,1,1,1,1,1
2022,124,3,2,4,AC_047,AC_113,G1,n,8,TRUE,FALSE,TRUE,8,8,2021-12-05,2021-10-27,2021-11-04,2022-04-22,2022-04-22,0,138,177,169,20.315,20.315,236.294,236.294,NA,NA,NA,NA,17.562,1.47,11.946938775510205,0.08370345063204646,NA,NA,NA,NA,NA,0,0,0,2,0,NA,NA,NA,0,0,1,1,0,0,0
2022,125,5,2,4,AC_216,AC_034,G1,R,7,TRUE,TRUE,TRUE,7,"1,7,4",2021-12-05,2021-10-27,2021-11-04,2022-04-09,2022-05-13,34,125,164,156,17.782,17.782,204.075,204.075,NA,NA,NA,NA,70.759,3.73,18.97024128686327,0.052714142370581835,24.45,24.45,-30.02,-30.02,3.29,6,5,11,19,11,2.2423333333333333,0.4728187343534048,1.8333333333333333,20.166666666666664,20,1,1,1,1,1
2022,126,5,2,4,AC_054,AC_046,G1,n,8,TRUE,FALSE,TRUE,8,8,2021-12-05,2021-10-27,2021-11-04,2022-04-22,2022-05-13,21,138,177,169,20.951,20.951,253.347,253.347,NA,NA,NA,NA,35.135,3,11.711666666666666,0.08538494378824535,19.14,19.14,-30.98,-30.98,3.06,10,3,13,19,14,2.273030303030303,0.707535330750903,1.4,18.2,18,1,1,1,1,1
2022,127,6,2,4,AC_195,AC_179,G1,n,2,TRUE,FALSE,TRUE,2,2,2021-11-03,2021-10-27,2021-11-04,2022-04-22,2022-05-13,21,170,177,169,22.41,22.41,325.379,325.379,NA,NA,NA,NA,39.95,2.64,15.132575757575758,0.06608260325406759,10.18,10.18,-32.26,-32.26,2.25,3,4,7,9,7,1.9585714285714286,NA,2.3333333333333335,16.333333333333336,16,1,1,1,1,1
2022,128,7,2,4,AC_045,AC_151,G1,n,5,TRUE,FALSE,TRUE,5,5,2021-12-05,2021-10-27,2021-11-04,2022-04-22,2022-05-03,11,138,177,169,19.978,19.978,255.727,255.727,NA,NA,NA,NA,45.708,3.91,11.690025575447569,0.08554301216417258,21.75,21.75,-31.24,-31.24,2.48,3,3,6,18,6,2.37125,0.6770547429861192,2,12,12,1,1,1,1,1
2022,129,5,2,4,AC_071,AC_215,G1,n,2,TRUE,FALSE,TRUE,2,2,2021-11-03,2021-10-27,2021-11-04,2022-04-22,2022-05-13,21,170,177,169,24.008,24.008,362.144,362.144,NA,NA,NA,NA,35.988,1.72,20.92325581395349,0.047793709014115816,106.85,106.85,-31.6,-31.6,4.17,17,5,22,18,24,2.1761428571428567,0.16000816305707027,1.411764705882353,31.058823529411768,31,1,1,1,1,1
2022,130,3,2,4,AC_015,AC_197,G1,R,3,TRUE,TRUE,TRUE,3,"6,7,3",2021-11-03,2021-10-27,2021-11-04,2022-04-09,2022-05-24,45,157,164,156,NA,NA,NA,NA,NA,NA,NA,NA,106.324,6.38,16.665203761755485,0.06000526691998044,192.77,192.77,-30.96,-30.96,3.08,30,14,44,0,175,1.6005530612244898,0.10571679301257976,5.833333333333333,256.66666666666663,257,1,1,1,1,1
2022,131,1,2,4,AC_198,AC_072,G1,n,2,TRUE,FALSE,TRUE,2,2,2021-11-03,2021-10-27,2021-11-04,2022-04-09,2022-05-13,34,157,164,156,NA,NA,NA,NA,NA,NA,NA,NA,35.763,2.04,17.530882352941177,0.0570421944467746,66.39,66.39,-31.04,-31.04,2.72,14,12,26,15,23,1.2832499999999998,0.22521350980791538,1.6428571428571428,42.714285714285715,43,1,1,1,1,1
2022,132,5,2,4,AC_216,AC_058,G1,R,8,TRUE,TRUE,TRUE,8,"7,8,4",2021-12-05,2021-10-27,2021-11-04,2022-04-09,2022-05-13,34,125,164,156,NA,16.459,NA,160.334,NA,NA,NA,NA,72.9,4.82,15.12448132780083,0.06611796982167353,NA,93.5,NA,-30.57,NA,5,2,7,52,41,2.127922077922078,0.11221876449480035,8.2,57.39999999999999,57,1,1,1,1,1
2022,133,4,2,4,AC_094,AC_109,G1,R,6,TRUE,TRUE,TRUE,6,"6,2,3",2021-11-03,2021-10-27,2021-11-04,2022-04-09,2022-05-13,34,157,164,156,NA,NA,NA,NA,NA,NA,NA,NA,77.734,4.52,17.197787610619468,0.058147014176550806,150.96,150.96,-30.65,-30.65,2.67,23,10,33,44,112,1.701476923076923,0.022934808562248384,4.869565217391305,160.69565217391306,161,1,1,1,1,1
2022,134,1,2,4,AC_150,AC_083,G1,n,3,TRUE,FALSE,TRUE,3,3,2021-11-03,2021-10-27,2021-11-04,2022-04-09,2022-05-03,24,157,164,156,NA,NA,NA,NA,NA,NA,NA,NA,26.644,1.76,15.138636363636362,0.06605614772556674,8.13,8.13,-32.12,-32.12,3.49,2,1,3,18,5,1.77,NA,2.5,7.5,8,1,1,1,1,1
2022,135,5,2,4,AC_124,AC_014,G1,n,1,TRUE,FALSE,TRUE,1,1,2021-12-05,2021-10-27,2021-11-04,2022-04-09,2022-05-13,34,125,164,156,NA,NA,NA,NA,NA,NA,NA,NA,45.861,2.51,18.27131474103586,0.05473059898388608,19.01,19.01,-31.75,-31.75,3.27,5,1,6,38,12,3.6895454545454545,0.8915973686415833,2.4,14.399999999999999,14,1,1,1,1,1
2022,136,5,2,4,AC_103,AC_154,G1,n,6,TRUE,FALSE,TRUE,6,6,2021-11-03,2021-10-27,2021-11-04,2022-04-22,2022-05-13,21,170,177,169,22.033,22.033,248.791,248.791,NA,NA,NA,NA,71.239,4.85,14.688453608247425,0.06808068614101825,38.84,38.84,-31.26,-31.26,2.88,13,0,13,47,32,1.4745,0.1209152595828995,2.4615384615384617,32,32,1,1,1,1,1
2022,137,2,2,4,AC_207,AC_070,G1,R,5,TRUE,TRUE,TRUE,5,"7,4,5",2021-12-05,2021-10-27,2021-11-04,2022-04-09,2022-05-13,34,125,164,156,NA,18.584,NA,188.001,NA,NA,NA,NA,43.459,3.47,12.524207492795389,0.07984537149957431,25.71,25.71,-31.24,-31.24,5,9,4,13,0,28,1.5735000000000001,0.11172287142747461,3.111111111111111,40.44444444444444,40,1,1,1,1,1
2022,138,1,2,4,AC_179,AC_171,G1,n,1,TRUE,FALSE,TRUE,1,1,2021-12-05,2021-10-27,2021-11-04,2022-04-09,2022-05-03,24,125,164,156,NA,NA,NA,NA,NA,NA,NA,NA,52.362,3.11,16.836655948553055,0.059394217180397994,5.45,5.45,-32.23,-32.23,2.01,0,3,3,0,0,NA,NA,NA,NA,NA,1,1,1,0,0
2022,139,5,2,4,AC_071,AC_115,G1,n,8,TRUE,FALSE,TRUE,8,8,2021-11-03,2021-10-27,2021-11-04,2022-04-09,2022-05-13,34,157,164,156,23.027,23.027,329.746,329.746,NA,NA,NA,NA,17.417,1.09,15.978899082568807,0.06258253430556353,22.54,22.54,-32.05,-32.05,4.09,10,3,13,11,18,2.06025974025974,0.2529054643360715,1.8,23.400000000000002,23,1,1,1,1,1
2022,140,3,2,4,AC_047,AC_152,G1,n,7,TRUE,FALSE,TRUE,7,7,NA,2021-10-27,2021-11-04,2022-04-09,2022-06-22,74,NA,164,156,25.951,25.951,367.318,367.318,NA,NA,NA,NA,85.553,3.77,22.69310344827586,0.04406625132958517,44.03,44.03,-31.63,-31.63,3.45,2,0,2,6,3,2.1966666666666668,NA,1.5,3,3,0,1,1,1,1
2022,141,2,2,4,AC_061,AC_158,G1,n,5,TRUE,FALSE,TRUE,5,5,2021-11-03,2021-10-27,2021-11-04,2022-04-09,2022-05-13,34,157,164,156,21.273,21.273,262.477,262.477,NA,NA,NA,NA,42.302,3.3,12.81878787878788,0.07801049595763793,38.38,38.38,-31.66,-31.66,2.71,7,1,8,25,9,2.303125,0.6885452281804008,1.2857142857142858,10.285714285714286,10,1,1,1,1,1
2022,142,3,2,4,AC_170,AC_203,G1,n,9,TRUE,FALSE,TRUE,9,9,2021-11-03,2021-10-27,2021-11-04,2022-04-09,2022-05-03,24,157,164,156,NA,NA,NA,NA,NA,NA,NA,NA,19.056,1.05,18.14857142857143,0.055100755667506295,NA,NA,NA,NA,NA,0,0,0,28,0,NA,NA,NA,0,0,1,1,0,0,0
2022,143,3,2,4,AC_102,AC_178,G1,n,3,TRUE,FALSE,TRUE,3,3,2021-12-05,2021-10-27,2021-11-04,2022-04-09,2022-05-13,34,125,164,156,NA,NA,NA,NA,NA,NA,NA,NA,20.772,1.98,10.49090909090909,0.09532062391681109,60.33,60.33,-30.15,-30.15,2.35,9,5,14,26,20,3.3031249999999996,0.1935704813498175,2.2222222222222223,31.111111111111114,31,1,1,1,1,1
2022,144,6,2,5,AC_052,AC_131,G1,n,3,TRUE,FALSE,TRUE,3,3,2021-11-03,2021-10-27,2021-11-04,2022-05-03,2022-05-13,10,181,188,180,24.932,24.932,374.811,374.811,NA,NA,NA,NA,20.168,1.52,13.26842105263158,0.0753669178897263,16.39,16.39,-32.26,-32.26,4.65,9,3,12,28,9,2.619375,0.4392900878121429,1,12,12,1,1,1,1,1
2022,145,4,2,5,AC_094,AC_216,G1,R,6,TRUE,TRUE,TRUE,6,"6,4,5",2021-11-03,2021-10-27,2021-11-04,2022-05-03,2022-05-13,10,181,188,180,20.85,20.85,264.698,264.698,NA,NA,NA,NA,35.444,2.51,14.121115537848608,0.0708159349960501,56,56,-30.31,-30.31,5.26,21,0,21,0,29,1.9507142857142856,0.6682451126736694,1.380952380952381,29,29,1,1,1,1,1
2022,146,5,2,5,AC_165,AC_062,G1,n,1,TRUE,FALSE,TRUE,1,1,NA,2021-10-27,2021-11-04,2022-05-03,2022-05-13,10,NA,188,180,20.962,20.962,268.621,268.621,NA,NA,NA,NA,17.061,0.96,17.771875,0.05626868296113944,19.64,19.64,-31.41,-31.41,4.41,7,1,8,8,5,2.04875,0.2669328098979215,0.7142857142857143,5.714285714285714,6,0,1,1,1,1
2022,147,1,2,5,AC_156,AC_005,G1,n,9,TRUE,FALSE,TRUE,9,9,2021-11-03,2021-10-27,2021-11-04,2022-05-03,2022-05-13,10,181,188,180,19.042,19.042,209.54,209.54,NA,NA,NA,NA,NA,NA,NA,NA,3.67,3.67,NA,NA,NA,0,1,1,6,0,NA,NA,NA,NA,NA,1,1,1,0,0
2022,148,1,2,5,AC_150,AC_110,G1,n,5,TRUE,FALSE,TRUE,5,5,2021-11-03,2021-10-27,2021-11-04,2022-05-03,2022-05-13,10,181,188,180,23.073,23.073,345.381,345.381,NA,NA,NA,NA,8.069,0.39,20.689743589743593,0.04833312678150947,16.23,16.23,-32.1,-32.1,5.14,7,2,9,6,26,1.1148214285714286,0.3714835982590757,3.7142857142857144,33.42857142857143,33,1,1,1,1,1
2022,149,3,2,5,AC_068,AC_056,G1,n,6,TRUE,FALSE,TRUE,6,6,2021-11-03,2021-10-27,2021-11-04,2022-04-22,2022-05-13,21,170,177,169,19.433,19.433,238.187,238.187,NA,NA,NA,NA,20.478,1.1,18.616363636363637,0.05371618322101768,17.28,17.28,-30.74,-30.74,2.91,8,0,8,27,19,1.7401470588235295,0.06343163772408729,2.375,19,19,1,1,1,1,1
2022,150,5,2,5,AC_054,AC_155,G1,n,9,TRUE,FALSE,TRUE,9,9,2021-11-03,2021-10-27,2021-11-04,2022-04-22,2022-05-13,21,170,177,169,23.717,23.717,347.707,347.707,NA,NA,NA,NA,15.438,1.02,15.135294117647058,0.06607073455110767,31.89,31.89,-30.89,-30.89,5.02,12,0,12,0,16,2.315769230769231,1.014485397283655,1.3333333333333333,16,16,1,1,1,1,1
2022,151,1,2,5,AC_156,AC_090,G1,n,3,TRUE,FALSE,TRUE,3,3,2021-11-03,2021-10-27,2021-11-04,2022-04-22,2022-05-13,21,170,177,169,23.064,23.064,319.653,319.653,NA,NA,NA,NA,19.944,1.32,15.109090909090908,0.06618531889290012,19.03,19.03,-31.76,-31.76,4.04,12,4,16,19,28,1.9537719298245615,0.08423254463608187,2.3333333333333335,37.333333333333336,37,1,1,1,1,1
2022,152,2,2,5,AC_177,AC_211,G1,n,10,TRUE,FALSE,TRUE,10,10,2021-11-03,2021-10-27,2021-11-04,2022-05-03,2022-05-13,10,181,188,180,20.003,20.003,244.498,244.498,NA,NA,NA,NA,13.93,0.87,16.011494252873565,0.0624551328068916,NA,NA,NA,NA,NA,6,0,6,0,15,1.801875,0.15291184143159078,2.5,15,15,1,1,1,1,1
2022,153,3,2,5,AC_159,AC_143,G1,n,8,TRUE,FALSE,TRUE,8,8,2021-11-03,2021-10-27,2021-11-04,2022-04-22,2022-05-13,21,170,177,169,20.031,20.031,226.742,226.742,NA,NA,NA,NA,26.493,1.16,22.838793103448275,0.043785150794549504,NA,NA,-31.78,-31.78,3.77,5,0,5,3,2,2.325,NA,0.4,2,2,1,1,1,1,1
2022,154,7,2,5,AC_168,AC_159,G1,n,1,TRUE,FALSE,TRUE,1,1,2021-11-03,2021-10-27,2021-11-04,2022-05-03,2022-05-13,10,181,188,180,NA,19.136,NA,218.011,NA,NA,NA,NA,10.392,0.63,16.495238095238093,0.06062355658198615,4.23,4.23,NA,NA,NA,0,1,1,8,0,NA,NA,NA,NA,NA,1,1,1,0,0
2022,155,5,2,5,AC_186,AC_048,G1,n,2,TRUE,FALSE,TRUE,2,2,2021-11-03,2021-10-27,2021-11-04,2022-04-22,2022-05-13,21,170,177,169,20.682,20.682,277.524,277.524,14.317,0.98,14.609183673469389,0.06845009429349724,14.317,0.98,14.609183673469389,0.06845009429349724,42.33,42.33,-31.14,-31.14,1.46,20,0,20,13,30,1.948888888888889,0.3080824805385966,1.5,30,30,1,1,1,1,1
2022,156,4,2,5,AC_097,AC_064,G1,n,8,TRUE,FALSE,TRUE,8,8,2021-11-03,2021-10-27,2021-11-04,2022-04-22,2022-05-13,21,170,177,169,20.817,20.817,283.855,283.855,NA,NA,NA,NA,14.311,1.09,13.129357798165136,0.0761651876179163,72.25,72.25,-29.9,-29.9,3.9,17,1,18,16,33,2.4257004830917874,0.7424599395824385,1.9411764705882353,34.94117647058823,35,1,1,1,1,1
2022,157,6,2,5,AC_160,AC_186,G1,R,6,TRUE,TRUE,TRUE,6,"6,10",2021-11-03,2021-10-27,2021-11-04,2022-04-22,2022-05-13,21,170,177,169,NA,24.707,NA,333.325,NA,NA,NA,NA,20.508,1.56,13.146153846153846,0.07606787595084845,NA,23.22,-31.1,-31.1,3.33,5,1,6,30,9,1.0817857142857141,0.3015305345488349,1.8,10.8,11,1,1,1,1,1
2022,158,2,2,5,AC_207,AC_082,G1,R,6,TRUE,TRUE,TRUE,6,"1,6,10",2021-11-03,2021-10-27,2021-11-04,2022-04-09,2022-05-13,34,157,164,156,NA,NA,NA,NA,NA,NA,NA,NA,14.768,0.93,15.879569892473118,0.06297399783315276,8.48,8.48,-31.22,-31.22,1.96,4,1,5,0,10,1.7000000000000002,0.014142135623730807,2.5,12.5,12,1,1,1,1,1
2022,159,3,2,5,AC_068,AC_089,G1,n,6,TRUE,FALSE,TRUE,6,6,2021-12-05,2021-10-27,2021-11-04,2022-04-22,2022-05-03,11,138,177,169,17.331,17.331,169.973,169.973,NA,NA,NA,NA,13.207,0.73,18.09178082191781,0.05527371848262285,3.76,3.76,NA,NA,NA,3,0,3,3,2,2.31,NA,0.6666666666666666,2,2,1,1,1,1,1
2022,160,5,2,5,AC_103,AC_201,G1,n,2,TRUE,FALSE,TRUE,2,2,2021-11-03,2021-10-27,2021-11-04,2022-04-09,2022-05-03,24,157,164,156,NA,NA,NA,NA,NA,NA,NA,NA,20.129,0.91,22.11978021978022,0.04520840578270157,10.65,10.65,-32.54,-32.54,1.79,4,0,4,11,7,2.2585714285714285,NA,1.75,7,7,1,1,1,1,1
2022,161,3,2,5,AC_015,AC_097,G1,R,9,TRUE,TRUE,TRUE,9,"8,4,9",2021-11-03,2021-10-27,2021-11-04,2022-04-09,2022-05-13,34,157,164,156,NA,22.489,NA,287.428,7.891,0.45,17.535555555555554,0.05702699277658092,7.891,0.45,17.535555555555554,0.05702699277658092,14.25,14.25,-31.53,-31.53,4.93,12,1,13,0,27,1.1942512077294685,0.3519231030713816,2.25,29.25,29,1,1,1,1,1
2022,162,3,2,5,AC_161,AC_213,G1,n,4,TRUE,FALSE,TRUE,4,4,NA,2021-10-27,2021-11-04,2022-04-09,2022-05-13,34,NA,164,156,NA,NA,NA,NA,NA,NA,NA,NA,10.822,0.5,21.644,0.04620218074293107,18.89,18.89,-31.4,-31.4,1.52,12,1,13,1,12,2.6255555555555556,0.16184888547158774,1,13,13,0,1,1,1,1
2022,163,5,2,5,AC_096,AC_128,G1,n,1,TRUE,FALSE,TRUE,1,1,2021-12-05,2021-10-27,2021-11-04,2022-04-09,2022-05-13,34,125,164,156,NA,NA,NA,NA,NA,NA,NA,NA,17.797,0.83,21.442168674698795,0.04663707366410069,NA,NA,-31.66,-31.66,4.88,11,3,14,18,27,1.3463815789473683,0.02670258502638688,2.4545454545454546,34.36363636363637,34,1,1,1,1,1
2022,164,5,2,5,AC_064,AC_017,G1,n,3,TRUE,FALSE,TRUE,3,3,2021-12-05,2021-10-27,2021-11-04,2022-04-09,2022-05-13,34,125,164,156,NA,NA,NA,NA,NA,NA,NA,NA,19.246,1.05,18.329523809523806,0.054556791021510974,13.07,13.07,-30,-30,4.37,4,1,5,14,10,1.8672222222222223,0.47690424020026034,2.5,12.5,12,1,1,1,1,1
2022,165,1,2,5,AC_002,AC_122,G1,n,6,TRUE,FALSE,TRUE,6,6,2021-11-03,2021-10-27,2021-11-04,2022-04-09,2022-05-13,34,157,164,156,NA,NA,NA,NA,NA,NA,NA,NA,12.848,0.56,22.942857142857143,0.043586550435865505,24.64,24.64,-32.04,-32.04,4.74,1,4,5,14,0,NA,NA,0,0,0,1,1,1,1,0
2022,166,4,2,5,AC_094,AC_217,G1,R,2,TRUE,TRUE,TRUE,2,"2,8,10",2021-11-03,2021-10-27,2021-11-04,2022-04-09,2022-05-13,34,157,164,156,NA,NA,NA,NA,NA,NA,NA,NA,19.788,1.32,14.99090909090909,0.0667070952092177,94.35,94.35,-30.93,-30.93,5.59,26,3,29,0,86,1.5769721767594107,6.943765445376208e-5,3.3076923076923075,95.92307692307692,96,1,1,1,1,1
2022,167,1,2,5,AC_007,AC_147,G1,n,7,TRUE,FALSE,TRUE,7,7,2021-12-05,2021-10-27,2021-11-04,2022-04-09,2022-05-13,34,125,164,156,24.175,24.175,345.329,345.329,NA,NA,NA,NA,26.627,1.42,18.751408450704226,0.05332932737446952,53.04,53.04,-30.91,-30.91,4.62,18,2,20,14,71,1.4977222222222222,0.4362622278876335,3.9444444444444446,78.88888888888889,79,1,1,1,1,1
2022,168,6,2,5,AC_052,AC_212,G1,n,9,TRUE,FALSE,TRUE,9,9,2021-12-05,2021-10-27,2021-11-04,2022-04-22,2022-04-22,0,138,177,169,24.474,24.474,368.293,368.293,NA,NA,NA,NA,NA,NA,NA,NA,NA,NA,NA,NA,NA,1,1,2,0,0,NA,NA,0,0,0,1,1,1,1,0
2022,169,5,2,5,AC_064,AC_086,G1,n,4,TRUE,FALSE,TRUE,4,4,2021-12-05,2021-10-27,2021-11-04,2022-04-22,2022-05-03,11,138,177,169,18.47,18.47,208.973,208.973,NA,NA,NA,NA,11.301,0.66,17.12272727272727,0.05840191133528007,5.09,5.09,-31.85,-31.85,2.2,3,0,3,10,7,1.9280000000000002,0.21496046148071032,2.3333333333333335,7,7,1,1,1,1,1
2022,170,7,2,5,AC_045,AC_123,G1,n,10,TRUE,FALSE,TRUE,10,10,2021-12-05,2021-10-27,2021-11-04,2022-04-09,2022-05-03,24,125,164,156,NA,NA,NA,NA,NA,NA,NA,NA,24.518,1.37,17.896350364963503,0.05587731462598907,19.61,19.61,-31.53,-31.53,4.64,3,2,5,12,13,2.8093055555555555,0.8459746962695727,4.333333333333333,21.666666666666664,22,1,1,1,1,1
2022,171,7,2,5,AC_107,AC_172,G1,n,7,TRUE,FALSE,TRUE,7,7,2021-12-05,2021-10-27,2021-11-04,2022-04-09,2022-05-13,34,125,164,156,NA,NA,NA,NA,NA,NA,NA,NA,36.87,2.31,15.961038961038959,0.0626525630593979,62.61,62.61,-30.38,-30.38,4.71,16,4,20,9,26,1.5916666666666668,0.14377837884126468,1.625,32.5,32,1,1,1,1,1
2022,172,1,2,5,AC_150,AC_200,G1,n,6,TRUE,FALSE,TRUE,6,6,2021-12-05,2021-10-27,2021-11-04,2022-04-09,2022-05-13,34,125,164,156,NA,NA,NA,NA,NA,NA,NA,NA,14.203,0.82,17.320731707317073,0.057734281489826095,123.38,123.38,-31.39,-31.39,2.37,7,1,8,2,15,1.7693333333333332,NA,2.142857142857143,17.142857142857142,17,1,1,1,1,1
2022,173,1,2,5,AC_179,AC_136,G1,n,3,TRUE,FALSE,TRUE,3,3,2021-11-03,2021-10-27,2021-11-04,2022-04-09,2022-05-13,34,157,164,156,NA,NA,NA,NA,NA,NA,NA,NA,16.165,0.73,22.143835616438356,0.045159294772656976,31.45,31.45,-31.56,-31.56,3.53,8,2,10,4,10,1.6062500000000002,0.37299882707590387,1.25,12.5,12,1,1,1,1,1
2022,174,4,2,5,AC_097,AC_054,G1,n,6,TRUE,FALSE,TRUE,6,6,2021-11-03,2021-10-27,2021-11-04,2022-04-09,2022-05-13,34,157,164,156,NA,NA,NA,NA,NA,NA,NA,NA,18.695,1.22,15.323770491803279,0.06525809039850228,38.88,38.88,-31.61,-31.61,3.09,23,2,25,7,52,2.1464583333333334,0.2136051734834362,2.260869565217391,56.52173913043478,57,1,1,1,1,1
2022,175,7,2,5,AC_045,AC_096,G1,n,1,TRUE,FALSE,TRUE,1,1,NA,2021-10-27,2021-11-04,2022-04-22,2022-05-03,11,NA,177,169,NA,NA,NA,NA,NA,NA,NA,NA,11.11,0.63,17.634920634920633,0.056705670567056714,7.19,7.19,-31.9,-31.9,3.7,2,0,2,0,5,1.6460000000000001,NA,2.5,5,5,0,1,1,1,1
2022,176,3,2,5,AC_159,AC_192,G1,n,2,TRUE,FALSE,TRUE,2,2,NA,2021-10-27,2021-11-04,2022-04-09,2022-05-13,34,NA,164,156,NA,NA,NA,NA,NA,NA,NA,NA,14.286,0.91,15.698901098901098,0.06369872602547949,14.86,14.86,-32.16,-32.16,3.08,3,0,3,0,3,2.4833333333333334,NA,1,3,3,0,1,1,1,1
2022,177,5,2,5,AC_172,AC_111,G1,R,9,TRUE,TRUE,TRUE,9,"8,9,10",2021-11-03,2021-10-27,2021-11-04,2022-04-22,2022-05-13,21,170,177,169,21.566,21.566,244.452,244.452,NA,NA,NA,NA,35.083,1.77,19.820903954802258,0.05045178576518542,12.69,12.69,-30.27,-30.27,3.72,2,3,5,0,4,2.0525,NA,2,10,10,1,1,1,1,1
2022,178,4,2,5,AC_091,AC_218,G1,R,5,TRUE,TRUE,TRUE,5,"6,4,5",2021-11-03,2021-10-27,2021-11-04,2022-04-09,2022-05-13,34,157,164,156,NA,23.666,NA,303.034,NA,NA,NA,NA,42.652,2.29,18.62532751091703,0.05369033105129888,181.76,181.76,-30.68,-30.68,5.35,7,25,32,0,29,2.095862068965517,NA,4.142857142857143,132.57142857142858,133,1,1,1,1,1
2022,179,5,2,5,AC_124,AC_100,G1,n,9,TRUE,FALSE,TRUE,9,9,2021-12-05,2021-10-27,2021-11-04,2022-04-09,2022-05-13,34,125,164,156,NA,NA,NA,NA,NA,NA,NA,NA,12.834,0.55,23.334545454545452,0.042854916627707657,32.9,32.9,-30.86,-30.86,3.57,13,2,15,10,22,1.4747222222222223,0.21881026506717036,1.6923076923076923,25.384615384615383,25,1,1,1,1,1
2022,180,2,2,6,AC_061,AC_052,G1,n,6,TRUE,FALSE,TRUE,6,6,2021-11-03,2021-10-27,2021-11-04,2022-05-03,2022-05-13,10,181,188,180,18.193,18.193,189.699,189.699,NA,NA,NA,NA,41.576,2.48,16.76451612903226,0.059649797960361746,4.85,4.85,NA,NA,NA,0,0,0,22,0,NA,NA,NA,0,0,1,1,0,0,0
2022,181,3,2,6,AC_159,AC_094,G1,n,5,TRUE,FALSE,TRUE,5,5,NA,2021-10-27,2021-11-04,2022-05-03,2022-05-13,10,NA,188,180,26.392,26.392,375.646,375.646,NA,NA,NA,NA,60.157,4.13,14.565859564164649,0.06865368951244244,5.74,5.74,-30.63,-30.63,1.58,3,0,3,15,3,2.6566666666666667,NA,1,3,3,0,1,1,1,1
2022,182,7,2,6,AC_169,AC_120,G1,n,4,TRUE,FALSE,TRUE,4,4,2021-12-05,2021-10-27,2021-11-04,2022-05-03,2022-05-24,21,149,188,180,22.17,22.17,331.015,331.015,NA,NA,NA,NA,21.188,1.47,14.41360544217687,0.06937889371342269,6.46,6.46,-30.75,-30.75,1.32,1,1,2,11,0,NA,NA,0,0,0,1,1,1,1,0
2022,183,3,2,6,AC_015,AC_190,G1,R,7,TRUE,TRUE,TRUE,7,"7,3,9",2021-11-03,2021-10-27,2021-11-04,2022-05-03,2022-05-13,10,181,188,180,23.232,23.232,314.394,314.394,NA,NA,NA,NA,26.361,2.12,12.434433962264151,0.08042183528697697,18.4,18.4,-31.05,-31.05,2.43,9,0,9,0,28,1.4767708333333331,0.09914226327886397,3.111111111111111,28,28,1,1,1,1,1
2022,184,5,2,6,AC_172,AC_208,G1,R,4,TRUE,TRUE,TRUE,4,"1,8,4",2021-12-05,2021-10-27,2021-11-04,2022-05-03,2022-05-13,10,149,188,180,NA,22.808,NA,308.941,NA,NA,NA,NA,19.576,1.39,14.083453237410072,0.0710053126277074,11.23,11.23,-31.75,-31.75,3.67,6,0,6,0,11,1.9203333333333332,0.42944951844062984,1.8333333333333333,11,11,1,1,1,1,1
2022,185,2,2,6,AC_125,AC_095,G1,n,6,TRUE,FALSE,TRUE,6,6,2021-11-03,2021-10-27,2021-11-04,2022-05-03,2022-05-13,10,181,188,180,21.658,21.658,297.177,297.177,NA,NA,NA,NA,49.132,3.56,13.801123595505617,0.0724578685988765,14.32,14.32,-30.36,-30.36,3.73,1,5,6,15,8,2.2641666666666667,0.20388245524212104,8,48,48,1,1,1,1,1
2022,186,4,2,6,AC_091,AC_189,G1,R,5,TRUE,TRUE,TRUE,5,"4,5,10",2021-11-03,2021-10-27,2021-11-04,2022-05-03,2022-05-13,10,181,188,180,24.502,24.502,346.265,346.265,NA,NA,NA,NA,128.684,9.51,13.531440588853838,0.07390196139380187,NA,43.28,NA,-30.22,NA,3,0,3,0,12,1.6158333333333335,NA,4,12,12,1,1,1,1,1
2022,187,5,2,6,AC_165,AC_199,G1,n,5,TRUE,FALSE,TRUE,5,5,2021-11-03,2021-10-27,2021-11-04,2022-05-03,2022-05-13,10,181,188,180,23.065,23.065,340.745,340.745,NA,NA,NA,NA,69.796,4.68,14.913675213675216,0.06705255315490859,72.95,72.95,-30.67,-30.67,4.06,22,8,30,9,69,1.0830232558139534,NA,3.1363636363636362,94.0909090909091,94,1,1,1,1,1
2022,188,3,2,6,AC_068,AC_195,G1,n,1,TRUE,FALSE,TRUE,1,1,NA,2021-10-27,2021-11-04,2022-04-21,2022-05-13,22,NA,176,168,17.915,17.915,203.282,203.282,NA,NA,NA,NA,31.877,1.91,16.68952879581152,0.059917809078646043,45.83,45.83,-30.51,-30.51,2.56,12,4,16,3,43,1.6665277777777778,0.11451201484215479,3.5833333333333335,57.333333333333336,57,0,1,1,1,1
2022,189,7,2,6,AC_168,AC_142,G1,n,2,TRUE,FALSE,TRUE,2,2,2021-12-05,2021-10-27,2021-11-04,2022-05-03,2022-05-03,0,149,188,180,18.615,18.615,217.261,217.261,NA,NA,NA,NA,29.69,2.15,13.809302325581397,0.07241495453014482,2.06,2.06,NA,NA,NA,1,0,1,4,0,NA,NA,0,0,0,1,1,1,1,0
2022,190,6,2,6,AC_160,AC_015,G1,n,4,TRUE,FALSE,TRUE,4,4,2021-12-05,2021-10-27,2021-11-04,2022-05-03,2022-05-13,10,149,188,180,17.238,17.238,193.462,193.462,NA,NA,NA,NA,43.25,2.63,16.44486692015209,0.0608092485549133,9.28,9.28,-31.67,-31.67,5.67,3,0,3,11,6,2.49,0.007071067811865638,2,6,6,1,1,1,1,1
2022,191,2,2,6,AC_125,AC_038,G1,n,5,TRUE,FALSE,TRUE,5,5,2021-11-03,2021-10-27,2021-11-04,2022-04-21,2022-05-13,22,169,176,168,21.239,21.239,266.704,266.704,NA,NA,NA,NA,32.175,1.7,18.926470588235293,0.05283605283605284,32.85,32.85,-29.9,-29.9,4.23,9,11,20,0,9,4.155,0.9970205614730324,1,20,20,1,1,1,1,1
2022,192,2,2,6,AC_039,AC_168,G1,n,3,TRUE,FALSE,TRUE,3,3,2021-12-05,2021-10-27,2021-11-04,2022-04-21,2022-05-13,22,137,176,168,NA,17.984,NA,178.793,NA,NA,NA,NA,53.809,4.06,13.25344827586207,0.07545206192272667,12.11,12.11,-31.45,-31.45,1.56,3,1,4,11,4,1.4983333333333333,0.8508851600278122,1.3333333333333333,5.333333333333333,5,1,1,1,1,1
2022,193,1,2,6,AC_007,AC_081,G1,R,8,TRUE,TRUE,TRUE,8,"2,7,8",2021-11-03,2021-10-27,2021-11-04,2022-04-21,2022-05-13,22,169,176,168,18.532,18.532,NA,NA,NA,NA,NA,NA,43.072,2.71,15.893726937269374,0.06291790490341753,17.24,17.24,-31.59,-31.59,2.82,5,0,5,0,17,1.468235294117647,NA,3.4,17,17,1,1,1,1,1
2022,194,1,2,6,AC_198,AC_051,G1,n,3,TRUE,FALSE,TRUE,3,3,2021-11-03,2021-10-27,2021-11-04,2022-04-21,2022-05-03,12,169,176,168,19.554,19.554,224.151,224.151,NA,NA,NA,NA,20.796,1.72,12.090697674418605,0.08270821311790728,1.94,1.94,NA,NA,NA,1,1,2,5,1,1.79,NA,1,2,2,1,1,1,1,1
2022,195,5,2,6,AC_064,AC_205,G1,n,5,TRUE,FALSE,TRUE,5,5,2021-11-03,2021-10-27,2021-11-04,2022-04-09,2022-05-13,34,157,164,156,21.065,21.065,NA,NA,NA,NA,NA,NA,27.168,1.88,14.451063829787234,0.06919905771495878,45.14,45.14,-30.93,-30.93,2.49,10,1,11,3,14,2.456060606060606,0.43926330346437065,1.4,15.399999999999999,15,1,1,1,1,1
2022,196,1,2,6,AC_198,AC_066,G1,n,6,TRUE,FALSE,TRUE,6,6,2021-11-03,2021-10-27,2021-11-04,2022-04-21,2022-05-03,12,169,176,168,19.603,19.603,237.629,237.629,NA,NA,NA,NA,18.688,1.05,17.798095238095236,0.05618578767123288,NA,NA,NA,NA,NA,0,0,0,4,0,NA,NA,NA,0,0,1,1,0,0,0
2022,197,5,2,6,AC_096,AC_181,G1,n,4,TRUE,FALSE,TRUE,4,4,2021-12-05,2021-10-27,2021-11-04,2022-04-21,2022-05-03,12,137,176,168,15.185,15.185,NA,NA,NA,NA,NA,NA,75.988,4.59,16.55511982570806,0.06040427435910933,3.34,3.34,NA,NA,NA,3,0,3,4,3,2.25,0.8626702730475879,1,3,3,1,1,1,1,1
2022,198,6,2,6,AC_195,AC_193,G1,n,8,TRUE,FALSE,TRUE,8,8,2021-11-03,2021-10-27,2021-11-04,2022-04-21,2022-04-21,0,169,176,168,19.532,19.532,249.55,249.55,NA,NA,NA,NA,14.91,1.06,14.066037735849056,0.07109322602280349,4.43,4.43,NA,NA,NA,2,0,2,2,10,0.9560000000000001,NA,5,10,10,1,1,1,1,1
2022,199,7,2,6,AC_169,AC_075,G1,n,3,TRUE,FALSE,TRUE,3,3,2021-12-05,2021-10-27,2021-11-04,2022-04-21,2022-05-03,12,137,176,168,18.234,18.234,178.005,178.005,NA,NA,NA,NA,58.344,4.46,13.081614349775785,0.0764431646784588,2.59,2.59,NA,NA,NA,4,0,4,3,5,1.748,NA,1.25,5,5,1,1,1,1,1
2022,200,5,2,6,AC_096,AC_074,G1,n,7,TRUE,FALSE,TRUE,7,7,2021-12-05,2021-10-27,2021-11-04,2022-04-09,2022-05-03,24,125,164,156,17.661,17.661,197.802,197.802,NA,NA,NA,NA,50.223,3.05,16.46655737704918,0.06072914799992035,5.03,5.03,NA,NA,NA,3,1,4,6,9,1.2022222222222223,NA,3,12,12,1,1,1,1,1
2022,201,6,2,6,AC_052,AC_133,G1,n,3,TRUE,FALSE,TRUE,3,3,NA,2021-10-27,2021-11-04,2022-04-09,2022-05-03,24,NA,164,156,22.088,22.088,288.809,288.809,NA,NA,NA,NA,35.529,2.9,12.251379310344829,0.08162346252357229,7.68,7.68,-31.69,-31.69,1.4,5,0,5,4,6,2.97375,1.087176676074317,1.2,6,6,0,1,1,1,1
2022,202,5,2,6,AC_216,AC_099,G1,R,10,TRUE,TRUE,TRUE,10,"3,5,10",2021-12-05,2021-10-27,2021-11-04,2022-04-09,2022-05-13,34,125,164,156,22.729,22.729,306.226,306.226,NA,NA,NA,NA,45.423,2.57,17.674319066147863,0.056579266010611355,60.81,60.81,-31.55,-31.55,3.77,8,11,19,0,11,1.468181818181818,NA,1.375,26.125,26,1,1,1,1,1
2022,203,2,2,6,AC_177,AC_107,G1,n,8,TRUE,FALSE,TRUE,8,8,2021-11-03,2021-10-27,2021-11-04,2022-04-09,2022-05-13,34,157,164,156,23.525,23.525,341.304,341.304,NA,NA,NA,NA,44.599,3.37,13.234124629080117,0.07556223233704792,105.27,105.27,-30.98,-30.98,1.99,29,7,36,15,93,2.104344444444444,0.02764001840238071,3.206896551724138,115.44827586206897,115,1,1,1,1,1
2022,204,3,2,6,AC_008,AC_188,G1,n,4,TRUE,FALSE,TRUE,4,4,2021-12-05,2021-10-27,2021-11-04,2022-04-09,2022-05-13,34,125,164,156,16.2,16.2,174.468,174.468,NA,NA,NA,NA,36.972,2.72,13.592647058823529,0.07356918749323813,18.95,18.95,-31.28,-31.28,3.09,6,1,7,11,10,2.07625,0.4437095051945587,1.6666666666666667,11.666666666666668,12,1,1,1,1,1
2022,205,3,2,6,AC_008,AC_068,G1,n,8,TRUE,FALSE,TRUE,8,8,2021-11-03,2021-10-27,2021-11-04,2022-04-09,2022-05-13,34,157,164,156,18.25,18.25,231.906,231.906,NA,NA,NA,NA,127.638,8.74,14.603890160183067,0.06847490559237844,114.52,114.52,-31.07,-31.07,3.62,24,4,28,15,94,1.702679365079365,0.22306867155604984,3.9166666666666665,109.66666666666666,110,1,1,1,1,1
2022,206,4,2,6,AC_089,AC_057,G1,n,5,TRUE,FALSE,TRUE,5,5,NA,2021-10-27,2021-11-04,2022-04-09,2022-05-13,34,NA,164,156,21.263,21.263,282.457,282.457,NA,NA,NA,NA,42.908,3.28,13.081707317073171,0.07644262142257854,NA,NA,NA,NA,NA,23,5,28,3,55,2.5756280193236716,0.4697306931447449,2.391304347826087,66.95652173913044,67,0,1,1,1,1
2022,207,1,2,6,AC_002,AC_160,G1,n,2,TRUE,FALSE,TRUE,2,2,2021-12-05,2021-10-27,2021-11-04,2022-04-09,2022-05-13,34,125,164,156,22.134,22.134,262.077,262.077,NA,NA,NA,NA,73.473,5.91,12.43197969543147,0.08043771181250256,203.79,203.79,-31.46,-31.46,4.5,32,5,37,7,97,1.8815214285714286,0.5592153703253901,3.03125,112.15625,112,1,1,1,1,1
2022,208,1,2,6,AC_179,AC_114,G1,n,9,TRUE,FALSE,TRUE,9,9,2021-11-03,2021-10-27,2021-11-04,2022-04-09,2022-05-13,34,157,164,156,17.622,17.622,NA,NA,NA,NA,NA,NA,10.016,0.65,15.409230769230769,0.0648961661341853,117.99,117.99,-31.32,-31.32,3.12,24,2,26,0,104,1.9693818181818181,0.8186929046144931,4.333333333333333,112.66666666666666,113,1,1,1,1,1
2022,209,1,2,6,AC_002,AC_104,G1,n,10,TRUE,FALSE,TRUE,10,10,2021-11-03,2021-10-27,2021-11-04,2022-04-09,2022-05-13,34,157,164,156,18.81,18.81,215.506,215.506,NA,NA,NA,NA,30.194,1.99,15.17286432160804,0.06590713386765583,131.18,131.18,-30.81,-30.81,3.23,13,4,17,6,81,1.9227027777777776,0.2437373894648667,6.230769230769231,105.92307692307692,106,1,1,1,1,1
2022,210,3,2,6,AC_102,AC_191,G1,n,7,TRUE,FALSE,TRUE,7,7,2021-11-03,2021-10-27,2021-11-04,2022-04-21,2022-05-03,12,169,176,168,NA,21.287,NA,241.308,NA,NA,NA,NA,40.882,2.19,18.667579908675798,0.05356880778826868,6.9,6.9,-31.57,-31.57,2.65,2,0,2,2,4,2.105,NA,2,4,4,1,1,1,1,1
2022,211,5,2,6,AC_186,AC_153,G1,n,7,TRUE,FALSE,TRUE,7,7,2021-11-03,2021-10-27,2021-11-04,2022-04-09,2022-05-13,34,157,164,156,20.454,20.454,274.569,274.569,NA,NA,NA,NA,71.273,4.93,14.456997971602433,0.06917065368372315,124.31,124.31,-31.18,-31.18,3.47,16,2,18,8,64,2.287381916329285,0.10100943043037629,4,72,72,1,1,1,1,1
2022,212,1,2,6,AC_007,AC_187,G1,R,8,TRUE,TRUE,TRUE,8,"2,8,5",2021-11-03,2021-10-27,2021-11-04,2022-04-09,2022-05-13,34,157,164,156,17.319,17.319,172.21,172.21,NA,NA,NA,NA,28.539,1.84,15.510326086956521,0.06447317705595852,82.63,82.63,-31.26,-31.26,3.55,11,2,13,1,39,1.624125,0.45119707804987025,3.5454545454545454,46.09090909090909,46,1,1,1,1,1
2022,213,5,2,6,AC_124,AC_030,G1,n,10,TRUE,FALSE,TRUE,10,10,2021-12-05,2021-10-27,2021-11-04,2022-04-09,2022-04-21,12,125,164,156,16.635,16.635,153.16,153.16,NA,NA,NA,NA,18.441,1.33,13.865413533834586,0.07212190228295647,NA,NA,NA,NA,NA,2,1,3,4,2,1.02,NA,1,3,3,1,1,1,1,1
2022,214,5,2,6,AC_186,AC_011,G1,n,6,TRUE,FALSE,TRUE,6,6,2021-11-03,2021-10-27,2021-11-04,2022-04-09,2022-06-08,60,157,164,156,20.265,20.265,237.103,237.103,NA,NA,NA,NA,51.382,5.09,10.094695481335952,0.09906192830173992,100.26,100.26,-31.42,-31.42,3.51,12,3,15,8,20,3.142888888888889,1.5286793622576949,1.6666666666666667,25,25,1,1,1,1,1
2022,215,6,3,7,AC_160,AC_186,G1,n,9,TRUE,FALSE,TRUE,9,9,2021-12-05,2021-10-27,2021-11-04,2022-05-03,2022-05-24,21,149,188,180,26.317,26.317,420.859,420.859,NA,NA,NA,NA,17.978,1.07,16.801869158878507,0.05951718767382355,10.61,10.61,-31.79,-31.79,2.6,3,1,4,8,12,1.3416666666666668,NA,4,16,16,1,1,1,1,1
2022,216,1,3,7,AC_007,AC_081,G1,R,6,TRUE,TRUE,TRUE,6,"6,3,8",2021-11-03,2021-10-27,2021-11-04,2022-05-03,2022-05-24,21,181,188,180,24.303,24.303,371.587,371.587,NA,NA,NA,NA,12.85,0.79,16.265822784810126,0.06147859922178989,124.73,124.73,-30.89,-30.89,5.08,29,5,34,0,78,1.755670707070707,0.2735005808508315,2.689655172413793,91.44827586206897,91,1,1,1,1,1
2022,217,5,3,7,AC_096,AC_074,G1,n,2,TRUE,FALSE,TRUE,2,2,2021-12-05,2021-10-27,2021-11-04,2022-05-03,2022-05-13,10,149,188,180,21.171,21.171,282.491,282.491,NA,NA,NA,NA,12.172,0.56,21.735714285714284,0.04600722970752547,7.76,7.76,-31.99,-31.99,3.59,5,0,5,7,7,2.137083333333333,1.159065865494949,1.4,7,7,1,1,1,1,1
2022,218,5,3,7,AC_216,AC_058,G1,R,3,TRUE,TRUE,TRUE,3,"3,9,5",2021-11-03,2021-10-27,2021-11-04,2022-05-03,2022-05-13,10,181,188,180,NA,NA,NA,NA,NA,NA,NA,NA,17.156,1.14,15.049122807017545,0.06644905572394497,35.64,35.64,-30.23,-30.23,3.82,11,0,11,10,22,2.7339285714285713,0.4927454583602916,2,22,22,1,1,1,1,1
2022,219,5,3,7,AC_124,AC_100,G1,n,9,TRUE,FALSE,TRUE,9,9,2021-12-05,2021-10-27,2021-11-04,2022-05-03,2022-05-13,10,149,188,180,20.099,20.099,NA,NA,NA,NA,NA,NA,9.158,0.51,17.95686274509804,0.055689015068792314,14.38,14.38,-30.38,-30.38,4.43,9,0,9,8,10,1.742,0.2149604614807105,1.1111111111111112,10,10,1,1,1,1,1
2022,220,2,3,7,AC_177,AC_107,G1,n,6,TRUE,FALSE,TRUE,6,6,2021-12-05,2021-10-27,2021-11-04,2022-05-03,2022-05-13,10,149,188,180,20.653,20.653,286.976,286.976,NA,NA,NA,NA,11.113,0.65,17.096923076923076,0.05849005669036264,33.1,33.1,-31.29,-31.29,5.58,12,2,14,7,16,1.9671666666666667,0.4508984241366218,1.3333333333333333,18.666666666666664,19,1,1,1,1,1
2022,221,5,3,7,AC_096,AC_128,G1,n,3,TRUE,FALSE,TRUE,3,3,2021-12-05,2021-10-27,2021-11-04,2022-05-03,2022-05-13,10,149,188,180,18.071,18.071,226.184,226.184,NA,NA,NA,NA,8.653,0.45,19.22888888888889,0.05200508494163874,26.13,26.13,-31.34,-31.34,2.99,11,0,11,21,13,2.538875,0.30423269260551206,1.1818181818181819,13,13,1,1,1,1,1
2022,222,5,3,7,AC_103,AC_201,G1,n,8,TRUE,FALSE,TRUE,8,8,2021-11-03,2021-10-27,2021-11-04,2022-05-03,2022-05-13,10,181,188,180,20.491,20.491,247.101,247.101,NA,NA,NA,NA,13.673,0.77,17.757142857142856,0.05631536604987933,24.72,24.72,-31.15,-31.15,1.89,8,0,8,9,9,1.3108333333333333,0.2368807716974934,1.125,9,9,1,1,1,1,1
2022,223,5,3,7,AC_172,AC_111,G1,R,5,TRUE,TRUE,TRUE,5,"1,7,5",2021-11-03,2021-10-27,2021-11-04,2022-05-03,2022-05-13,10,181,188,180,25.3,25.3,387.519,387.519,NA,NA,NA,NA,18.916,1.02,18.545098039215688,0.05392260520194544,22.59,22.59,-30.38,-30.38,3.76,9,1,10,0,36,1.7408128078817733,0.36250543210878833,4,40,40,1,1,1,1,1
2022,224,1,3,7,AC_002,AC_160,G1,n,8,TRUE,FALSE,TRUE,8,8,2021-11-03,2021-10-27,2021-11-04,2022-04-21,2022-05-13,22,169,176,168,19.532,19.532,233.472,233.472,NA,NA,NA,NA,11.094,0.2,55.46999999999999,0.01802776275464215,91.38,91.38,-30.86,-30.86,3.31,17,9,26,1,32,2.4517748917748916,0.24935462508855466,1.8823529411764706,48.94117647058823,49,1,1,1,1,1
2022,225,3,3,7,AC_159,AC_094,G1,n,2,TRUE,FALSE,TRUE,2,2,2021-12-05,2021-10-27,2021-11-04,2022-05-03,2022-05-03,0,149,188,180,20.954,20.954,275.587,275.587,NA,NA,NA,NA,NA,NA,NA,NA,NA,NA,NA,NA,NA,2,0,2,0,2,2.525,0.7424621202458748,1,2,2,1,1,1,1,1
2022,226,1,3,7,AC_179,AC_171,G1,n,10,TRUE,FALSE,TRUE,10,10,2021-11-03,2021-10-27,2021-11-04,2022-04-21,2022-05-13,22,169,176,168,20.792,20.792,263.332,263.332,NA,NA,NA,NA,15.058,0.89,16.919101123595507,0.05910479479346526,53.45,53.45,-31.05,-31.05,2.74,16,2,18,7,22,2.3458928571428572,0.4785597679816099,1.375,24.75,25,1,1,1,1,1
2022,227,5,3,7,AC_071,AC_215,G1,n,2,TRUE,FALSE,TRUE,2,2,2021-11-03,2021-10-27,2021-11-04,2022-04-09,2022-05-13,34,157,164,156,NA,NA,NA,NA,NA,NA,NA,NA,11.125,0.78,14.262820512820513,0.0701123595505618,NA,NA,-30.86,-30.86,2.57,16,1,17,2,26,2.0006250000000003,0.02032931995911328,1.625,27.625,28,1,1,1,1,1
2022,228,5,3,7,AC_064,AC_017,G1,n,6,TRUE,FALSE,TRUE,6,6,2021-11-03,2021-10-27,2021-11-04,2022-04-21,2022-05-13,22,169,176,168,22.191,22.191,323.484,323.484,NA,NA,NA,NA,NA,NA,NA,NA,80.27,80.27,-29.54,-29.54,2.25,23,0,23,6,56,1.8433710407239818,0.24435178678378583,2.4347826086956523,56,56,1,1,1,1,1
2022,229,4,3,7,AC_094,AC_217,G1,R,10,TRUE,TRUE,TRUE,10,"2,9,10",2021-12-05,2021-10-27,2021-11-04,2022-04-21,2022-05-13,22,137,176,168,20.298,20.298,265.195,265.195,NA,NA,NA,NA,28.183,1.62,17.396913580246913,0.05748146045488415,14.85,14.85,-30.51,-30.51,1.47,6,0,6,9,6,4.0249999999999995,NA,1,6,6,1,1,1,1,1
2022,230,7,3,7,AC_169,AC_120,G1,n,7,TRUE,FALSE,TRUE,7,7,2021-12-05,2021-10-27,2021-11-04,2022-04-09,2022-05-13,34,125,164,156,NA,NA,NA,NA,NA,NA,NA,NA,11.346,0.66,17.19090909090909,0.05817028027498678,NA,NA,-31.41,-31.41,4.57,14,1,15,4,18,1.8393333333333333,0.2630437226013956,1.2857142857142858,19.28571428571429,19,1,1,1,1,1
2022,231,5,3,7,AC_186,AC_048,G1,n,1,TRUE,FALSE,TRUE,1,1,2021-11-03,2021-10-27,2021-11-04,2022-04-21,2022-05-03,12,169,176,168,19.898,19.898,223.047,223.047,NA,NA,NA,NA,NA,NA,NA,NA,4.8,4.8,-30.83,-30.83,2.69,3,0,3,0,11,1.8245454545454545,NA,3.6666666666666665,11,11,1,1,1,1,1
2022,232,4,3,7,AC_089,AC_032,G1,n,6,TRUE,FALSE,TRUE,6,6,2021-12-05,2021-10-27,2021-11-04,2022-04-09,2022-05-03,24,125,164,156,NA,NA,NA,NA,NA,NA,NA,NA,NA,NA,NA,NA,NA,NA,-29.66,-29.66,2.16,4,0,4,0,7,1.8571428571428572,NA,1.75,7,7,1,1,1,1,1
2022,233,4,3,7,AC_097,AC_054,G1,n,7,TRUE,FALSE,TRUE,7,7,2021-11-03,2021-10-27,2021-11-04,2022-04-09,2022-05-03,24,157,164,156,NA,NA,NA,NA,NA,NA,NA,NA,NA,NA,NA,NA,7.91,7.91,-31.61,-31.61,2.58,0,2,2,0,0,NA,NA,NA,NA,NA,1,1,1,0,0
2022,234,7,3,7,AC_107,AC_130,G1,n,7,TRUE,FALSE,TRUE,7,7,2021-12-05,2021-10-27,2021-11-04,2022-04-09,2022-05-03,24,125,164,156,23.088,23.088,298.865,298.865,NA,NA,NA,NA,NA,NA,NA,NA,NA,NA,NA,NA,NA,5,0,5,0,13,1.5123076923076924,NA,2.6,13,13,1,1,1,1,1
2022,235,3,3,7,AC_170,AC_203,G1,n,5,TRUE,FALSE,TRUE,5,5,NA,2021-10-27,2021-11-04,2022-04-21,2022-05-03,12,NA,176,168,21.328,21.328,286.086,286.086,NA,NA,NA,NA,NA,NA,NA,NA,4.09,4.09,NA,NA,NA,3,0,3,0,8,1.47625,NA,2.6666666666666665,8,8,0,1,1,1,1
2022,236,1,3,7,AC_002,AC_122,G1,n,3,TRUE,FALSE,TRUE,3,3,2021-12-05,2021-10-27,2021-11-04,2022-04-21,2022-05-03,12,137,176,168,20.227,20.227,265.093,265.093,NA,NA,NA,NA,NA,NA,NA,NA,NA,NA,-32.25,-32.25,2.76,3,2,5,2,7,1.8614285714285714,NA,2.3333333333333335,11.666666666666668,12,1,1,1,1,1
2022,237,5,3,7,AC_165,AC_062,G1,n,4,TRUE,FALSE,TRUE,4,4,2021-12-05,2021-10-27,2021-11-04,2022-04-09,2022-05-13,34,125,164,156,NA,NA,NA,NA,NA,NA,NA,NA,NA,NA,NA,NA,57.33,57.33,-30.03,-30.03,3.3,11,6,17,0,29,1.2845263157894737,0.2594709725490846,2.6363636363636362,44.81818181818181,45,1,1,1,1,1
2022,238,3,3,7,AC_008,AC_068,G1,n,8,TRUE,FALSE,TRUE,8,8,2021-11-03,2021-10-27,2021-11-04,2022-04-21,2022-05-13,22,169,176,168,20.756,20.756,256.967,256.967,NA,NA,NA,NA,12.117,0.65,18.641538461538463,0.05364364116530494,21.5,21.5,-31.67,-31.67,5.99,7,1,8,10,23,1.5891304347826085,NA,3.2857142857142856,26.285714285714285,26,1,1,1,1,1
2022,239,5,3,7,AC_054,AC_046,G1,n,8,TRUE,FALSE,TRUE,8,8,2021-11-03,2021-10-27,2021-11-04,2022-04-21,2022-05-13,22,169,176,168,22.042,22.042,270.375,270.375,NA,NA,NA,NA,15.914,0.95,16.751578947368422,0.05969586527585773,24.31,24.31,-29.49,-29.49,5.29,9,1,10,0,9,1.2866666666666666,0.268700576850888,1,10,10,1,1,1,1,1
2022,240,3,3,7,AC_159,AC_143,G1,n,4,TRUE,FALSE,TRUE,4,4,NA,2021-10-27,2021-11-04,2022-04-21,2022-04-21,0,NA,176,168,NA,21.377,NA,288.903,NA,NA,NA,NA,10.512,0.7,15.01714285714286,0.06659056316590561,NA,NA,NA,NA,NA,1,0,1,0,2,1.835,NA,2,2,2,0,1,1,1,1
2022,241,5,3,7,AC_172,AC_040,G1,R,4,TRUE,TRUE,TRUE,4,"1,7,4",2021-11-03,2021-10-27,2021-11-04,2022-04-09,2022-05-13,34,157,164,156,NA,NA,NA,NA,NA,NA,NA,NA,15.541,1.02,15.236274509803922,0.0656328421594492,56.37,56.37,-30.67,-30.67,4.23,0,10,10,0,0,NA,NA,NA,NA,NA,1,1,1,0,0
2022,242,6,3,7,AC_195,AC_193,G1,n,5,TRUE,FALSE,TRUE,5,5,2021-11-03,2021-10-27,2021-11-04,2022-04-21,2022-05-13,22,169,176,168,24.119,24.119,349.428,349.428,NA,NA,NA,NA,31.535,1.68,18.770833333333336,0.05327413984461708,28.66,28.66,-31.69,-31.69,3.28,7,0,7,0,5,2.856,NA,0.7142857142857143,5,5,1,1,1,1,1
2022,243,2,3,7,AC_125,AC_038,G1,n,1,TRUE,FALSE,TRUE,1,1,2021-11-03,2021-10-27,2021-11-04,2022-04-09,2022-05-03,24,157,164,156,NA,NA,NA,NA,NA,NA,NA,NA,23.9,1.88,12.712765957446809,0.07866108786610879,31.78,31.78,-30.58,-30.58,1.07,11,2,13,5,22,2.386111111111111,0.2572846096648035,2,26,26,1,1,1,1,1
2022,244,1,3,7,AC_002,AC_104,G1,n,8,TRUE,FALSE,TRUE,8,8,2021-11-03,2021-10-27,2021-11-04,2022-04-21,2022-05-13,22,169,176,168,21.098,21.098,276.931,276.931,NA,NA,NA,NA,46.559,2.62,17.7706106870229,0.056272686269035,41.35,41.35,-30.97,-30.97,3.29,7,0,7,0,9,3.1468749999999996,0.32968853672822784,1.2857142857142858,9,9,1,1,1,1,1
2022,245,3,3,7,AC_015,AC_097,G1,R,1,TRUE,TRUE,TRUE,1,"1,7,10",2021-11-03,2021-10-27,2021-11-04,2022-04-09,2022-05-13,34,157,164,156,NA,NA,NA,NA,NA,NA,NA,NA,5.349,0.43,12.439534883720931,0.08038885773041689,10.6,10.6,-31.85,-31.85,3.63,7,0,7,0,16,1.8449999999999998,0.5303300858899105,2.2857142857142856,16,16,1,1,1,1,1
2022,246,1,3,7,AC_198,AC_072,G1,n,6,TRUE,FALSE,TRUE,6,6,2021-12-05,2021-10-27,2021-11-04,2022-04-21,2022-05-13,22,137,176,168,19.798,19.798,243.196,243.196,NA,NA,NA,NA,14.915,0.87,17.14367816091954,0.05833053972510896,NA,NA,-31.23,-31.23,3.72,6,0,6,0,22,1.7063636363636363,NA,3.6666666666666665,22,22,1,1,1,1,1
2022,247,3,3,7,AC_102,AC_178,G1,n,4,TRUE,FALSE,TRUE,4,4,2021-12-05,2021-10-27,2021-11-04,2022-04-09,2022-05-03,24,125,164,156,NA,NA,NA,NA,NA,NA,NA,NA,10.67,0.65,16.415384615384614,0.06091846298031866,NA,NA,NA,NA,NA,1,1,2,0,2,2.145,NA,2,4,4,1,1,1,1,1
2022,248,3,3,7,AC_047,AC_113,G1,n,8,TRUE,FALSE,TRUE,8,8,NA,2021-10-27,2021-11-04,2022-04-09,2022-05-03,24,NA,164,156,NA,NA,NA,NA,NA,NA,NA,NA,6.022,0.36,16.727777777777778,0.05978080371969445,NA,NA,NA,NA,NA,2,1,3,0,2,1.705,NA,1,3,3,0,1,1,1,1
2022,249,7,3,7,AC_107,AC_172,G1,n,3,TRUE,FALSE,TRUE,3,3,2021-12-05,2021-10-27,2021-11-04,2022-04-09,2022-05-13,34,125,164,156,NA,NA,NA,NA,NA,NA,NA,NA,9.283,0.39,23.8025641025641,0.042012280512765274,NA,NA,NA,NA,NA,5,3,8,0,18,1.083888888888889,NA,3.6,28.8,29,1,1,1,1,1
2022,250,3,3,7,AC_015,AC_190,G1,R,8,TRUE,TRUE,TRUE,8,"1,8,4",2021-12-05,2021-10-27,2021-11-04,2022-04-09,2022-05-13,34,125,164,156,NA,NA,NA,NA,NA,NA,NA,NA,25.253,1.35,18.705925925925925,0.05345899497089455,43.88,43.88,-31.13,-31.13,3.12,2,2,4,0,10,1.0470000000000002,NA,5,20,20,1,1,1,1,1
2022,251,3,3,8,AC_068,AC_056,G1,n,6,TRUE,FALSE,TRUE,6,6,2021-11-03,2021-10-27,2021-11-04,2022-05-03,2022-05-13,10,181,188,180,23.045,23.045,314.864,314.864,NA,NA,NA,NA,26.95,1.29,20.891472868217054,0.04786641929499073,NA,NA,-30.7,-30.7,2.46,7,2,9,4,4,2.075,0.7283199846221438,0.5714285714285714,5.142857142857142,5,1,1,1,1,1
2022,252,5,3,8,AC_096,AC_181,G1,n,10,TRUE,FALSE,TRUE,10,10,NA,2021-10-27,2021-11-04,2022-05-03,2022-05-13,10,NA,188,180,20.493,20.493,270.164,270.164,NA,NA,NA,NA,12.488,0.61,20.472131147540985,0.048846893017296604,11.24,11.24,-31.66,-31.66,1.83,8,1,9,8,8,1.3483333333333332,0.24277332820738143,1,9,9,0,1,1,1,1
2022,253,1,3,8,AC_179,AC_114,G1,n,8,TRUE,FALSE,TRUE,8,8,2021-12-05,2021-10-27,2021-11-04,2022-05-03,2022-05-24,21,149,188,180,22.309,22.309,265.449,265.449,NA,NA,NA,NA,NA,NA,NA,NA,44.25,44.25,-30.5,-30.5,1.67,13,0,13,6,6,1.6483333333333334,NA,0.46153846153846156,6,6,1,1,1,1,1
2022,254,2,3,8,AC_177,AC_211,G1,n,7,TRUE,FALSE,TRUE,7,7,2021-11-03,2021-10-27,2021-11-04,2022-05-03,2022-05-13,10,181,188,180,NA,NA,NA,NA,NA,NA,NA,NA,19.709,1.1,17.917272727272724,0.05581206555380792,11.67,11.67,-32.36,-32.36,3.05,6,0,6,7,8,1.7691666666666668,1.705305853961557,1.3333333333333333,8,8,1,1,1,1,1
2022,255,3,3,8,AC_008,AC_092,G1,n,2,TRUE,FALSE,TRUE,2,2,2021-12-05,2021-10-27,2021-11-04,2022-05-03,2022-05-13,10,149,188,180,22.385,22.385,317.34,317.34,NA,NA,NA,NA,17.848,1.19,14.998319327731092,0.06667413715822501,37.29,37.29,-29.57,-29.57,1.11,9,1,10,16,4,1.78,1.2303657992645927,0.4444444444444444,4.444444444444445,4,1,1,1,1,1
2022,256,6,3,8,AC_195,AC_179,G1,n,1,TRUE,FALSE,TRUE,1,1,2021-11-03,2021-10-27,2021-11-04,2022-04-21,2022-05-13,22,169,176,168,20.511,20.511,280.55,280.55,NA,NA,NA,NA,9.367,0.3,31.223333333333336,0.03202732998825664,18.24,18.24,-31.69,-31.69,3.79,11,0,11,10,14,2.4303846153846154,0.3247251910525917,1.2727272727272727,14,14,1,1,1,1,1
2022,257,1,3,8,AC_156,AC_005,G1,n,6,TRUE,FALSE,TRUE,6,6,2021-11-03,2021-10-27,2021-11-04,2022-05-03,2022-05-13,10,181,188,180,23.918,23.918,364.976,364.976,NA,NA,NA,NA,NA,NA,NA,NA,12.63,12.63,-31.49,-31.49,2.72,7,0,7,0,6,2.433333333333333,0.8155298209684847,0.8571428571428571,6,6,1,1,1,1,1
2022,258,2,3,8,AC_061,AC_052,G1,n,9,TRUE,FALSE,TRUE,9,9,2021-11-03,2021-10-27,2021-11-04,2022-05-03,2022-05-13,10,181,188,180,21.69,21.69,259.366,259.366,NA,NA,NA,NA,NA,NA,NA,NA,10.17,10.17,-31.36,-31.36,1.8,6,0,6,0,5,2.8116666666666665,0.7471761654537852,0.8333333333333334,5,5,1,1,1,1,1
2022,259,2,3,8,AC_039,AC_148,G1,n,5,TRUE,FALSE,TRUE,5,5,2021-11-03,2021-10-27,2021-11-04,2022-05-13,2022-05-13,0,191,198,190,16.995,16.995,165.659,165.659,NA,NA,NA,NA,NA,NA,NA,NA,1.91,1.91,NA,NA,NA,0,0,0,0,0,NA,NA,NA,0,0,1,1,0,0,0
2022,260,6,3,8,AC_052,AC_133,G1,n,3,TRUE,FALSE,TRUE,3,3,NA,2021-10-27,2021-11-04,2022-04-21,2022-05-13,22,NA,176,168,21.111,21.111,289.827,289.827,NA,NA,NA,NA,NA,NA,NA,NA,13.74,13.74,NA,NA,NA,7,0,7,0,5,3.065,0.9687362902255702,0.7142857142857143,5,5,0,1,1,1,1
2022,261,2,3,8,AC_061,AC_158,G1,n,5,TRUE,FALSE,TRUE,5,5,2021-11-03,2021-10-27,2021-11-04,2022-04-21,2022-05-13,22,169,176,168,20.286,20.286,214.898,214.898,NA,NA,NA,NA,15.446,0.97,15.923711340206186,0.06279943027320989,34.85,34.85,-31.53,-31.53,1.19,6,0,6,0,6,1.8833333333333333,0.9098107251266913,1,6,6,1,1,1,1,1
2022,262,1,3,8,AC_198,AC_051,G1,n,7,TRUE,FALSE,TRUE,7,7,2021-12-05,2021-10-27,2021-11-04,2022-04-21,2022-05-03,12,137,176,168,18.262,18.262,209.237,209.237,NA,NA,NA,NA,NA,NA,NA,NA,NA,NA,NA,NA,NA,0,0,0,0,0,NA,NA,NA,0,0,1,1,0,0,0
2022,263,2,3,8,AC_207,AC_082,G1,R,8,TRUE,TRUE,TRUE,8,"6,7,8",2021-11-03,2021-10-27,2021-11-04,2022-04-21,2022-05-13,22,169,176,168,19.882,19.882,230.764,230.764,NA,NA,NA,NA,13.331,0.62,21.501612903225805,0.04650813892431176,4.03,4.03,NA,NA,NA,3,0,3,0,2,1.745,NA,0.6666666666666666,2,2,1,1,1,1,1
2022,264,3,3,8,AC_161,AC_088,G1,n,2,TRUE,FALSE,TRUE,2,2,2021-12-05,2021-10-27,2021-11-04,2022-04-21,2022-05-13,22,137,176,168,19.599,19.599,234.064,234.064,NA,NA,NA,NA,NA,NA,NA,NA,15.6,15.6,-30.76,-30.76,1.22,6,1,7,0,9,1.3866666666666667,NA,1.5,10.5,10,1,1,1,1,1
2022,265,3,3,8,AC_068,AC_195,G1,n,5,TRUE,FALSE,TRUE,5,5,2021-12-05,2021-10-27,2021-11-04,2022-04-21,2022-04-21,0,137,176,168,20.677,20.677,241.417,241.417,NA,NA,NA,NA,NA,NA,NA,NA,2.58,2.58,NA,NA,NA,2,0,2,0,5,1.7120000000000002,NA,2.5,5,5,1,1,1,1,1
2022,266,1,3,8,AC_179,AC_136,G1,n,3,TRUE,FALSE,TRUE,3,3,2021-12-05,2021-10-27,2021-11-04,2022-04-21,2022-05-03,12,137,176,168,20.638,20.638,271.624,271.624,NA,NA,NA,NA,NA,NA,NA,NA,8.33,8.33,-32.91,-32.91,1.35,3,0,3,0,3,3.016666666666667,NA,1,3,3,1,1,1,1,1
2022,267,1,3,8,AC_198,AC_066,G1,n,1,TRUE,FALSE,TRUE,1,1,2021-12-05,2021-10-27,2021-11-04,2022-04-21,2022-04-21,0,137,176,168,NA,14.124,NA,123.989,NA,NA,NA,NA,NA,NA,NA,NA,8.77,8.77,NA,NA,NA,3,0,3,0,1,1.83,NA,0.3333333333333333,1,1,1,1,1,1,1
2022,269,2,3,8,AC_207,AC_070,G1,R,4,TRUE,TRUE,TRUE,4,"2,4,5",2021-12-05,2021-10-27,2021-11-04,2022-04-09,2022-05-13,34,125,164,156,19.816,19.816,198.272,198.272,NA,NA,NA,NA,NA,NA,NA,NA,6.46,6.46,-30.74,-30.74,1.74,4,1,5,0,9,1.32,NA,2.25,11.25,11,1,1,1,1,1
2022,270,5,3,8,AC_103,AC_154,G1,n,10,TRUE,FALSE,TRUE,10,10,2021-12-05,2021-10-27,2021-11-04,2022-04-09,2022-05-13,34,125,164,156,19.33,19.33,237.752,237.752,NA,NA,NA,NA,13.059,0.4,32.647499999999994,0.03063021670878322,16.85,16.85,-30.88,-30.88,3.75,7,1,8,7,8,1.5425,0.060104076400856514,1.1428571428571428,9.142857142857142,9,1,1,1,1,1
2022,271,5,3,8,AC_165,AC_206,G1,n,7,TRUE,FALSE,TRUE,7,7,NA,2021-10-27,2021-11-04,2022-04-21,2022-05-03,12,NA,176,168,NA,21,NA,276.082,NA,NA,NA,NA,NA,NA,NA,NA,8.71,8.71,-31.02,-31.02,1.1,3,0,3,0,0,NA,NA,0,0,0,0,1,1,1,0
2022,272,5,3,8,AC_172,AC_208,G1,R,2,TRUE,TRUE,TRUE,2,"6,2,5",2021-12-05,2021-10-27,2021-11-04,2022-04-09,2022-05-03,24,125,164,156,19.631,19.631,224.478,224.478,NA,NA,NA,NA,NA,NA,NA,NA,5.85,5.85,NA,NA,NA,5,0,5,0,3,1.99,NA,0.6,3,3,1,1,1,1,1
2022,273,3,3,8,AC_159,AC_192,G1,n,1,TRUE,FALSE,TRUE,1,1,2021-12-05,2021-10-27,2021-11-04,2022-05-03,2022-05-03,0,149,188,180,NA,17.245,NA,187.727,NA,NA,NA,NA,NA,NA,NA,NA,6.01,6.01,-31.79,-31.79,1.3,2,1,3,0,7,1.7442857142857144,NA,3.5,10.5,10,1,1,1,1,1
2022,274,1,3,8,AC_156,AC_016,G1,n,6,TRUE,FALSE,TRUE,6,6,2021-12-05,2021-10-27,2021-11-04,2022-05-03,2022-05-13,10,149,188,180,22.675,22.675,NA,NA,NA,NA,NA,NA,NA,NA,NA,NA,18.42,18.42,-31.3,-31.3,1.62,6,0,6,6,8,1.5113333333333334,0.46009081229204696,1.3333333333333333,8,8,1,1,1,1,1
2022,275,7,3,8,AC_168,AC_010,G1,n,8,TRUE,FALSE,TRUE,8,"8,10",2021-12-05,2021-10-27,2021-11-04,2022-04-09,2022-04-21,12,125,164,156,19.062,19.062,221.864,221.864,NA,NA,NA,NA,NA,NA,NA,NA,8.68,8.68,-31.08,-31.08,1.81,2,0,2,0,0,NA,NA,0,0,0,1,1,1,1,0
2022,276,6,3,8,AC_160,AC_015,G1,n,3,TRUE,FALSE,TRUE,3,3,2021-11-03,2021-10-27,2021-11-04,2022-04-09,2022-05-03,24,157,164,156,NA,19.209,NA,242.262,NA,NA,NA,NA,19.028,0.83,22.925301204819277,0.043619928526382176,6.6,6.6,NA,NA,NA,5,1,6,0,7,1.6414285714285715,NA,1.4,8.399999999999999,8,1,1,1,1,1
2022,277,6,3,8,AC_052,AC_131,G1,n,7,TRUE,FALSE,TRUE,7,7,2021-11-03,2021-10-27,2021-11-04,2022-04-09,2022-06-08,60,157,164,156,NA,20.425,NA,252.348,NA,NA,NA,NA,23.057,1.22,18.89918032786885,0.052912347660146596,895.47,895.47,-30.35,-30.35,3.92,41,3,44,5,131,2.1594305194805195,0.350633932150192,3.1951219512195124,140.58536585365854,141,1,1,1,1,1
2022,278,5,3,8,AC_064,AC_086,G1,n,1,TRUE,FALSE,TRUE,1,1,2021-12-05,2021-10-27,2021-11-04,2022-04-21,2022-05-13,22,137,176,168,20.767,20.767,272.822,272.822,NA,NA,NA,NA,58.806,3.49,16.849856733524355,0.059347685610311875,101.87,101.87,-31.31,-31.31,3.61,3,2,5,3,11,1.4735,0.796909342397239,3.6666666666666665,18.333333333333332,18,1,1,1,1,1
2022,279,7,3,8,AC_168,AC_159,G1,n,7,TRUE,FALSE,TRUE,7,7,NA,2021-10-27,2021-11-04,2022-04-09,2022-04-21,12,NA,164,156,17.911,17.911,222.852,222.852,NA,NA,NA,NA,NA,NA,NA,NA,NA,NA,NA,NA,NA,8,12,20,0,37,0.984054054054054,NA,4.625,92.5,92,0,1,1,1,1
2022,280,3,3,8,AC_161,AC_213,G1,n,4,TRUE,FALSE,TRUE,4,4,NA,2021-10-27,2021-11-04,2022-04-09,2022-05-13,34,NA,164,156,16.648,16.648,176.692,176.692,NA,NA,NA,NA,11.871,0.46,25.806521739130435,0.03874989470137309,24.38,24.38,-30.88,-30.88,1.47,6,3,9,0,15,2.9526666666666666,NA,2.5,22.5,22,0,1,1,1,1
2022,281,5,3,8,AC_103,AC_144,G1,n,2,TRUE,FALSE,TRUE,2,2,2021-12-05,2021-10-27,2021-11-04,NA,NA,NA,NA,NA,NA,NA,23.017,NA,283.323,NA,NA,NA,NA,12.14,0.96,12.645833333333334,0.07907742998352553,NA,NA,NA,NA,NA,0,1,1,0,0,NA,NA,NA,NA,NA,1,0,1,0,0
2022,282,1,3,8,AC_150,AC_200,G1,n,7,TRUE,FALSE,TRUE,7,7,NA,2021-10-27,2021-11-04,2022-04-09,2022-05-13,34,NA,164,156,20.076,20.076,235.317,235.317,NA,NA,NA,NA,11.103,0.66,16.82272727272727,0.0594433936773845,24.85,24.85,-31.8,-31.8,3.55,7,0,7,3,24,1.5002222222222223,0.1448783227231104,3.4285714285714284,24,24,0,1,1,1,1
2022,283,3,3,8,AC_170,AC_185,G1,n,6,TRUE,FALSE,TRUE,6,6,NA,2021-10-27,2021-11-04,2022-04-09,2022-05-13,34,NA,164,156,19.844,19.844,267.754,267.754,NA,NA,NA,NA,15.688,0.7,22.411428571428573,0.04462009178990311,86.25,86.25,-30.68,-30.68,4.56,12,2,14,0,82,1.8602499999999997,0.29450997436419696,6.833333333333333,95.66666666666666,96,0,1,1,1,1
2022,284,7,3,8,AC_169,AC_182,G1,n,3,TRUE,FALSE,TRUE,3,3,NA,2021-10-27,2021-11-04,2022-04-21,2022-05-03,12,NA,176,168,16.332,16.332,163.854,163.854,NA,NA,NA,NA,NA,NA,NA,NA,24.72,24.72,-31.35,-31.35,3.47,1,1,2,0,5,1.966,NA,5,10,10,0,1,1,1,1
2022,285,5,3,8,AC_165,AC_199,G1,n,4,TRUE,FALSE,TRUE,4,4,2021-12-05,2021-10-27,2021-11-04,2022-04-09,2022-05-13,34,125,164,156,16.2,16.2,163.427,163.427,NA,NA,NA,NA,16.331,0.83,19.67590361445783,0.050823587043046965,25.13,25.13,-31.19,-31.19,3.92,4,0,4,4,9,2.5266666666666664,NA,2.25,9,9,1,1,1,1,1
2022,286,5,3,8,AC_124,AC_014,G1,n,5,TRUE,FALSE,TRUE,5,5,2021-11-03,2021-10-27,2021-11-04,2022-04-09,2022-05-24,45,157,164,156,NA,15.79,NA,138.812,NA,NA,NA,NA,28.005,1.82,15.387362637362637,0.06498839492947688,177.82,177.82,-30.02,-30.02,2.32,12,2,14,0,31,3.4088981481481477,1.3412897101957333,2.5833333333333335,36.16666666666667,36,1,1,1,1,1
2022,287,1,3,9,AC_156,AC_090,G1,n,10,TRUE,FALSE,TRUE,10,10,2021-11-03,2021-10-27,2021-11-04,2022-05-03,2022-05-13,10,181,188,180,27.75,27.75,491.97,491.97,NA,NA,NA,NA,14.209,0.64,22.201562499999998,0.045041874868041384,15.34,15.34,-30.26,-30.26,1.79,3,0,3,10,0,NA,NA,0,0,0,1,1,1,1,0
2022,288,3,3,9,AC_008,AC_188,G1,n,7,TRUE,FALSE,TRUE,7,7,NA,2021-10-27,2021-11-04,2022-05-03,2022-05-13,10,NA,188,180,20.02,20.02,237.287,237.287,NA,NA,NA,NA,13.029,0.59,22.083050847457628,0.04528359812725458,3.25,3.25,NA,NA,NA,3,0,3,9,0,NA,NA,0,0,0,0,1,1,1,0
2022,289,5,3,9,AC_064,AC_205,G1,n,1,TRUE,FALSE,TRUE,1,1,2021-12-05,2021-10-27,2021-11-04,2022-05-03,2022-05-13,10,149,188,180,20.881,20.881,265.81,265.81,NA,NA,NA,NA,14.489,0.69,20.998550724637685,0.04762233418455379,17.82,17.82,-29.75,-29.75,3.03,10,1,11,11,21,3.0975,NA,2.1,23.1,23,1,1,1,1,1
2022,290,4,3,9,AC_091,AC_189,G1,R,4,TRUE,TRUE,TRUE,4,"2,4,9",NA,2021-10-27,2021-11-04,2022-04-22,2022-05-03,11,NA,177,169,23.65,23.65,315.08,315.08,NA,NA,NA,NA,NA,NA,NA,NA,NA,NA,-30.93,-30.93,1.46,6,0,6,0,20,1.3003125,0.23025164562386957,3.3333333333333335,20,20,0,1,1,1,1
2022,291,6,3,9,AC_052,AC_212,G1,n,10,TRUE,FALSE,TRUE,10,10,2021-12-05,2021-10-27,2021-11-04,2022-05-03,2022-05-13,10,149,188,180,18.28,18.28,186.444,186.444,NA,NA,NA,NA,4.585,0.11,41.68181818181818,0.023991275899672846,8.95,8.95,-31.84,-31.84,2.51,4,0,4,0,8,1.689285714285714,0.5384113062463283,2,8,8,1,1,1,1,1
2022,292,5,3,9,AC_186,AC_153,G1,n,9,TRUE,FALSE,TRUE,9,9,2021-12-05,2021-10-27,2021-11-04,2022-05-03,2022-05-13,10,149,188,180,19.72,19.72,247.87,247.87,NA,NA,NA,NA,11.86,0.59,20.10169491525424,0.04974704890387858,12.91,12.91,-30.8,-30.8,4.17,6,1,7,5,12,1.3618181818181818,0.17227692487090432,2,14,14,1,1,1,1,1
2022,293,3,3,9,AC_170,AC_118,G1,n,2,TRUE,FALSE,TRUE,2,2,2021-12-05,2021-10-27,2021-11-04,2022-05-03,2022-05-13,10,149,188,180,17.85,17.85,227.449,227.449,NA,NA,NA,NA,NA,NA,NA,NA,9.84,9.84,-31.33,-31.33,1.65,6,0,6,0,11,1.2691666666666666,0.26045099773704505,1.8333333333333333,11,11,1,1,1,1,1
2022,294,5,3,9,AC_216,AC_099,G1,R,7,TRUE,TRUE,TRUE,7,"6,7,3",2021-12-05,2021-10-27,2021-11-04,2022-04-22,2022-05-13,21,138,177,169,16.57,16.57,187.297,187.297,NA,NA,NA,NA,7.275,0.13,55.96153846153846,0.017869415807560136,10.84,10.84,-31.65,-31.65,2.9,5,0,5,3,16,NA,NA,3.2,16,16,1,1,1,1,1
2022,295,1,3,9,AC_007,AC_147,G1,n,4,TRUE,FALSE,TRUE,4,4,2021-12-05,2021-10-27,2021-11-04,2022-05-03,2022-05-13,10,149,188,180,22.02,22.02,323.029,323.029,NA,NA,NA,NA,9.813,0.42,23.364285714285717,0.04280036686028737,15.7,15.7,NA,NA,NA,7,0,7,0,16,1.88375,NA,2.2857142857142856,16,16,1,1,1,1,1
2022,296,7,3,9,AC_045,AC_151,G1,n,1,TRUE,FALSE,TRUE,1,1,2021-12-05,2021-10-27,2021-11-04,2022-05-03,2022-05-03,0,149,188,180,21.44,21.44,275.227,275.227,NA,NA,NA,NA,NA,NA,NA,NA,NA,NA,NA,NA,NA,2,0,2,0,2,3.135,NA,1,2,2,1,1,1,1,1
2022,297,4,3,9,AC_094,AC_109,G1,R,1,TRUE,TRUE,TRUE,1,"1,8,5",2021-11-03,2021-10-27,2021-11-04,2022-04-22,2022-05-13,21,170,177,169,23.23,23.23,320.271,320.271,NA,NA,NA,NA,11.856,0.46,25.77391304347826,0.03879892037786775,15.09,15.09,-31.9,-31.9,3.69,4,0,4,0,8,NA,NA,2,8,8,1,1,1,1,1
2022,298,5,3,9,AC_054,AC_119,G1,n,6,TRUE,FALSE,TRUE,6,6,2021-12-05,2021-10-27,2021-11-04,2022-04-22,2022-05-13,21,138,177,169,20.35,20.35,254.505,254.505,NA,NA,NA,NA,12.904,0.6,21.506666666666668,0.04649721016738995,NA,NA,-30.32,-30.32,1.49,10,0,10,14,16,2.4295238095238094,0.15017601162342864,1.6,16,16,1,1,1,1,1
2022,299,7,3,9,AC_169,AC_075,G1,n,6,TRUE,FALSE,TRUE,6,6,NA,2021-10-27,2021-11-04,2022-04-22,2022-05-03,11,NA,177,169,18.56,18.56,229.617,229.617,NA,NA,NA,NA,NA,NA,NA,NA,6.59,6.59,-32.28,-32.28,1.21,6,0,6,0,6,1.74,NA,1,6,6,0,1,1,1,1
2022,300,4,3,9,AC_097,AC_064,G1,n,2,TRUE,FALSE,TRUE,2,2,2021-11-03,2021-10-27,2021-11-04,2022-05-03,2022-05-13,10,181,188,180,21.1,21.1,289.089,289.089,NA,NA,NA,NA,NA,NA,NA,NA,9.58,9.58,-30.11,-30.11,3.88,3,0,3,0,7,1.2657142857142856,NA,2.3333333333333335,7,7,1,1,1,1,1
2022,301,5,3,9,AC_186,AC_011,G1,n,2,TRUE,FALSE,TRUE,2,2,2021-12-05,2021-10-27,2021-11-04,2022-05-03,2022-05-13,10,149,188,180,17.98,17.98,200.957,200.957,NA,NA,NA,NA,21.65,1.03,21.019417475728154,0.04757505773672056,9.05,9.05,-30.94,-30.94,2.05,5,0,5,24,8,1.037,0.49073210614346396,1.6,8,8,1,1,1,1,1
2022,302,3,3,9,AC_047,AC_152,G1,n,6,TRUE,FALSE,TRUE,6,6,NA,2021-10-27,2021-11-04,2022-05-03,2022-05-03,0,NA,188,180,13.39,13.39,102.053,102.053,NA,NA,NA,NA,NA,NA,NA,NA,NA,NA,NA,NA,NA,0,1,1,0,0,NA,NA,NA,NA,NA,0,1,1,0,0
2022,303,1,3,9,AC_007,AC_187,G1,R,3,TRUE,TRUE,TRUE,3,"6,2,3",2021-11-03,2021-10-27,2021-11-04,2022-05-03,2022-05-03,0,181,188,180,NA,19.94,NA,239.748,NA,NA,NA,NA,9.904,0.39,25.394871794871793,0.03937802907915994,NA,34.21,NA,-30.95,NA,2,0,2,0,1,1.76,NA,0.5,1,1,1,1,1,1,1
2022,304,4,3,9,AC_091,AC_204,G1,R,6,TRUE,TRUE,TRUE,6,"6,3,10",2021-11-03,2021-10-27,2021-11-04,2022-04-22,2022-05-13,21,170,177,169,24.659,24.659,368.884,368.884,NA,NA,NA,NA,NA,NA,NA,NA,28.69,28.69,-30.32,-30.32,3.5,9,1,10,0,19,2.1696875,0.3681374679552464,2.111111111111111,21.11111111111111,21,1,1,1,1,1
2022,305,7,3,9,AC_045,AC_096,G1,n,10,TRUE,FALSE,TRUE,10,10,NA,2021-10-27,2021-11-04,2022-04-22,2022-05-13,21,NA,177,169,23.145,23.145,309.957,309.957,NA,NA,NA,NA,NA,NA,NA,NA,9.33,9.33,-31.56,-31.56,1.75,5,0,5,0,4,NA,NA,0.8,4,4,0,1,1,1,1
2022,306,2,3,9,AC_039,AC_168,G1,n,9,TRUE,FALSE,TRUE,9,9,2021-11-03,2021-10-27,2021-11-04,2022-04-22,2022-05-03,11,170,177,169,NA,NA,NA,NA,NA,NA,NA,NA,NA,NA,NA,NA,NA,NA,NA,NA,NA,2,0,2,4,0,NA,NA,0,0,0,1,1,1,1,0
2022,308,2,3,9,AC_125,AC_095,G1,n,10,TRUE,FALSE,TRUE,10,10,2021-12-05,2021-10-27,2021-11-04,2022-04-09,2022-05-13,34,125,164,156,NA,NA,NA,NA,NA,NA,NA,NA,NA,NA,NA,NA,28.44,28.44,-30.96,-30.96,4.56,13,2,15,2,9,NA,NA,0.6923076923076923,10.384615384615385,10,1,1,1,1,1
2022,309,1,3,9,AC_150,AC_083,G1,n,7,TRUE,FALSE,TRUE,7,7,2021-11-03,2021-10-27,2021-11-04,2022-04-09,2022-04-22,13,157,164,156,NA,NA,NA,NA,NA,NA,NA,NA,NA,NA,NA,NA,2.12,2.12,NA,NA,NA,1,0,1,0,1,1.81,NA,1,1,1,1,1,1,1,1
2022,310,5,3,9,AC_216,AC_034,G1,R,7,TRUE,TRUE,TRUE,7,"7,3,9",2021-11-03,2021-10-27,2021-11-04,2022-04-09,2022-05-13,34,157,164,156,19.996,19.996,227.727,227.727,NA,NA,NA,NA,17.769,0.74,24.01216216216216,0.041645562496482644,33.07,33.07,-30.74,-30.74,2.22,13,0,13,0,32,2.024907407407407,0.446031916082929,2.4615384615384617,32,32,1,1,1,1,1
2022,311,4,3,9,AC_091,AC_218,G1,R,8,TRUE,TRUE,TRUE,8,"2,8,10",2021-12-05,2021-10-27,2021-11-04,2022-04-09,2022-05-13,34,125,164,156,17.085,17.085,172.165,172.165,NA,NA,NA,NA,25.687,1.17,21.954700854700857,0.045548331841009065,NA,74.32,NA,-31.03,NA,1,0,1,0,3,2.3466666666666667,NA,3,3,3,1,1,1,1,1
2022,312,5,3,9,AC_054,AC_155,G1,n,5,TRUE,FALSE,TRUE,5,5,2021-11-03,2021-10-27,2021-11-04,2022-04-09,2022-05-03,24,157,164,156,NA,NA,NA,NA,NA,NA,NA,NA,16.284,0.79,20.612658227848097,0.0485138786538934,77.25,77.25,-29.96,-29.96,2.53,13,1,14,6,73,1.7516,NA,5.615384615384615,78.61538461538461,79,1,1,1,1,1
2022,313,5,3,9,AC_071,AC_115,G1,n,1,TRUE,FALSE,TRUE,1,1,NA,2021-10-27,2021-11-04,2022-04-09,2022-05-03,24,NA,164,156,22.333,22.333,304.645,304.645,NA,NA,NA,NA,11.447,0.4,28.617499999999996,0.03494365335895868,25.41,25.41,-31.06,-31.06,3.23,16,0,16,0,42,1.34671875,0.32062873109427525,2.625,42,42,0,1,1,1,1
2022,314,7,3,9,AC_045,AC_123,G1,n,10,TRUE,FALSE,TRUE,10,10,2021-12-05,2021-10-27,2021-11-04,2022-04-09,2022-05-03,24,125,164,156,18.219,18.219,221.168,221.168,NA,NA,NA,NA,32.261,1.48,21.797972972972975,0.045875825299897706,18.94,18.94,-31.9,-31.9,1.6,5,0,5,2,8,2.42625,NA,1.6,8,8,1,1,1,1,1
2022,315,3,3,9,AC_068,AC_089,G1,n,2,TRUE,FALSE,TRUE,2,2,NA,2021-10-27,2021-11-04,2022-04-09,2022-05-13,34,NA,164,156,23.072,23.072,286.011,286.011,NA,NA,NA,NA,24.669,1.57,15.712738853503184,0.06364262840001622,16.37,16.37,-30.59,-30.59,2.03,5,0,5,1,22,1.66375,NA,4.4,22,22,0,1,1,1,1
2022,316,2,3,9,AC_207,AC_055,G1,R,3,TRUE,TRUE,TRUE,3,"6,3,5",2021-11-03,2021-10-27,2021-11-04,2022-04-09,2022-05-03,24,157,164,156,NA,20.002,NA,194.019,NA,NA,NA,NA,9.777,0.43,22.73720930232558,0.04398077119770891,NA,36.79,-31.29,-31.29,2.62,11,1,12,0,34,1.995,0.3323401871576773,3.090909090909091,37.09090909090909,37,1,1,1,1,1
2022,317,1,3,9,AC_150,AC_110,G1,n,10,TRUE,FALSE,TRUE,10,10,2021-11-03,2021-10-27,2021-11-04,2022-04-09,2022-05-13,34,157,164,156,23.537,23.537,318.393,318.393,NA,NA,NA,NA,17.92,0.67,26.74626865671642,0.037388392857142856,77.28,77.28,-30.96,-30.96,2.08,13,1,14,5,67,NA,NA,5.153846153846154,72.15384615384616,72,1,1,1,1,1
2022,318,4,3,9,AC_094,AC_216,G1,R,1,TRUE,TRUE,TRUE,1,"1,3,8",2021-11-03,2021-10-27,2021-11-04,2022-04-22,2022-04-22,0,170,177,169,NA,19.298,NA,225.547,NA,NA,NA,NA,10.316,0.4,25.79,0.038774718883288095,NA,9.45,NA,-30.89,NA,0,0,0,NA,0,NA,NA,NA,0,0,1,1,0,0,0
2022,319,3,3,9,AC_015,AC_197,G1,R,8,TRUE,TRUE,TRUE,8,"8,5,10",2021-11-03,2021-10-27,2021-11-04,2022-04-09,2022-05-13,34,157,164,156,20.014,20.014,240.503,240.503,NA,NA,NA,NA,NA,0.5,NA,NA,90.13,90.13,-30.88,-30.88,4.15,6,12,18,0,13,4.218333333333334,1.1195857368786999,2.1666666666666665,39,39,1,1,1,1,1
2022,320,5,3,9,AC_124,AC_030,G1,n,9,TRUE,FALSE,TRUE,9,9,2021-12-05,2021-10-27,2021-11-04,2022-04-09,2022-04-22,13,125,164,156,NA,NA,NA,NA,NA,NA,NA,NA,NA,NA,NA,NA,22.7,22.7,-31.07,-31.07,4,2,1,3,0,3,2.685,1.1384419177103418,1.5,4.5,4,1,1,1,1,1
2022,321,7,3,9,AC_168,AC_142,G1,n,10,TRUE,FALSE,TRUE,10,10,2021-11-03,2021-10-27,2021-11-04,2022-04-09,2022-04-22,13,157,164,156,NA,NA,NA,NA,NA,NA,NA,NA,23.897,1.44,16.59513888888889,0.06025860986734736,4.84,4.84,NA,NA,NA,1,1,2,0,2,1.1,NA,2,4,4,1,1,1,1,1
