Block,Location,Sequence,Co.,Donor,Recipient,Replicated,Plant_ID,FitP,Rep_FitP,any_FitP,F_plant,F_multi,F_plant_notes,Germ_Date,Sow_Date,Fl_2.25,Fl_3.3,Fl_3.11,Fl_3.17,Fl_3.25,Fl_4.1,Fl_4.9,Fl_4.22,Fl_4.28,Fl_5.4,Fl_5.12,Fl_5.19,Fl_5.25,LEAF,flr_P,closed_fruits_F,open_fruits_F,damaged_fruits_F,total_fruits_F,nonfitness_fruits,seed_ct,mean_seeds_per_fruit,total_est_seed_production,FFD,days_germ2flower,days_sow2flower,LFD,fl_duration,surv_to_germ,surv_to_flower,surv_to_fruitprod,surv_to_seedprod
1,1,1,5,BB_173,BB_170,n,7,TRUE,FALSE,TRUE,7,7,NA,2021-12-12,2021-12-02,NA,NA,NA,NA,NA,2022-04-01,2022-04-08,NA,NA,NA,NA,NA,NA,NA,2022-04-08,0,0,0,0,2,0,0,0,2022-04-01,110,120,2022-04-08,7,1,1,0,0
1,1,2,1,BB_023,BB_206,n,5,TRUE,FALSE,TRUE,5,5,NA,2021-12-19,2021-12-02,NA,NA,NA,2022-03-17,NA,2022-04-01,2022-04-08,NA,NA,NA,NA,NA,NA,NA,2022-03-17,1,1,0,2,0,6,6,12,2022-03-17,88,105,2022-04-08,22,1,1,1,1
1,2,3,1,BB_075,BB_085,R,3,TRUE,TRUE,TRUE,3,"6,3,7",NA,2021-12-12,2021-12-02,NA,NA,NA,2022-03-17,2022-03-25,NA,2022-04-08,NA,NA,NA,NA,NA,NA,NA,2022-03-17,0,0,0,0,0,0,0,0,2022-03-17,95,105,2022-04-08,22,1,1,0,0
1,2,4,2,BB_107,BB_179,n,3,TRUE,FALSE,TRUE,3,3,NA,2021-12-19,2021-12-02,NA,NA,NA,2022-03-17,2022-03-25,2022-04-01,2022-04-08,NA,NA,NA,NA,NA,NA,NA,2022-03-17,0,0,0,0,4,0,0,0,2022-03-17,88,105,2022-04-08,22,1,1,0,0
1,3,6,1,BB_028,BB_109,n,2,TRUE,FALSE,TRUE,2,2,NA,2021-12-12,2021-12-02,NA,NA,2022-03-11,2022-03-17,NA,2022-04-01,NA,NA,NA,NA,NA,NA,NA,NA,2022-03-11,1,0,0,1,3,2,2,2,2022-03-11,89,99,2022-04-01,21,1,1,1,1
1,3,7,5,BB_141,BB_003,n,1,TRUE,FALSE,TRUE,1,1,NA,2021-12-12,2021-12-02,NA,NA,NA,2022-03-17,2022-03-25,2022-04-01,NA,NA,NA,NA,NA,NA,NA,NA,2022-03-17,0,0,0,0,3,0,0,0,2022-03-17,95,105,2022-04-01,15,1,1,0,0
1,3,8,3,BB_174,BB_010,n,5,TRUE,FALSE,TRUE,5,5,NA,2021-12-12,2021-12-02,NA,NA,2022-03-11,2022-03-17,NA,NA,NA,NA,NA,NA,NA,NA,NA,NA,2022-03-11,0,0,0,0,1,NA,0,0,2022-03-11,89,99,2022-03-17,6,1,1,0,0
1,4,9,4,BB_099,BB_161,R,4,TRUE,TRUE,TRUE,4,"6,4",NA,2021-12-30,2021-12-02,NA,NA,NA,NA,NA,2022-04-01,2022-04-08,NA,NA,NA,NA,NA,NA,NA,2022-04-01,0,NA,NA,0,NA,NA,0,0,2022-04-01,92,120,2022-04-08,7,1,1,0,0
1,4,10,1,BB_194,BB_214,n,6,TRUE,FALSE,TRUE,6,6,NA,2021-12-12,2021-12-02,NA,NA,NA,NA,NA,2022-04-01,NA,NA,NA,NA,NA,NA,NA,NA,2022-04-01,0,0,0,0,1,0,0,0,2022-04-01,110,120,2022-04-01,0,1,1,0,0
1,4,11,5,BB_051,BB_143,R,7,TRUE,TRUE,TRUE,7,"6,7,4",NA,2021-12-12,2021-12-02,NA,NA,NA,2022-03-17,2022-03-25,2022-04-01,2022-04-08,NA,NA,NA,NA,NA,NA,2022-05-04,2022-03-25,3,2,0,5,0,28,9.333333333333334,46.66666666666667,2022-03-17,95,105,2022-04-08,22,1,1,1,1
1,5,12,3,BB_115,BB_020,R,5,TRUE,TRUE,TRUE,5,"1,5,7",NA,2021-12-12,2021-12-02,NA,NA,NA,2022-03-17,2022-03-25,2022-04-01,2022-04-08,NA,NA,NA,NA,NA,NA,NA,2022-03-17,2,1,0,3,0,7,3.5,10.5,2022-03-17,95,105,2022-04-08,22,1,1,1,1
1,5,13,3,BB_167,BB_114,n,5,TRUE,FALSE,TRUE,5,5,NA,2021-12-19,2021-12-02,NA,NA,NA,NA,2022-03-25,2022-04-01,NA,2022-04-22,NA,NA,NA,NA,NA,NA,NA,1,0,0,1,2,1,1,1,2022-03-25,96,113,2022-04-22,28,1,1,1,1
1,5,14,5,BB_108,BB_069,n,4,TRUE,FALSE,TRUE,4,4,NA,2021-12-12,2021-12-02,NA,NA,NA,2022-03-17,2022-03-25,2022-04-01,2022-04-08,NA,NA,NA,NA,NA,NA,NA,2022-04-01,1,3,0,4,0,6,6,24,2022-03-17,95,105,2022-04-08,22,1,1,1,1
1,5,15,3,BB_065,BB_013,n,8,TRUE,FALSE,TRUE,8,8,NA,2021-12-19,2021-12-02,NA,NA,2022-03-11,2022-03-17,2022-03-25,2022-04-01,2022-04-08,2022-04-22,2022-04-28,NA,NA,NA,NA,NA,2022-03-11,1,0,1,1,3,0,0,0,2022-03-11,82,99,2022-04-28,48,1,1,1,0
1,6,16,4,BB_175,BB_104,n,8,TRUE,FALSE,TRUE,8,8,NA,2021-12-12,2021-12-02,2022-02-25,NA,NA,2022-03-17,2022-03-25,NA,2022-04-08,2022-04-22,2022-04-28,NA,NA,2022-05-19,NA,NA,2022-03-11,0,0,0,0,0,NA,0,0,2022-02-25,75,85,2022-05-19,83,1,1,0,0
1,6,17,4,BB_005,BB_195,n,4,TRUE,FALSE,TRUE,4,4,NA,2021-12-12,2021-12-02,NA,2022-03-03,NA,2022-03-17,2022-03-25,2022-04-01,NA,NA,NA,NA,NA,NA,NA,NA,2022-03-17,0,0,0,0,0,NA,0,0,2022-03-03,81,91,2022-04-01,29,1,1,0,0
1,6,18,4,BB_047,BB_193,n,8,TRUE,FALSE,TRUE,8,8,NA,2021-12-19,2021-12-02,NA,NA,2022-03-11,2022-03-17,2022-03-25,2022-04-01,NA,NA,NA,NA,NA,NA,NA,NA,2022-03-17,1,0,0,1,0,6,6,6,2022-03-11,82,99,2022-04-01,21,1,1,1,1
1,7,19,2,BB_196,BB_186,n,7,TRUE,FALSE,TRUE,7,7,NA,2021-12-12,2021-12-02,NA,NA,2022-03-11,2022-03-17,2022-03-25,2022-04-01,2022-04-08,2022-04-22,2022-04-28,NA,NA,NA,NA,NA,2022-03-11,1,3,0,4,0,2,2,8,2022-03-11,89,99,2022-04-28,48,1,1,1,1
1,7,20,2,BB_182,BB_201,n,1,TRUE,FALSE,TRUE,1,1,NA,2021-12-19,2021-12-02,NA,NA,2022-03-11,2022-03-17,2022-03-25,2022-04-01,2022-04-08,2022-04-22,2022-04-28,NA,2022-05-12,NA,NA,NA,2022-03-11,0,0,0,0,0,NA,0,0,2022-03-11,82,99,2022-05-12,62,1,1,0,0
1,7,21,1,BB_122,BB_027,n,2,TRUE,FALSE,TRUE,2,2,NA,2021-12-19,2021-12-02,NA,NA,NA,2022-03-17,2022-03-25,2022-04-01,2022-04-08,2022-04-22,2022-04-28,NA,NA,NA,NA,NA,2022-04-08,1,0,0,1,0,3,3,3,2022-03-17,88,105,2022-04-28,42,1,1,1,1
1,8,22,4,BB_125,BB_137,R,3,TRUE,TRUE,TRUE,3,"6,3,7",NA,2021-12-30,2021-12-02,NA,NA,NA,NA,2022-03-25,2022-04-01,2022-04-08,NA,NA,NA,NA,NA,NA,NA,2022-03-25,0,NA,NA,0,NA,NA,0,0,2022-03-25,85,113,2022-04-08,14,1,1,0,0
1,8,23,2,BB_015,BB_218,n,7,TRUE,FALSE,TRUE,7,7,NA,2021-12-30,2021-12-02,NA,NA,NA,NA,2022-03-25,2022-04-01,2022-04-08,NA,NA,NA,NA,NA,NA,NA,2022-04-08,0,0,0,0,0,NA,0,0,2022-03-25,85,113,2022-04-08,14,1,1,0,0
1,8,24,3,BB_144,BB_207,n,6,TRUE,FALSE,TRUE,6,6,NA,2021-12-12,2021-12-02,NA,NA,NA,NA,2022-03-25,2022-04-01,2022-04-08,NA,NA,NA,NA,NA,NA,NA,2022-03-25,0,1,0,1,0,0,0,0,2022-03-25,103,113,2022-04-08,14,1,1,1,0
1,9,25,5,BB_108,BB_189,n,6,TRUE,FALSE,TRUE,6,6,NA,2021-12-12,2021-12-02,NA,NA,NA,NA,NA,2022-04-01,NA,NA,NA,NA,NA,NA,NA,NA,NA,0,0,0,0,0,NA,0,0,2022-04-01,110,120,2022-04-01,0,1,1,0,0
1,9,26,6,BB_188,BB_009,n,2,TRUE,FALSE,TRUE,2,2,NA,2021-12-12,2021-12-02,NA,NA,NA,NA,NA,2022-04-01,2022-04-08,2022-04-22,2022-04-28,NA,NA,NA,NA,NA,2022-04-01,0,2,0,2,0,0,0,0,2022-04-01,110,120,2022-04-28,27,1,1,1,0
1,9,27,5,BB_176,BB_017,R,4,TRUE,TRUE,TRUE,4,"5,4,8",NA,2021-12-12,2021-12-02,NA,NA,2022-03-11,2022-03-17,2022-03-25,2022-04-01,NA,NA,NA,NA,NA,NA,NA,NA,2022-03-11,0,1,0,1,0,0,0,0,2022-03-11,89,99,2022-04-01,21,1,1,1,0
1,10,28,3,BB_115,BB_187,R,3,TRUE,TRUE,TRUE,3,3,NA,2021-12-19,2021-12-02,NA,NA,NA,NA,NA,NA,2022-04-08,NA,NA,NA,NA,NA,NA,NA,2022-04-08,1,0,0,1,0,0,0,0,2022-04-08,110,127,2022-04-08,0,1,1,1,0
1,10,29,4,BB_099,BB_032,R,5,TRUE,TRUE,TRUE,5,5,NA,2021-12-12,2021-12-02,NA,NA,NA,NA,2022-03-25,2022-04-01,NA,NA,NA,NA,NA,NA,NA,NA,2022-03-25,0,0,0,0,0,NA,0,0,2022-03-25,103,113,2022-04-01,7,1,1,0,0
1,10,30,3,BB_168,BB_058,n,2,TRUE,FALSE,TRUE,2,2,NA,2021-12-12,2021-12-02,NA,NA,NA,NA,2022-03-25,2022-04-01,NA,NA,NA,NA,NA,NA,NA,NA,2022-03-25,1,0,0,1,2,11,11,11,2022-03-25,103,113,2022-04-01,7,1,1,1,1
1,10,31,2,BB_182,BB_021,n,3,TRUE,FALSE,TRUE,3,3,NA,2021-12-12,2021-12-02,NA,NA,NA,NA,2022-03-25,2022-04-01,2022-04-08,2022-04-22,2022-04-28,NA,NA,NA,NA,NA,2022-03-25,1,0,0,1,1,0,0,0,2022-03-25,103,113,2022-04-28,34,1,1,1,0
1,11,32,2,BB_197,BB_060,n,3,TRUE,FALSE,TRUE,3,3,NA,2021-12-12,2021-12-02,NA,NA,NA,NA,2022-03-25,2022-04-01,2022-04-08,2022-04-22,2022-04-28,NA,2022-05-12,2022-05-19,2022-05-25,NA,2022-04-01,13,4,0,17,2,47,3.6153846153846154,61.46153846153846,2022-03-25,103,113,2022-05-25,61,1,1,1,1
1,11,33,2,BB_142,BB_093,n,7,TRUE,FALSE,TRUE,7,7,NA,2021-12-19,2021-12-02,NA,NA,NA,2022-03-17,NA,2022-04-01,2022-04-08,NA,NA,NA,NA,NA,NA,NA,2022-03-17,4,1,0,5,0,41,10.25,51.25,2022-03-17,88,105,2022-04-08,22,1,1,1,1
1,12,35,3,BB_174,BB_068,n,2,TRUE,FALSE,TRUE,2,2,NA,2021-12-12,2021-12-02,NA,NA,NA,NA,NA,2022-04-01,2022-04-08,2022-04-22,NA,NA,NA,NA,NA,NA,2022-04-01,0,0,0,0,0,NA,0,0,2022-04-01,110,120,2022-04-22,21,1,1,0,0
1,12,36,1,BB_202,BB_018,n,6,TRUE,FALSE,TRUE,6,6,NA,2021-12-19,2021-12-02,NA,NA,NA,NA,2022-03-25,2022-04-01,2022-04-08,NA,NA,NA,NA,NA,NA,NA,2022-03-25,1,2,0,3,0,14,14,42,2022-03-25,96,113,2022-04-08,14,1,1,1,1
1,13,37,4,BB_047,BB_131,n,6,TRUE,FALSE,TRUE,6,6,NA,2021-12-12,2021-12-02,NA,NA,2022-03-11,2022-03-17,2022-03-25,2022-04-01,2022-04-08,2022-04-22,NA,NA,NA,NA,NA,NA,2022-03-11,1,0,2,1,4,4,4,4,2022-03-11,89,99,2022-04-22,42,1,1,1,1
1,13,38,5,BB_141,BB_029,n,5,TRUE,FALSE,TRUE,5,5,NA,2021-12-12,2021-12-02,NA,NA,NA,NA,NA,2022-04-01,2022-04-08,2022-04-22,NA,NA,NA,NA,NA,NA,2022-04-01,1,0,0,1,0,3,3,3,2022-04-01,110,120,2022-04-22,21,1,1,1,1
1,13,39,3,BB_198,BB_045,n,6,TRUE,FALSE,TRUE,6,6,NA,2021-12-19,2021-12-02,NA,NA,NA,NA,2022-03-25,2022-04-01,2022-04-08,2022-04-22,2022-04-28,NA,NA,NA,NA,NA,2022-04-01,0,1,0,1,2,0,0,0,2022-03-25,96,113,2022-04-28,34,1,1,1,0
1,14,40,4,BB_175,BB_172,n,4,TRUE,FALSE,TRUE,4,4,NA,2021-12-30,2021-12-02,NA,NA,NA,NA,NA,2022-04-01,2022-04-08,2022-04-22,NA,NA,NA,NA,NA,NA,2022-04-01,1,1,0,2,0,1,1,2,2022-04-01,92,120,2022-04-22,21,1,1,1,1
1,14,41,1,BB_028,BB_083,n,7,TRUE,FALSE,TRUE,7,7,NA,2021-12-12,2021-12-02,NA,NA,NA,2022-03-17,2022-03-25,2022-04-01,2022-04-08,2022-04-22,2022-04-28,NA,NA,NA,NA,NA,2022-03-17,4,2,2,6,0,25,6.25,37.5,2022-03-17,95,105,2022-04-28,42,1,1,1,1
1,14,42,3,BB_011,BB_116,n,6,TRUE,FALSE,TRUE,6,6,NA,2021-12-30,2021-12-02,NA,NA,NA,NA,NA,2022-04-01,NA,2022-04-22,2022-04-28,NA,NA,NA,NA,NA,2022-04-01,0,1,0,1,4,0,0,0,2022-04-01,92,120,2022-04-28,27,1,1,1,0
1,15,43,2,BB_066,BB_019,n,1,TRUE,FALSE,TRUE,1,1,NA,2021-12-19,2021-12-02,NA,NA,NA,NA,NA,NA,NA,2022-04-22,NA,NA,NA,NA,NA,NA,2022-04-22,0,0,0,0,0,NA,0,0,2022-04-22,124,141,2022-04-22,0,1,1,0,0
1,15,44,4,BB_099,BB_061,R,8,TRUE,TRUE,TRUE,8,8,NA,2021-12-19,2021-12-02,NA,NA,NA,NA,NA,NA,NA,2022-04-22,NA,NA,NA,2022-05-19,NA,NA,NA,2,2,0,4,0,0,0,0,2022-04-22,124,141,2022-05-19,27,1,1,1,0
1,16,45,5,BB_215,BB_210,n,6,TRUE,FALSE,TRUE,6,6,NA,2021-12-12,2021-12-02,NA,NA,NA,NA,NA,2022-04-01,2022-04-08,2022-04-22,2022-04-28,NA,NA,NA,NA,NA,2022-04-01,0,0,0,0,0,NA,0,0,2022-04-01,110,120,2022-04-28,27,1,1,0,0
1,16,46,4,BB_005,BB_166,n,5,TRUE,FALSE,TRUE,5,5,NA,2021-12-12,2021-12-02,NA,NA,NA,NA,2022-03-25,2022-04-01,2022-04-08,2022-04-22,2022-04-28,NA,2022-05-12,NA,NA,NA,2022-03-25,2,0,0,2,3,5,2.5,5,2022-03-25,103,113,2022-05-12,48,1,1,1,1
1,17,47,4,BB_005,BB_034,n,5,TRUE,FALSE,TRUE,5,5,NA,2021-12-12,2021-12-02,NA,NA,NA,2022-03-17,2022-03-25,2022-04-01,2022-04-08,2022-04-22,NA,NA,NA,NA,NA,NA,2022-03-17,1,0,0,1,0,3,3,3,2022-03-17,95,105,2022-04-22,36,1,1,1,1
1,17,48,5,BB_057,BB_146,n,7,TRUE,FALSE,TRUE,7,7,NA,2021-12-12,2021-12-02,NA,NA,NA,2022-03-17,2022-03-25,2022-04-01,NA,NA,NA,NA,NA,NA,NA,NA,2022-03-17,2,0,0,2,1,12,6,12,2022-03-17,95,105,2022-04-01,15,1,1,1,1
1,17,49,5,BB_091,BB_098,n,2,TRUE,FALSE,TRUE,2,2,NA,2021-12-12,2021-12-02,NA,NA,NA,NA,2022-03-25,2022-04-01,2022-04-08,2022-04-22,NA,NA,NA,NA,NA,NA,2022-03-25,1,0,0,1,0,0,0,0,2022-03-25,103,113,2022-04-22,28,1,1,1,0
1,18,50,1,BB_202,BB_101,n,2,TRUE,FALSE,TRUE,2,2,NA,2021-12-19,2021-12-02,NA,NA,NA,NA,NA,2022-04-01,2022-04-08,2022-04-22,2022-04-28,NA,NA,NA,NA,NA,2022-04-08,2,0,0,2,5,9,4.5,9,2022-04-01,103,120,2022-04-28,27,1,1,1,1
1,18,51,2,BB_066,BB_052,n,5,TRUE,FALSE,TRUE,5,5,NA,2021-12-12,2021-12-02,NA,NA,NA,NA,2022-03-25,2022-04-01,2022-04-08,2022-04-22,NA,NA,NA,NA,NA,NA,2022-04-01,1,0,0,1,8,1,1,1,2022-03-25,103,113,2022-04-22,28,1,1,1,1
1,19,52,4,BB_177,BB_134,n,6,TRUE,FALSE,TRUE,6,6,NA,2021-12-19,2021-12-02,NA,NA,NA,2022-03-17,2022-03-25,2022-04-01,2022-04-08,NA,NA,NA,NA,NA,NA,NA,2022-03-17,0,1,0,1,0,0,0,0,2022-03-17,88,105,2022-04-08,22,1,1,1,0
1,19,53,4,BB_177,BB_117,n,5,TRUE,FALSE,TRUE,5,5,NA,2021-12-30,2021-12-02,NA,NA,NA,NA,NA,NA,2022-04-08,2022-04-22,2022-04-28,NA,NA,2022-05-19,2022-05-25,NA,2022-04-08,6,0,0,6,0,8,1.3333333333333333,8,2022-04-08,99,127,2022-05-25,47,1,1,1,1
1,19,54,1,BB_028,BB_209,n,6,TRUE,FALSE,TRUE,6,6,NA,NA,2021-12-02,NA,NA,NA,NA,2022-03-25,2022-04-01,2022-04-08,NA,NA,NA,NA,NA,NA,NA,2022-03-25,0,1,0,1,2,0,0,0,2022-03-25,NA,113,2022-04-08,14,0,1,1,0
1,20,55,1,BB_075,BB_164,R,4,TRUE,TRUE,TRUE,4,"1,4,8",NA,2021-12-12,2021-12-02,NA,NA,NA,NA,2022-03-25,2022-04-01,2022-04-08,NA,NA,NA,NA,NA,NA,NA,NA,1,0,0,1,6,4,4,4,2022-03-25,103,113,2022-04-08,14,1,1,1,1
1,20,56,2,BB_142,BB_150,n,3,TRUE,FALSE,TRUE,3,3,NA,2021-12-19,2021-12-02,NA,NA,2022-03-11,2022-03-17,2022-03-25,2022-04-01,2022-04-08,2022-04-22,NA,NA,NA,NA,NA,NA,2022-03-11,7,1,0,8,4,53,7.571428571428571,60.57142857142857,2022-03-11,82,99,2022-04-22,42,1,1,1,1
1,20,57,4,BB_130,BB_048,n,8,TRUE,FALSE,TRUE,8,8,NA,2021-12-19,2021-12-02,NA,NA,NA,NA,2022-03-25,2022-04-01,NA,NA,NA,NA,NA,NA,NA,NA,2022-03-25,1,0,0,1,0,2,2,2,2022-03-25,96,113,2022-04-01,7,1,1,1,1
1,21,58,3,BB_167,BB_110,n,6,TRUE,FALSE,TRUE,6,6,NA,2021-12-20,2021-12-02,NA,NA,NA,NA,NA,2022-04-01,NA,NA,NA,NA,NA,NA,NA,NA,2022-04-01,0,0,0,0,0,NA,0,0,2022-04-01,102,120,2022-04-01,0,1,1,0,0
1,21,59,3,BB_169,BB_160,n,3,TRUE,FALSE,TRUE,3,3,NA,2021-12-12,2021-12-02,NA,NA,NA,2022-03-17,2022-03-25,2022-04-01,2022-04-08,NA,2022-04-28,NA,2022-05-12,NA,NA,NA,2022-03-25,1,1,0,2,3,2,2,4,2022-03-17,95,105,2022-05-12,56,1,1,1,1
1,21,60,5,BB_215,BB_004,n,4,TRUE,FALSE,TRUE,4,4,NA,2021-12-20,2021-12-02,NA,NA,NA,2022-03-17,2022-03-25,2022-04-01,2022-04-08,2022-04-22,NA,NA,NA,NA,NA,NA,2022-03-17,1,2,0,3,0,6,6,18,2022-03-17,87,105,2022-04-22,36,1,1,1,1
1,22,61,4,BB_073,BB_084,n,4,TRUE,FALSE,TRUE,4,4,NA,2021-12-20,2021-12-02,NA,NA,NA,NA,NA,2022-04-01,NA,NA,NA,NA,NA,NA,NA,NA,2022-04-01,1,0,0,1,1,1,1,1,2022-04-01,102,120,2022-04-01,0,1,1,1,1
1,22,62,3,BB_011,BB_215,n,5,TRUE,FALSE,TRUE,5,5,NA,2021-12-12,2021-12-02,NA,NA,NA,NA,NA,2022-04-01,2022-04-08,NA,2022-04-28,NA,NA,NA,NA,NA,2022-04-01,0,0,0,0,7,0,0,0,2022-04-01,110,120,2022-04-28,27,1,1,0,0
1,22,63,3,BB_038,BB_149,n,6,TRUE,FALSE,TRUE,6,6,NA,2021-12-12,2021-12-02,NA,NA,NA,NA,NA,NA,2022-04-08,2022-04-22,2022-04-28,NA,2022-05-12,2022-05-19,NA,NA,2022-04-08,2,0,2,2,2,29,14.5,29,2022-04-08,117,127,2022-05-19,41,1,1,1,1
1,23,64,2,BB_182,BB_103,n,5,TRUE,FALSE,TRUE,5,5,NA,2021-12-12,2021-12-02,NA,NA,2022-03-11,2022-03-17,2022-03-25,2022-04-01,2022-04-08,2022-04-22,2022-04-28,NA,NA,NA,NA,NA,2022-03-11,16,18,1,34,51,139,8.6875,295.375,2022-03-11,89,99,2022-04-28,48,1,1,1,1
1,23,65,4,BB_130,BB_007,n,7,TRUE,FALSE,TRUE,7,7,NA,2021-12-12,2021-12-02,NA,NA,NA,NA,NA,NA,2022-04-08,NA,NA,NA,NA,NA,NA,NA,NA,0,0,0,0,7,NA,0,0,2022-04-08,117,127,2022-04-08,0,1,1,0,0
1,23,66,5,BB_173,BB_044,n,4,TRUE,FALSE,TRUE,4,4,NA,2021-12-12,2021-12-02,NA,NA,NA,NA,NA,NA,NA,NA,NA,NA,NA,NA,NA,NA,NA,0,0,0,0,0,NA,0,0,NA,NA,NA,NA,NA,1,0,0,0
1,24,67,5,BB_057,BB_200,n,5,TRUE,FALSE,TRUE,5,5,Plants 5 and 8 originally selected,2021-12-20,2021-12-02,NA,NA,2022-03-11,2022-03-17,2022-03-25,2022-04-01,NA,NA,NA,NA,NA,NA,NA,NA,2022-03-11,2,1,0,3,10,10,5,15,2022-03-11,81,99,2022-04-01,21,1,1,1,1
1,24,68,2,BB_197,BB_199,n,1,TRUE,FALSE,TRUE,1,1,NA,2021-12-12,2021-12-02,NA,NA,NA,NA,NA,NA,NA,2022-04-22,NA,NA,NA,NA,NA,NA,2022-04-22,0,0,0,0,0,NA,0,0,2022-04-22,131,141,2022-04-22,0,1,1,0,0
1,24,69,2,BB_197,BB_211,n,3,TRUE,FALSE,TRUE,3,3,NA,2021-12-12,2021-12-02,NA,NA,NA,NA,NA,2022-04-01,2022-04-08,2022-04-22,2022-04-28,NA,NA,NA,NA,NA,2022-04-01,0,0,0,0,0,NA,0,0,2022-04-01,110,120,2022-04-28,27,1,1,0,0
1,25,70,1,BB_100,BB_113,n,2,TRUE,FALSE,TRUE,2,2,NA,2021-12-12,2021-12-02,NA,NA,NA,2022-03-17,2022-03-25,NA,2022-04-08,NA,NA,NA,NA,NA,NA,NA,2022-03-17,1,0,0,1,0,0,0,0,2022-03-17,95,105,2022-04-08,22,1,1,1,0
1,25,71,6,BB_188,BB_171,n,2,TRUE,FALSE,TRUE,2,2,NA,2021-12-20,2021-12-02,NA,NA,NA,NA,2022-03-25,2022-04-01,2022-04-08,NA,NA,NA,NA,NA,NA,NA,2022-03-25,0,0,0,0,2,NA,0,0,2022-03-25,95,113,2022-04-08,14,1,1,0,0
1,25,72,5,BB_091,BB_094,n,2,TRUE,FALSE,TRUE,2,2,NA,2021-12-20,2021-12-02,NA,NA,NA,NA,NA,NA,2022-04-08,NA,NA,NA,NA,NA,NA,NA,2022-04-08,0,0,0,0,1,0,0,0,2022-04-08,109,127,2022-04-08,0,1,1,0,0
1,26,73,1,BB_202,BB_025,n,4,TRUE,FALSE,TRUE,4,4,NA,2021-12-30,2021-12-02,NA,NA,NA,NA,NA,NA,2022-04-08,NA,NA,NA,NA,NA,NA,NA,NA,0,0,0,0,1,NA,0,0,2022-04-08,99,127,2022-04-08,0,1,1,0,0
1,26,74,5,BB_176,BB_059,R,3,TRUE,TRUE,TRUE,3,"2,3,4",NA,2021-12-12,2021-12-02,NA,NA,NA,NA,NA,NA,2022-04-08,2022-04-22,2022-04-28,NA,NA,NA,NA,NA,2022-04-28,1,0,0,1,0,0,0,0,2022-04-08,117,127,2022-04-28,20,1,1,1,0
1,26,75,2,BB_014,BB_185,R,4,TRUE,TRUE,TRUE,4,"6,4,8",NA,2021-12-12,2021-12-02,NA,NA,NA,NA,2022-03-25,2022-04-01,2022-04-08,NA,2022-04-28,NA,NA,NA,NA,NA,2022-03-25,1,1,0,2,0,2,2,4,2022-03-25,103,113,2022-04-28,34,1,1,1,1
1,27,76,4,BB_026,BB_070,n,6,TRUE,FALSE,TRUE,6,6,NA,2021-12-20,2021-12-02,NA,NA,NA,NA,2022-03-25,2022-04-01,NA,NA,NA,NA,NA,NA,NA,NA,2022-04-01,1,0,0,1,0,0,0,0,2022-03-25,95,113,2022-04-01,7,1,1,1,0
1,27,77,4,BB_073,BB_092,n,8,TRUE,FALSE,TRUE,8,8,NA,2021-12-12,2021-12-02,NA,NA,NA,2022-03-17,2022-03-25,2022-04-01,NA,NA,NA,NA,NA,NA,NA,NA,NA,0,0,0,0,1,NA,0,0,2022-03-17,95,105,2022-04-01,15,1,1,0,0
1,27,78,5,BB_108,BB_097,n,1,TRUE,FALSE,TRUE,1,1,NA,2021-12-20,2021-12-02,NA,NA,NA,NA,NA,NA,2022-04-08,NA,NA,NA,NA,NA,NA,NA,2022-04-08,0,0,0,0,0,NA,0,0,2022-04-08,109,127,2022-04-08,0,1,1,0,0
1,28,79,3,BB_169,BB_076,n,1,TRUE,FALSE,TRUE,1,1,NA,2021-12-12,2021-12-02,NA,NA,NA,NA,NA,NA,NA,NA,NA,NA,2022-05-12,2022-05-19,2022-05-25,NA,2022-05-19,2,0,0,2,5,6,3,6,2022-05-12,151,161,2022-05-25,13,1,1,1,1
1,28,80,2,BB_107,BB_123,n,4,TRUE,FALSE,TRUE,4,4,NA,2021-12-12,2021-12-02,NA,NA,NA,NA,2022-03-26,2022-04-01,NA,NA,NA,NA,NA,NA,NA,NA,NA,0,0,0,0,0,NA,0,0,2022-03-26,104,114,2022-04-01,6,1,1,0,0
1,28,81,1,BB_194,BB_163,n,6,TRUE,FALSE,TRUE,6,6,NA,2021-12-20,2021-12-02,NA,NA,NA,NA,NA,NA,2022-04-08,2022-04-22,2022-04-28,NA,NA,2022-05-19,NA,NA,2022-04-08,0,0,0,0,0,NA,0,0,2022-04-08,109,127,2022-05-19,41,1,1,0,0
1,29,82,3,BB_168,BB_081,n,5,TRUE,FALSE,TRUE,5,5,NA,2021-12-20,2021-12-02,NA,NA,NA,NA,NA,NA,NA,NA,NA,NA,NA,NA,NA,NA,NA,0,0,0,0,0,NA,0,0,NA,NA,NA,NA,NA,1,0,0,0
1,29,83,1,BB_100,BB_135,n,8,TRUE,FALSE,TRUE,8,8,NA,2021-12-12,2021-12-02,NA,NA,NA,2022-03-17,2022-03-26,2022-04-01,NA,NA,NA,NA,NA,NA,NA,NA,2022-03-17,1,0,0,1,0,0,0,0,2022-03-17,95,105,2022-04-01,15,1,1,1,0
1,31,84,5,BB_173,BB_095,n,8,TRUE,FALSE,TRUE,8,8,NA,2021-12-20,2021-12-02,NA,NA,NA,NA,NA,NA,2022-04-08,2022-04-22,NA,NA,NA,NA,NA,NA,2022-04-08,0,0,0,0,3,NA,0,0,2022-04-08,109,127,2022-04-22,14,1,1,0,0
1,31,85,1,BB_162,BB_154,n,4,TRUE,FALSE,TRUE,4,4,NA,2021-12-12,2021-12-02,NA,NA,NA,2022-03-17,2022-03-26,2022-04-02,NA,2022-04-22,2022-04-28,NA,NA,2022-05-19,NA,NA,2022-03-17,0,0,0,0,1,NA,0,0,2022-03-17,95,105,2022-05-19,63,1,1,0,0
1,31,86,3,BB_065,BB_133,n,3,TRUE,FALSE,TRUE,3,3,NA,2021-12-20,2021-12-02,NA,NA,NA,NA,NA,2022-04-02,2022-04-08,NA,NA,NA,NA,NA,NA,NA,2022-04-02,0,0,0,0,3,NA,0,0,2022-04-02,103,121,2022-04-08,6,1,1,0,0
1,32,87,4,BB_073,BB_064,n,3,TRUE,FALSE,TRUE,3,3,NA,2021-12-12,2021-12-02,NA,NA,NA,2022-03-17,2022-03-26,2022-04-02,NA,NA,NA,NA,NA,NA,NA,NA,2022-03-17,0,0,0,0,0,NA,0,0,2022-03-17,95,105,2022-04-02,16,1,1,0,0
1,32,88,3,BB_167,BB_008,n,8,TRUE,FALSE,TRUE,8,8,NA,2021-12-20,2021-12-02,NA,NA,NA,NA,NA,2022-04-02,2022-04-08,NA,NA,NA,NA,NA,NA,NA,NA,0,2,0,2,0,0,0,0,2022-04-02,103,121,2022-04-08,6,1,1,1,0
1,33,89,1,BB_194,BB_159,n,5,TRUE,FALSE,TRUE,5,5,NA,2021-12-20,2021-12-02,NA,2022-03-03,NA,2022-03-17,2022-03-26,2022-04-02,2022-04-08,2022-04-22,2022-04-28,NA,2022-05-12,NA,NA,NA,2022-03-11,5,3,0,8,1,5,1,8,2022-03-03,73,91,2022-05-12,70,1,1,1,1
1,33,90,5,BB_217,BB_205_A,n,1,TRUE,FALSE,TRUE,1,1,NA,2021-12-12,2021-12-02,NA,NA,NA,NA,NA,2022-04-02,2022-04-08,2022-04-22,NA,NA,NA,NA,NA,NA,2022-04-08,5,2,0,7,0,24,4.8,33.6,2022-04-02,111,121,2022-04-22,20,1,1,1,1
1,33,91,1,BB_213,BB_147,n,1,TRUE,FALSE,TRUE,1,1,NA,2021-12-12,2021-12-02,NA,NA,NA,NA,NA,NA,2022-04-08,2022-04-22,2022-04-28,NA,NA,NA,NA,NA,NA,1,0,0,1,3,4,4,4,2022-04-08,117,127,2022-04-28,20,1,1,1,1
1,34,92,2,BB_014,BB_102,R,7,TRUE,TRUE,TRUE,7,"5,2,7",NA,2021-12-20,2021-12-02,NA,NA,NA,NA,NA,2022-04-02,2022-04-08,2022-04-22,NA,NA,NA,NA,NA,NA,2022-04-02,0,NA,NA,0,NA,NA,0,0,2022-04-02,103,121,2022-04-22,20,1,1,0,0
1,34,93,4,BB_026,BB_053,n,2,TRUE,FALSE,TRUE,2,2,NA,2021-12-20,2021-12-02,NA,NA,NA,2022-03-17,2022-03-26,2022-04-02,NA,NA,NA,NA,NA,NA,NA,NA,2022-03-17,2,0,0,2,4,0,0,0,2022-03-17,87,105,2022-04-02,16,1,1,1,0
1,34,94,3,BB_168,BB_046,n,1,TRUE,FALSE,TRUE,1,1,NA,2021-12-12,2021-12-02,NA,NA,NA,2022-03-17,2022-03-26,2022-04-02,NA,NA,NA,NA,NA,NA,NA,NA,2022-03-17,0,0,0,0,0,NA,0,0,2022-03-17,95,105,2022-04-02,16,1,1,0,0
1,35,95,3,BB_174,BB_002,n,6,TRUE,FALSE,TRUE,6,6,NA,2021-12-20,2021-12-02,NA,NA,NA,NA,NA,NA,NA,2022-04-22,2022-04-28,NA,NA,NA,NA,NA,2022-04-22,2,0,0,2,6,0,0,0,2022-04-22,123,141,2022-04-28,6,1,1,1,0
1,36,97,2,BB_107,BB_151,n,2,TRUE,FALSE,TRUE,2,2,NA,NA,2021-12-02,NA,NA,NA,NA,NA,NA,2022-04-08,NA,NA,NA,NA,NA,NA,NA,NA,0,0,0,0,1,NA,0,0,2022-04-08,NA,127,2022-04-08,0,0,1,0,0
1,36,98,1,BB_213,BB_204,n,8,TRUE,FALSE,TRUE,8,8,NA,2021-12-20,2021-12-02,NA,NA,NA,2022-03-17,NA,NA,NA,NA,NA,NA,NA,NA,NA,NA,NA,1,0,0,1,0,0,0,0,2022-03-17,87,105,2022-03-17,0,1,1,1,0
1,36,99,4,BB_001,BB_072,n,4,TRUE,FALSE,TRUE,4,4,NA,2021-12-12,2021-12-02,NA,NA,NA,NA,2022-03-26,2022-04-02,NA,NA,NA,NA,NA,NA,NA,NA,2022-04-02,0,0,0,0,0,NA,0,0,2022-03-26,104,114,2022-04-02,7,1,1,0,0
1,37,100,5,BB_057,BB_121,n,7,TRUE,FALSE,TRUE,7,7,NA,2021-12-20,2021-12-02,NA,NA,NA,NA,NA,NA,2022-04-08,2022-04-22,2022-04-28,NA,NA,NA,NA,NA,2022-04-08,1,2,0,3,6,0,0,0,2022-04-08,109,127,2022-04-28,20,1,1,1,0
1,37,101,1,BB_213,BB_132,n,6,TRUE,FALSE,TRUE,6,6,NA,2021-12-12,2021-12-02,NA,NA,NA,2022-03-17,NA,2022-04-02,NA,NA,NA,NA,NA,NA,NA,NA,2022-03-17,7,1,0,8,18,21,3,24,2022-03-17,95,105,2022-04-02,16,1,1,1,1
1,37,102,4,BB_175,BB_050,n,2,TRUE,FALSE,TRUE,2,2,NA,2021-12-12,2021-12-02,NA,NA,NA,NA,NA,NA,NA,2022-04-22,NA,NA,NA,NA,NA,NA,NA,1,0,0,1,0,4,4,4,2022-04-22,131,141,2022-04-22,0,1,1,1,1
1,38,103,2,BB_196,BB_089,n,4,TRUE,FALSE,TRUE,4,4,NA,2021-12-20,2021-12-02,NA,NA,2022-03-11,2022-03-17,NA,2022-04-02,NA,2022-04-22,2022-04-28,NA,NA,NA,NA,NA,2022-03-11,1,2,0,3,0,3,3,9,2022-03-11,81,99,2022-04-28,48,1,1,1,1
1,38,104,1,BB_122,BB_126,n,3,TRUE,FALSE,TRUE,3,3,NA,2021-12-12,2021-12-02,NA,NA,NA,NA,2022-03-26,2022-04-02,2022-04-08,NA,NA,NA,NA,NA,NA,NA,NA,0,0,0,0,0,NA,0,0,2022-03-26,104,114,2022-04-08,13,1,1,0,0
1,38,106,5,BB_091,BB_139,n,7,TRUE,FALSE,TRUE,7,7,NA,2021-12-20,2021-12-02,NA,NA,NA,NA,NA,NA,NA,NA,2022-04-28,NA,NA,NA,NA,NA,NA,1,0,0,1,0,1,1,1,2022-04-28,129,147,2022-04-28,0,1,1,1,1
1,39,107,2,BB_055,BB_145,n,4,TRUE,FALSE,TRUE,4,4,NA,2021-12-12,2021-12-02,NA,NA,NA,2022-03-17,2022-03-26,2022-04-02,2022-04-08,NA,NA,NA,NA,NA,NA,NA,2022-03-17,3,0,0,3,0,8,2.6666666666666665,8,2022-03-17,95,105,2022-04-08,22,1,1,1,1
1,39,108,5,BB_051,BB_105,R,3,TRUE,TRUE,TRUE,3,"2,3,4",*2 never flowered,2021-12-12,2021-12-02,NA,NA,NA,NA,NA,2022-04-02,2022-04-08,NA,NA,NA,NA,NA,NA,NA,NA,0,1,0,1,0,0,0,0,2022-04-02,111,121,2022-04-08,6,1,1,1,0
1,39,109,6,BB_171,BB_039,n,5,TRUE,FALSE,TRUE,5,5,NA,2021-12-12,2021-12-02,NA,NA,NA,NA,NA,NA,NA,NA,2022-04-28,NA,NA,NA,NA,NA,NA,0,0,0,0,0,NA,0,0,2022-04-28,137,147,2022-04-28,0,1,1,0,0
1,41,111,5,BB_141,BB_037,n,2,TRUE,FALSE,TRUE,2,2,NA,2021-12-20,2021-12-02,NA,NA,NA,NA,2022-03-26,2022-04-02,NA,NA,NA,NA,NA,NA,NA,NA,2022-04-02,0,2,0,2,2,0,0,0,2022-03-26,96,114,2022-04-02,7,1,1,1,0
1,41,112,1,BB_023,BB_190,n,2,TRUE,FALSE,TRUE,2,2,NA,2021-12-12,2021-12-02,NA,NA,NA,NA,2022-03-26,2022-04-02,2022-04-08,2022-04-22,NA,NA,NA,NA,NA,NA,2022-04-02,0,3,0,3,5,0,0,0,2022-03-26,104,114,2022-04-22,27,1,1,1,0
1,42,113,2,BB_015,BB_111,n,6,TRUE,FALSE,TRUE,6,6,NA,2021-12-12,2021-12-02,NA,NA,NA,NA,2022-03-26,2022-04-02,2022-04-08,2022-04-22,NA,NA,NA,NA,NA,NA,NA,0,1,1,1,1,0,0,0,2022-03-26,104,114,2022-04-22,27,1,1,1,0
1,42,114,3,BB_198,BB_138,n,1,TRUE,FALSE,TRUE,1,1,NA,2021-12-12,2021-12-02,NA,NA,NA,NA,2022-03-26,2022-04-02,2022-04-08,NA,NA,NA,NA,NA,NA,NA,NA,2,0,0,2,2,5,2.5,5,2022-03-26,104,114,2022-04-08,13,1,1,1,1
1,43,115,3,BB_198,BB_035,n,2,TRUE,FALSE,TRUE,2,2,NA,2021-12-12,2021-12-02,NA,NA,2022-03-11,2022-03-17,2022-03-26,2022-04-02,2022-04-08,NA,NA,NA,NA,NA,NA,NA,2022-03-11,0,0,0,0,2,NA,0,0,2022-03-11,89,99,2022-04-08,28,1,1,0,0
1,43,116,5,BB_217,BB_054,n,6,TRUE,FALSE,TRUE,6,6,NA,2021-12-12,2021-12-02,NA,NA,NA,NA,NA,NA,2022-04-08,2022-04-22,NA,NA,NA,2022-05-19,NA,NA,2022-04-08,2,0,0,2,1,0,0,0,2022-04-08,117,127,2022-05-19,41,1,1,1,0
1,43,117,2,BB_066,BB_087,n,7,TRUE,FALSE,TRUE,7,7,NA,2021-12-12,2021-12-02,NA,NA,NA,NA,NA,2022-04-02,2022-04-08,2022-04-22,2022-04-28,NA,NA,NA,NA,NA,2022-04-22,1,0,0,1,0,2,2,2,2022-04-02,111,121,2022-04-28,26,1,1,1,1
1,44,118,2,BB_014,BB_152,R,2,TRUE,TRUE,TRUE,2,2,NA,2021-12-12,2021-12-02,NA,NA,NA,NA,NA,2022-04-02,2022-04-08,NA,NA,NA,NA,NA,NA,NA,2022-04-02,2,0,0,2,0,6,3,6,2022-04-02,111,121,2022-04-08,6,1,1,1,1
1,44,119,1,BB_122,BB_208,n,3,TRUE,FALSE,TRUE,3,3,NA,2021-12-12,2021-12-02,NA,NA,NA,NA,2022-03-26,2022-04-02,NA,NA,NA,NA,NA,NA,NA,NA,2022-03-26,0,0,0,0,0,NA,0,0,2022-03-26,104,114,2022-04-02,7,1,1,0,0
1,44,120,1,BB_162,BB_040,n,4,TRUE,FALSE,TRUE,4,4,NA,2021-12-12,2021-12-02,NA,NA,2022-03-11,2022-03-17,2022-03-26,2022-04-02,NA,NA,NA,NA,NA,NA,NA,NA,2022-03-11,0,0,0,0,0,NA,0,0,2022-03-11,89,99,2022-04-02,22,1,1,0,0
1,45,122,4,BB_001,BB_074,n,4,TRUE,FALSE,TRUE,4,4,NA,2021-12-12,2021-12-02,NA,NA,NA,NA,NA,NA,NA,2022-04-22,NA,NA,NA,NA,NA,NA,NA,0,0,0,0,0,NA,0,0,2022-04-22,131,141,2022-04-22,0,1,1,0,0
1,45,123,3,BB_065,BB_192,n,8,TRUE,FALSE,TRUE,8,8,NA,2021-12-30,2021-12-02,NA,NA,NA,NA,NA,NA,NA,2022-04-22,2022-04-28,NA,2022-05-12,NA,NA,NA,2022-04-22,0,0,0,0,0,NA,0,0,2022-04-22,113,141,2022-05-12,20,1,1,0,0
1,46,124,4,BB_026,BB_153,n,1,TRUE,FALSE,TRUE,1,1,NA,2021-12-12,2021-12-02,NA,NA,NA,NA,NA,2022-04-02,2022-04-08,2022-04-22,2022-04-28,NA,2022-05-12,NA,NA,NA,2022-04-22,3,1,0,4,0,20,6.666666666666667,26.666666666666668,2022-04-02,111,121,2022-05-12,40,1,1,1,1
1,46,125,4,BB_125,BB_024,R,4,TRUE,TRUE,TRUE,4,"3,4,8",NA,2021-12-20,2021-12-02,NA,NA,2022-03-11,NA,NA,NA,NA,NA,NA,NA,NA,NA,NA,NA,2022-03-11,1,0,0,1,0,4,4,4,2022-03-11,81,99,2022-03-11,0,1,1,1,1
1,47,127,3,BB_144,BB_030,n,2,TRUE,FALSE,TRUE,2,2,NA,2021-12-12,2021-12-02,NA,NA,NA,NA,2022-03-26,2022-04-02,2022-04-08,NA,NA,NA,NA,NA,NA,NA,2022-03-26,0,0,0,0,0,NA,0,0,2022-03-26,104,114,2022-04-08,13,1,1,0,0
1,47,128,5,BB_176,BB_049,R,3,TRUE,TRUE,TRUE,3,"5,3,8",NA,2021-12-12,2021-12-02,NA,NA,2022-03-11,2022-03-17,2022-03-26,NA,NA,NA,NA,NA,NA,NA,NA,NA,2022-03-26,0,NA,NA,0,NA,NA,0,0,2022-03-11,89,99,2022-03-26,15,1,1,0,0
1,47,129,1,BB_100,BB_031,n,1,TRUE,FALSE,TRUE,1,1,NA,2021-12-12,2021-12-02,NA,NA,NA,2022-03-17,2022-03-26,2022-04-02,2022-04-08,NA,NA,NA,NA,NA,NA,NA,2022-03-17,0,0,0,0,0,0,0,0,2022-03-17,95,105,2022-04-08,22,1,1,0,0
1,48,131,6,BB_171,BB_157,n,7,TRUE,FALSE,TRUE,7,7,NA,2021-12-12,2021-12-02,NA,NA,NA,2022-03-17,NA,2022-04-02,2022-04-08,NA,NA,NA,NA,NA,NA,NA,NA,0,0,0,0,0,NA,0,0,2022-03-17,95,105,2022-04-08,22,1,1,0,0
1,49,134,2,BB_196,BB_088,n,7,TRUE,FALSE,TRUE,7,7,NA,2021-12-12,2021-12-02,NA,NA,2022-03-11,2022-03-17,NA,2022-04-02,2022-04-08,2022-04-23,2022-04-28,NA,2022-05-12,NA,NA,NA,2022-03-11,4,0,0,4,0,16,4,16,2022-03-11,89,99,2022-05-12,62,1,1,1,1
1,49,135,2,BB_055,BB_119,n,8,TRUE,FALSE,TRUE,8,8,NA,2021-12-12,2021-12-02,NA,NA,NA,NA,NA,NA,2022-04-08,2022-04-23,NA,NA,NA,NA,NA,NA,2022-04-08,0,0,0,0,0,NA,0,0,2022-04-08,117,127,2022-04-23,15,1,1,0,0
1,51,136,1,BB_162,BB_080,n,3,TRUE,FALSE,TRUE,3,3,NA,2021-12-12,2021-12-02,NA,NA,NA,NA,NA,NA,2022-04-08,2022-04-23,NA,NA,NA,NA,NA,NA,2022-04-08,0,0,0,0,0,NA,0,0,2022-04-08,117,127,2022-04-23,15,1,1,0,0
1,51,137,4,BB_177,BB_140,n,5,TRUE,FALSE,TRUE,5,5,NA,2021-12-12,2021-12-02,NA,NA,NA,NA,2022-03-26,NA,NA,NA,NA,NA,NA,NA,NA,NA,2022-03-26,0,0,0,0,0,NA,0,0,2022-03-26,104,114,2022-03-26,0,1,1,0,0
1,51,138,3,BB_144,BB_158,n,8,TRUE,FALSE,TRUE,8,8,NA,2021-12-20,2021-12-02,NA,NA,NA,NA,NA,NA,2022-04-08,2022-04-23,NA,NA,NA,NA,NA,NA,NA,0,0,0,0,0,0,0,0,2022-04-08,109,127,2022-04-23,15,1,1,0,0
1,52,139,5,BB_217,BB_016,n,1,TRUE,FALSE,TRUE,1,1,NA,2021-12-12,2021-12-02,NA,NA,NA,NA,NA,2022-04-02,2022-04-08,NA,NA,NA,2022-05-12,NA,NA,NA,NA,0,0,0,0,0,NA,0,0,2022-04-02,111,121,2022-05-12,40,1,1,0,0
1,52,140,3,BB_038,BB_216,n,6,TRUE,FALSE,TRUE,6,6,NA,2021-12-12,2021-12-02,NA,NA,NA,NA,2022-03-26,2022-04-02,2022-04-08,2022-04-23,NA,NA,NA,NA,NA,NA,2022-03-26,0,0,0,0,1,NA,0,0,2022-03-26,104,114,2022-04-23,28,1,1,0,0
1,52,141,4,BB_125,BB_051,R,1,TRUE,TRUE,TRUE,1,"1,2,6",NA,2021-12-12,2021-12-02,NA,NA,NA,NA,NA,NA,NA,2022-04-23,NA,NA,NA,NA,NA,NA,2022-04-23,0,NA,NA,0,NA,NA,0,0,2022-04-23,132,142,2022-04-23,0,1,1,0,0
1,53,142,1,BB_023,BB_078,n,7,TRUE,FALSE,TRUE,7,7,NA,2021-12-12,2021-12-02,NA,NA,NA,NA,2022-03-26,2022-04-02,2022-04-08,2022-04-23,2022-04-28,NA,NA,NA,NA,NA,2022-03-26,3,0,0,3,4,0,0,0,2022-03-26,104,114,2022-04-28,33,1,1,1,0
1,53,143,3,BB_011,BB_056,n,4,TRUE,FALSE,TRUE,4,4,NA,2021-12-20,2021-12-02,NA,NA,NA,NA,2022-03-26,2022-04-02,NA,NA,NA,NA,NA,NA,NA,NA,2022-03-26,0,0,0,0,0,NA,0,0,2022-03-26,96,114,2022-04-02,7,1,1,0,0
1,53,144,5,BB_051,BB_118,R,3,TRUE,TRUE,TRUE,3,"5,3,8",NA,2021-12-12,2021-12-02,NA,NA,NA,NA,2022-03-26,2022-04-02,NA,NA,NA,NA,NA,NA,NA,NA,2022-03-26,0,0,0,0,1,NA,0,0,2022-03-26,104,114,2022-04-02,7,1,1,0,0
1,54,145,4,BB_130,BB_120,n,8,TRUE,FALSE,TRUE,8,8,NA,2021-12-12,2021-12-02,NA,NA,NA,2022-03-17,2022-03-26,2022-04-02,2022-04-08,2022-04-23,2022-04-28,NA,NA,NA,NA,NA,2022-03-26,3,0,0,3,6,2,0.6666666666666666,2,2022-03-17,95,105,2022-04-28,42,1,1,1,1
1,54,146,3,BB_038,BB_042,n,7,TRUE,FALSE,TRUE,7,7,NA,2021-12-12,2021-12-02,NA,NA,NA,2022-03-17,2022-03-26,2022-04-02,NA,NA,NA,NA,NA,NA,NA,NA,2022-03-26,0,0,0,0,1,NA,0,0,2022-03-17,95,105,2022-04-02,16,1,1,0,0
1,55,147,2,BB_142,BB_086,n,1,TRUE,FALSE,TRUE,1,1,NA,2021-12-12,2021-12-02,NA,NA,NA,NA,2022-03-26,NA,NA,NA,NA,NA,NA,NA,NA,NA,2022-03-26,0,0,0,0,0,NA,0,0,2022-03-26,104,114,2022-03-26,0,1,1,0,0
2,56,148,5,BB_217,BB_016,n,4,TRUE,FALSE,TRUE,4,4,NA,2021-12-12,2021-12-02,NA,NA,NA,NA,NA,2022-04-02,2022-04-08,NA,NA,NA,NA,NA,NA,NA,2022-04-02,0,0,0,0,0,NA,0,0,2022-04-02,111,121,2022-04-08,6,1,1,0,0
2,57,151,2,BB_015,BB_111,n,1,TRUE,FALSE,TRUE,1,1,NA,2021-12-12,2021-12-02,NA,NA,NA,NA,2022-03-26,NA,NA,NA,NA,NA,NA,NA,NA,NA,2022-03-26,0,0,0,0,0,NA,0,0,2022-03-26,104,114,2022-03-26,0,1,1,0,0
2,57,152,4,BB_130,BB_120,n,3,TRUE,FALSE,TRUE,3,3,NA,2021-12-12,2021-12-02,NA,NA,NA,NA,2022-03-26,2022-04-02,2022-04-08,2022-04-23,NA,NA,2022-05-12,NA,NA,NA,2022-03-26,1,0,0,1,8,0,0,0,2022-03-26,104,114,2022-05-12,47,1,1,1,0
2,57,153,4,BB_073,BB_092,n,7,TRUE,FALSE,TRUE,7,7,NA,2021-12-12,2021-12-02,NA,2022-03-03,NA,NA,2022-03-26,2022-04-02,2022-04-08,NA,NA,NA,NA,NA,NA,NA,2022-03-11,0,2,0,2,0,0,0,0,2022-03-03,81,91,2022-04-08,36,1,1,1,0
2,58,154,6,BB_171,BB_127,n,5,TRUE,FALSE,TRUE,5,5,NA,2021-12-12,2021-12-02,NA,NA,NA,NA,2022-03-26,2022-04-02,NA,NA,NA,NA,NA,NA,NA,NA,2022-04-02,0,0,0,0,0,NA,0,0,2022-03-26,104,114,2022-04-02,7,1,1,0,0
2,58,155,4,BB_026,BB_153,n,3,TRUE,FALSE,TRUE,3,3,NA,2021-12-12,2021-12-02,NA,NA,2022-03-11,2022-03-17,2022-03-26,2022-04-02,NA,2022-04-23,2022-04-29,NA,NA,NA,NA,NA,2022-03-11,1,0,0,1,3,0,0,0,2022-03-11,89,99,2022-04-29,49,1,1,1,0
2,58,156,4,BB_175,BB_050,n,6,TRUE,FALSE,TRUE,6,6,NA,2021-12-12,2021-12-02,NA,NA,NA,NA,NA,NA,NA,NA,NA,NA,NA,NA,NA,NA,NA,0,0,0,0,0,NA,0,0,NA,NA,NA,NA,NA,1,0,0,0
2,59,157,3,BB_065,BB_133,n,8,TRUE,FALSE,TRUE,8,8,NA,2021-12-12,2021-12-02,NA,NA,NA,NA,NA,2022-04-02,2022-04-08,NA,NA,NA,NA,NA,NA,NA,2022-04-02,2,0,0,2,0,4,2,4,2022-04-02,111,121,2022-04-08,6,1,1,1,1
2,59,158,5,BB_051,BB_143,R,2,TRUE,TRUE,TRUE,2,"5,2,4",NA,2021-12-12,2021-12-02,NA,NA,NA,2022-03-17,2022-03-26,NA,NA,NA,NA,NA,NA,NA,NA,NA,2022-03-17,0,NA,NA,0,NA,NA,0,0,2022-03-17,95,105,2022-03-26,9,1,1,0,0
2,59,159,3,BB_011,BB_056,n,1,TRUE,FALSE,TRUE,1,1,**Two fitness plants? 1 and 8 originally recorded. Double check. No fruit collected from either,2021-12-20,2021-12-02,NA,NA,NA,NA,2022-03-26,2022-04-02,NA,NA,NA,NA,NA,NA,NA,NA,2022-03-26,0,0,0,0,0,NA,0,0,2022-03-26,96,114,2022-04-02,7,1,1,0,0
2,61,161,1,BB_023,BB_078,n,8,TRUE,FALSE,TRUE,8,8,NA,NA,2021-12-02,NA,NA,NA,NA,NA,NA,NA,NA,NA,NA,NA,NA,NA,NA,NA,0,0,0,0,0,NA,0,0,NA,NA,NA,NA,NA,0,0,0,0
2,61,162,1,BB_213,BB_147,n,6,TRUE,FALSE,TRUE,6,6,NA,2021-12-12,2021-12-02,NA,NA,NA,NA,NA,NA,NA,NA,NA,NA,NA,NA,NA,NA,NA,0,0,0,0,1,0,0,0,NA,NA,NA,NA,NA,1,0,0,0
2,62,163,1,BB_194,BB_214,n,8,TRUE,FALSE,TRUE,8,8,NA,2021-12-12,2021-12-02,NA,NA,NA,2022-03-17,2022-03-26,2022-04-02,2022-04-08,NA,NA,NA,NA,NA,NA,NA,2022-03-17,1,0,0,1,3,3,3,3,2022-03-17,95,105,2022-04-08,22,1,1,1,1
2,62,164,4,BB_099,BB_061,R,1,TRUE,TRUE,TRUE,1,"1,7,8",NA,2021-12-12,2021-12-02,NA,NA,2022-03-11,2022-03-17,2022-03-26,NA,NA,NA,NA,NA,NA,NA,NA,NA,2022-03-26,1,0,0,1,0,2,2,2,2022-03-11,89,99,2022-03-26,15,1,1,1,1
2,63,166,3,BB_167,BB_114,n,6,TRUE,FALSE,TRUE,6,6,NA,NA,2021-12-02,NA,NA,NA,NA,NA,NA,NA,2022-04-23,NA,NA,NA,NA,NA,NA,NA,0,0,0,0,0,NA,0,0,2022-04-23,NA,142,2022-04-23,0,0,1,0,0
2,63,167,1,BB_028,BB_083,n,6,TRUE,FALSE,TRUE,6,6,plants 6 and 3 originally recorded,2021-12-12,2021-12-02,NA,NA,NA,NA,NA,2022-04-02,NA,2022-04-23,NA,NA,NA,NA,NA,NA,NA,0,0,0,0,0,NA,0,0,2022-04-02,111,121,2022-04-23,21,1,1,0,0
2,63,168,6,BB_188,BB_171,n,1,TRUE,FALSE,TRUE,1,1,NA,2021-12-12,2021-12-02,NA,NA,NA,NA,2022-03-26,NA,NA,NA,NA,NA,NA,NA,NA,NA,NA,0,0,1,0,0,0,0,0,2022-03-26,104,114,2022-03-26,0,1,1,0,0
2,64,170,4,BB_125,BB_051,R,3,TRUE,TRUE,TRUE,3,"3,7,8",NA,2021-12-12,2021-12-02,NA,NA,2022-03-11,2022-03-17,2022-03-26,2022-04-02,NA,NA,NA,NA,NA,NA,NA,NA,2022-03-11,2,0,0,2,0,1,0.5,1,2022-03-11,89,99,2022-04-02,22,1,1,1,1
2,65,173,2,BB_066,BB_052,n,4,TRUE,FALSE,TRUE,4,4,NA,2021-12-20,2021-12-02,NA,NA,NA,NA,2022-03-26,2022-04-02,2022-04-08,NA,NA,NA,NA,NA,NA,NA,2022-03-26,0,0,0,0,0,NA,0,0,2022-03-26,96,114,2022-04-08,13,1,1,0,0
2,65,174,2,BB_142,BB_150,n,8,TRUE,FALSE,TRUE,8,8,NA,2021-12-12,2021-12-02,NA,NA,NA,NA,NA,2022-04-02,NA,NA,NA,NA,NA,NA,NA,NA,2022-04-02,1,0,0,1,1,2,2,2,2022-04-02,111,121,2022-04-02,0,1,1,1,1
2,67,178,1,BB_075,BB_164,R,2,TRUE,TRUE,TRUE,2,2,NA,2021-12-12,2021-12-02,NA,NA,NA,NA,NA,NA,2022-04-08,2022-04-23,2022-04-29,NA,NA,NA,NA,NA,2022-04-08,1,0,0,1,0,0,0,0,2022-04-08,117,127,2022-04-29,21,1,1,1,0
2,68,181,2,BB_015,BB_218,n,7,TRUE,FALSE,TRUE,7,7,NA,2021-12-20,2021-12-02,NA,NA,NA,NA,NA,NA,NA,NA,NA,NA,NA,NA,NA,NA,NA,0,0,0,0,0,NA,0,0,NA,NA,NA,NA,NA,1,0,0,0
2,69,183,3,BB_168,BB_081,n,1,TRUE,FALSE,TRUE,1,1,plants 1 and 5 originally recorded.,2021-12-12,2021-12-02,NA,2022-03-03,NA,2022-03-17,2022-03-26,2022-04-02,2022-04-09,NA,NA,NA,NA,NA,NA,NA,2022-03-11,0,0,1,0,0,0,0,0,2022-03-03,81,91,2022-04-09,37,1,1,0,0
2,69,185,2,BB_197,BB_199,n,8,TRUE,FALSE,TRUE,8,8,NA,2021-12-20,2021-12-02,NA,NA,NA,NA,NA,NA,NA,2022-04-23,2022-04-29,NA,2022-05-12,NA,NA,NA,2022-04-23,2,0,0,2,0,0,0,0,2022-04-23,124,142,2022-05-12,19,1,1,1,0
2,71,186,5,BB_057,BB_146,n,2,TRUE,FALSE,TRUE,2,2,NA,2021-12-13,2021-12-02,NA,NA,NA,NA,NA,NA,NA,NA,2022-04-29,NA,NA,NA,NA,NA,NA,1,0,0,1,0,1,1,1,2022-04-29,137,148,2022-04-29,0,1,1,1,1
2,71,187,5,BB_215,BB_210,n,1,TRUE,FALSE,TRUE,1,1,NA,2021-12-13,2021-12-02,NA,NA,NA,NA,2022-03-26,2022-04-02,2022-04-09,NA,NA,NA,NA,NA,NA,NA,NA,1,0,0,1,0,3,3,3,2022-03-26,103,114,2022-04-09,14,1,1,1,1
2,71,188,3,BB_167,BB_008,n,8,TRUE,FALSE,TRUE,8,8,NA,2021-12-13,2021-12-02,NA,NA,NA,NA,NA,NA,NA,2022-04-23,2022-04-29,NA,NA,NA,NA,NA,2022-04-23,0,0,1,0,0,0,0,0,2022-04-23,131,142,2022-04-29,6,1,1,0,0
2,72,189,2,BB_055,BB_119,n,6,TRUE,FALSE,TRUE,6,6,NA,2021-12-13,2021-12-02,NA,NA,NA,NA,2022-03-26,2022-04-02,NA,NA,NA,NA,NA,NA,NA,NA,NA,1,0,0,1,0,0,0,0,2022-03-26,103,114,2022-04-02,7,1,1,1,0
2,72,190,3,BB_174,BB_068,n,1,TRUE,FALSE,TRUE,1,1,NA,2021-12-20,2021-12-02,NA,NA,NA,NA,2022-03-26,NA,NA,NA,NA,NA,NA,NA,NA,NA,2022-03-26,0,0,0,0,0,NA,0,0,2022-03-26,96,114,2022-03-26,0,1,1,0,0
2,72,191,4,BB_005,BB_195,n,7,TRUE,FALSE,TRUE,7,7,NA,2021-12-13,2021-12-02,NA,NA,2022-03-11,2022-03-17,2022-03-26,2022-04-02,2022-04-09,NA,NA,NA,NA,NA,NA,NA,2022-03-11,0,0,0,0,0,NA,0,0,2022-03-11,88,99,2022-04-09,29,1,1,0,0
2,73,192,3,BB_198,BB_045,n,2,TRUE,FALSE,TRUE,2,2,NA,2021-12-20,2021-12-02,NA,NA,2022-03-11,NA,NA,NA,NA,NA,NA,NA,NA,NA,NA,NA,NA,0,0,0,0,0,NA,0,0,2022-03-11,81,99,2022-03-11,0,1,1,0,0
2,73,193,4,BB_125,BB_024,R,2,TRUE,TRUE,TRUE,2,2,NA,2021-12-13,2021-12-02,NA,NA,NA,NA,NA,2022-04-02,NA,NA,NA,NA,NA,NA,NA,NA,2022-04-02,0,0,0,0,0,NA,0,0,2022-04-02,110,121,2022-04-02,0,1,1,0,0
2,73,194,3,BB_038,BB_216,n,4,TRUE,FALSE,TRUE,4,4,NA,2021-12-13,2021-12-02,NA,NA,NA,NA,NA,NA,NA,NA,NA,NA,NA,NA,NA,NA,NA,0,0,0,0,0,NA,0,0,NA,NA,NA,NA,NA,1,0,0,0
2,74,195,4,BB_073,BB_064,n,1,TRUE,FALSE,TRUE,1,1,NA,2021-12-13,2021-12-02,NA,NA,NA,2022-03-17,2022-03-26,2022-04-02,NA,NA,NA,NA,NA,NA,NA,NA,2022-03-17,0,0,0,0,0,NA,0,0,2022-03-17,94,105,2022-04-02,16,1,1,0,0
2,74,197,6,BB_171,BB_157,n,5,TRUE,FALSE,TRUE,5,5,NA,2021-12-13,2021-12-02,NA,NA,NA,NA,NA,2022-04-02,NA,NA,NA,NA,NA,NA,NA,NA,2022-04-02,0,1,0,1,0,0,0,0,2022-04-02,110,121,2022-04-02,0,1,1,1,0
2,75,199,1,BB_100,BB_031,n,3,TRUE,FALSE,TRUE,3,3,NA,2021-12-13,2021-12-02,NA,NA,NA,2022-03-17,2022-03-26,NA,NA,NA,NA,NA,NA,NA,NA,NA,2022-03-17,0,1,0,1,0,0,0,0,2022-03-17,94,105,2022-03-26,9,1,1,1,0
2,75,200,5,BB_173,BB_095,n,6,TRUE,FALSE,TRUE,6,6,NA,2021-12-13,2021-12-02,NA,NA,NA,NA,NA,NA,NA,2022-04-23,2022-04-29,NA,NA,NA,NA,NA,2022-04-23,0,0,0,0,0,NA,0,0,2022-04-23,131,142,2022-04-29,6,1,1,0,0
2,76,202,4,BB_099,BB_161,R,3,TRUE,TRUE,TRUE,3,"2,3",NA,2021-12-20,2021-12-02,NA,NA,NA,NA,2022-03-26,2022-04-02,NA,NA,NA,NA,NA,NA,NA,NA,2022-03-26,0,0,0,0,0,NA,0,0,2022-03-26,96,114,2022-04-02,7,1,1,0,0
2,76,203,4,BB_026,BB_053,n,7,TRUE,FALSE,TRUE,7,7,NA,2021-12-13,2021-12-02,NA,NA,NA,NA,2022-03-26,NA,NA,NA,NA,NA,NA,NA,NA,NA,2022-03-26,1,0,0,1,0,4,4,4,2022-03-26,103,114,2022-03-26,0,1,1,1,1
2,77,204,4,BB_175,BB_104,n,8,TRUE,FALSE,TRUE,8,8,NA,2021-12-20,2021-12-02,NA,NA,NA,2022-03-17,2022-03-26,2022-04-02,2022-04-09,2022-04-23,2022-04-29,NA,NA,NA,NA,NA,2022-03-26,0,1,0,1,0,0,0,0,2022-03-17,87,105,2022-04-29,43,1,1,1,0
2,77,205,4,BB_099,BB_032,R,1,TRUE,TRUE,TRUE,1,"1,5,8",NA,2021-12-13,2021-12-02,NA,NA,NA,NA,NA,2022-04-02,NA,NA,NA,NA,NA,NA,NA,NA,2022-04-02,0,NA,NA,0,NA,NA,0,0,2022-04-02,110,121,2022-04-02,0,1,1,0,0
2,77,206,2,BB_107,BB_151,n,6,TRUE,FALSE,TRUE,6,6,NA,2021-12-13,2021-12-02,NA,NA,NA,2022-03-17,2022-03-26,2022-04-02,NA,NA,NA,NA,NA,NA,NA,NA,2022-03-26,1,0,0,1,0,6,6,6,2022-03-17,94,105,2022-04-02,16,1,1,1,1
2,78,207,1,BB_028,BB_209,n,6,TRUE,FALSE,TRUE,6,6,NA,2021-12-13,2021-12-02,NA,NA,NA,NA,2022-03-25,2022-04-02,NA,NA,NA,NA,NA,NA,NA,NA,2022-04-02,0,0,0,0,0,NA,0,0,2022-03-25,102,113,2022-04-02,8,1,1,0,0
2,78,208,6,BB_188,BB_009,n,3,TRUE,FALSE,TRUE,3,3,NA,2021-12-13,2021-12-02,NA,NA,NA,NA,NA,NA,2022-04-09,NA,NA,NA,NA,NA,NA,NA,2022-04-09,0,0,0,0,2,NA,0,0,2022-04-09,117,128,2022-04-09,0,1,1,0,0
2,79,210,3,BB_169,BB_076,n,8,TRUE,FALSE,TRUE,8,8,NA,2021-12-13,2021-12-02,NA,NA,2022-03-11,2022-03-17,2022-03-25,2022-04-02,NA,NA,NA,NA,NA,NA,NA,NA,2022-03-11,3,0,0,3,0,5,1.6666666666666667,5,2022-03-11,88,99,2022-04-02,22,1,1,1,1
2,79,211,4,BB_001,BB_072,n,6,TRUE,FALSE,TRUE,6,6,NA,2021-12-20,2021-12-02,NA,NA,NA,NA,NA,NA,NA,NA,NA,NA,NA,2022-05-19,NA,NA,2022-05-19,0,0,0,0,0,NA,0,0,2022-05-19,150,168,2022-05-19,0,1,1,0,0
2,79,212,5,BB_051,BB_105,R,1,TRUE,TRUE,TRUE,1,1,NA,2021-12-13,2021-12-02,NA,NA,NA,NA,2022-03-25,2022-04-02,NA,NA,NA,NA,NA,NA,NA,NA,2022-03-25,0,0,0,0,1,0,0,0,2022-03-25,102,113,2022-04-02,8,1,1,0,0
2,80,213,3,BB_144,BB_207,n,3,TRUE,FALSE,TRUE,3,3,NA,2021-12-13,2021-12-02,NA,NA,NA,NA,2022-03-25,2022-04-02,2022-04-09,2022-04-23,NA,NA,NA,NA,NA,NA,2022-04-02,1,0,0,1,1,5,5,5,2022-03-25,102,113,2022-04-23,29,1,1,1,1
2,80,214,2,BB_066,BB_019,n,8,TRUE,FALSE,TRUE,8,8,NA,2021-12-13,2021-12-02,NA,NA,NA,2022-03-17,2022-03-25,2022-04-02,2022-04-09,2022-04-23,NA,NA,NA,NA,NA,NA,2022-03-17,4,0,0,4,5,29,7.25,29,2022-03-17,94,105,2022-04-23,37,1,1,1,1
2,80,215,2,BB_055,BB_145,n,3,TRUE,FALSE,TRUE,3,3,NA,2021-12-13,2021-12-02,NA,NA,NA,NA,2022-03-25,2022-04-02,NA,NA,NA,NA,NA,NA,NA,NA,2022-04-02,0,0,0,0,4,NA,0,0,2022-03-25,102,113,2022-04-02,8,1,1,0,0
2,81,216,1,BB_100,BB_113,n,4,TRUE,FALSE,TRUE,4,4,**Two fitness plants? Double check. 3 and 4 originally recorded.,2021-12-13,2021-12-02,NA,NA,NA,NA,NA,NA,NA,2022-04-23,NA,NA,NA,NA,NA,NA,2022-04-23,0,0,0,0,0,NA,0,0,2022-04-23,131,142,2022-04-23,0,1,1,0,0
2,81,218,1,BB_194,BB_159,n,5,TRUE,FALSE,TRUE,5,5,**Two fitness plants? Double check. 2 and 5 originally recorded.,2021-12-30,2021-12-02,NA,NA,NA,NA,NA,2022-04-02,NA,NA,NA,NA,NA,NA,NA,NA,2022-04-02,0,0,0,0,0,NA,0,0,2022-04-02,93,121,2022-04-02,0,1,1,0,0
2,82,219,4,BB_047,BB_131,n,8,TRUE,FALSE,TRUE,8,8,NA,2021-12-13,2021-12-02,NA,NA,NA,2022-03-17,2022-03-25,NA,NA,NA,NA,NA,NA,NA,NA,NA,NA,0,0,0,0,0,NA,0,0,2022-03-17,94,105,2022-03-25,8,1,1,0,0
2,82,220,1,BB_202,BB_025,n,4,TRUE,FALSE,TRUE,4,4,NA,2021-12-13,2021-12-02,NA,NA,2022-03-11,2022-03-17,2022-03-25,2022-04-02,NA,NA,NA,NA,NA,NA,NA,NA,2022-03-11,0,0,0,0,11,NA,0,0,2022-03-11,88,99,2022-04-02,22,1,1,0,0
2,83,223,2,BB_014,BB_102,R,6,TRUE,TRUE,TRUE,6,"6,4,8",NA,2021-12-13,2021-12-02,NA,NA,NA,NA,NA,2022-04-02,NA,NA,NA,NA,NA,NA,NA,NA,2022-04-02,0,0,0,0,0,0,0,0,2022-04-02,110,121,2022-04-02,0,1,1,0,0
2,83,224,2,BB_142,BB_093,n,6,TRUE,FALSE,TRUE,6,6,NA,2021-12-20,2021-12-02,NA,NA,2022-03-11,2022-03-17,NA,2022-04-02,NA,NA,NA,NA,NA,NA,NA,NA,2022-03-11,0,0,0,0,0,NA,0,0,2022-03-11,81,99,2022-04-02,22,1,1,0,0
2,83,225,6,BB_171,BB_039,n,5,TRUE,FALSE,TRUE,5,5,**Two fitness plants? Double check. 4 and 5 originally recorded,2021-12-13,2021-12-02,NA,NA,2022-03-11,2022-03-17,2022-03-25,NA,NA,NA,NA,NA,NA,NA,NA,NA,2022-03-25,0,0,0,0,1,NA,0,0,2022-03-11,88,99,2022-03-25,14,1,1,0,0
2,83,226,1,BB_028,BB_109,n,3,TRUE,FALSE,TRUE,3,3,NA,2021-12-13,2021-12-02,NA,NA,NA,NA,2022-03-25,2022-04-02,NA,NA,NA,NA,NA,NA,NA,NA,2022-03-25,0,0,0,0,1,NA,0,0,2022-03-25,102,113,2022-04-02,8,1,1,0,0
2,84,227,2,BB_196,BB_186,n,8,TRUE,FALSE,TRUE,8,8,NA,2021-12-13,2021-12-02,NA,NA,2022-03-11,2022-03-17,2022-03-25,2022-04-02,2022-04-08,2022-04-23,2022-04-29,NA,NA,NA,NA,NA,2022-03-11,0,0,0,0,3,NA,0,0,2022-03-11,88,99,2022-04-29,49,1,1,0,0
2,84,228,3,BB_115,BB_187,R,1,TRUE,TRUE,TRUE,1,"1,6,3",NA,2021-12-13,2021-12-02,NA,NA,NA,NA,NA,2022-04-02,NA,NA,NA,NA,NA,NA,NA,NA,2022-04-02,0,0,0,0,0,NA,0,0,2022-04-02,110,121,2022-04-02,0,1,1,0,0
2,85,230,5,BB_141,BB_029,n,4,TRUE,FALSE,TRUE,4,4,NA,2021-12-13,2021-12-02,NA,NA,NA,NA,NA,2022-04-02,NA,2022-04-23,NA,NA,NA,NA,NA,NA,NA,1,0,0,1,0,1,1,1,2022-04-02,110,121,2022-04-23,21,1,1,1,1
2,85,231,4,BB_047,BB_193,n,6,TRUE,FALSE,TRUE,6,6,NA,2021-12-13,2021-12-02,NA,NA,NA,2022-03-17,2022-03-25,2022-04-02,2022-04-08,NA,NA,NA,NA,NA,NA,NA,2022-03-25,1,0,0,1,0,0,0,0,2022-03-17,94,105,2022-04-08,22,1,1,1,0
2,85,232,3,BB_174,BB_002,n,3,TRUE,FALSE,TRUE,3,3,NA,2021-12-13,2021-12-02,NA,NA,NA,NA,2022-03-25,2022-04-02,2022-04-08,NA,NA,NA,NA,NA,NA,NA,2022-03-25,0,0,0,0,0,NA,0,0,2022-03-25,102,113,2022-04-08,14,1,1,0,0
2,85,233,1,BB_075,BB_079,R,3,TRUE,TRUE,TRUE,3,"2,3,7",NA,2021-12-13,2021-12-02,NA,NA,NA,NA,2022-03-25,2022-04-02,2022-04-08,NA,NA,NA,NA,NA,NA,NA,NA,2,0,0,2,0,2,1,2,2022-03-25,102,113,2022-04-08,14,1,1,1,1
2,86,234,5,BB_108,BB_189,n,7,TRUE,FALSE,TRUE,7,7,NA,2021-12-13,2021-12-02,NA,2022-03-04,2022-03-11,2022-03-17,2022-03-25,2022-04-02,NA,NA,NA,NA,NA,NA,NA,NA,2022-03-11,5,1,0,6,9,9,1.8,10.8,2022-03-04,81,92,2022-04-02,29,1,1,1,1
2,86,235,2,BB_107,BB_179,n,2,TRUE,FALSE,TRUE,2,2,NA,2021-12-13,2021-12-02,NA,NA,2022-03-11,2022-03-17,2022-03-25,NA,NA,NA,NA,NA,NA,NA,NA,NA,2022-03-11,1,1,0,2,16,3,3,6,2022-03-11,88,99,2022-03-25,14,1,1,1,1
2,86,236,2,BB_182,BB_103,n,1,TRUE,FALSE,TRUE,1,1,NA,2021-12-13,2021-12-02,NA,NA,2022-03-11,2022-03-17,2022-03-25,2022-04-02,2022-04-08,NA,NA,NA,NA,NA,NA,NA,2022-03-25,2,0,0,2,1,8,4,8,2022-03-11,88,99,2022-04-08,28,1,1,1,1
2,86,237,3,BB_115,BB_077,R,7,TRUE,TRUE,TRUE,7,"5,7,4",NA,2021-12-13,2021-12-02,2022-02-25,NA,2022-03-11,2022-03-17,NA,2022-04-02,NA,NA,NA,NA,NA,NA,NA,NA,2022-03-11,0,NA,NA,0,NA,NA,0,0,2022-02-25,74,85,2022-04-02,36,1,1,0,0
2,87,238,4,BB_125,BB_137,R,2,TRUE,TRUE,TRUE,2,2,NA,2021-12-20,2021-12-02,NA,NA,NA,NA,NA,2022-04-02,2022-04-08,NA,NA,NA,NA,NA,NA,NA,2022-04-08,0,0,0,0,0,NA,0,0,2022-04-02,103,121,2022-04-08,6,1,1,0,0
2,87,239,1,BB_023,BB_206,n,2,TRUE,FALSE,TRUE,2,2,NA,2021-12-13,2021-12-02,NA,NA,2022-03-11,2022-03-18,NA,NA,2022-04-08,NA,NA,NA,NA,NA,NA,NA,2022-03-11,1,1,0,2,2,2,2,4,2022-03-11,88,99,2022-04-08,28,1,1,1,1
2,87,240,2,BB_066,BB_087,n,5,TRUE,FALSE,TRUE,5,5,NA,2021-12-13,2021-12-02,NA,NA,NA,2022-03-18,2022-03-25,2022-04-02,2022-04-08,NA,2022-04-29,NA,NA,NA,NA,NA,2022-03-25,0,0,0,0,6,NA,0,0,2022-03-18,95,106,2022-04-29,42,1,1,0,0
2,87,241,1,BB_122,BB_126,n,8,TRUE,FALSE,TRUE,8,8,NA,2021-12-13,2021-12-02,NA,NA,NA,NA,2022-03-25,2022-04-02,2022-04-08,NA,NA,NA,NA,NA,NA,NA,2022-04-02,3,0,0,3,0,4,1.3333333333333333,4,2022-03-25,102,113,2022-04-08,14,1,1,1,1
2,88,242,5,BB_176,BB_017,R,2,TRUE,TRUE,TRUE,2,"5,2,4",NA,2021-12-13,2021-12-02,NA,NA,NA,2022-03-18,NA,NA,NA,NA,NA,NA,NA,NA,NA,NA,2022-03-18,1,0,0,1,0,2,2,2,2022-03-18,95,106,2022-03-18,0,1,1,1,1
2,88,243,3,BB_038,BB_149,n,8,TRUE,FALSE,TRUE,8,8,NA,2021-12-13,2021-12-02,NA,NA,NA,NA,NA,NA,NA,2022-04-23,NA,NA,NA,NA,NA,NA,NA,1,0,0,1,0,0,0,0,2022-04-23,131,142,2022-04-23,0,1,1,1,0
2,88,244,3,BB_011,BB_116,n,1,TRUE,FALSE,TRUE,1,1,NA,2021-12-20,2021-12-02,NA,NA,NA,2022-03-18,NA,NA,NA,NA,NA,NA,NA,NA,NA,NA,2022-03-18,0,0,0,0,0,NA,0,0,2022-03-18,88,106,2022-03-18,0,1,1,0,0
2,91,253,4,BB_130,BB_007,n,2,TRUE,FALSE,TRUE,2,2,NA,2021-12-13,2021-12-02,NA,NA,NA,NA,NA,2022-04-02,NA,NA,NA,NA,NA,NA,NA,NA,2022-04-02,0,0,0,0,0,NA,0,0,2022-04-02,110,121,2022-04-02,0,1,1,0,0
2,92,254,3,BB_169,BB_160,n,8,TRUE,FALSE,TRUE,8,8,NA,2021-12-20,2021-12-02,NA,NA,2022-03-11,NA,NA,NA,NA,NA,NA,NA,NA,NA,NA,NA,NA,2,0,0,2,0,8,4,8,2022-03-11,81,99,2022-03-11,0,1,1,1,1
2,92,255,3,BB_174,BB_010,n,8,TRUE,FALSE,TRUE,8,8,NA,2021-12-13,2021-12-02,NA,NA,NA,NA,2022-03-25,NA,NA,NA,NA,NA,NA,NA,NA,NA,NA,0,0,0,0,0,NA,0,0,2022-03-25,102,113,2022-03-25,0,1,1,0,0
2,92,257,1,BB_162,BB_080,n,8,TRUE,FALSE,TRUE,8,8,NA,2021-12-13,2021-12-02,NA,NA,2022-03-11,NA,2022-03-25,2022-04-02,NA,NA,NA,NA,NA,NA,NA,NA,2022-03-11,0,0,0,0,0,NA,0,0,2022-03-11,88,99,2022-04-02,22,1,1,0,0
2,93,260,3,BB_198,BB_138,n,2,TRUE,FALSE,TRUE,2,2,NA,2021-12-30,2021-12-02,NA,NA,NA,NA,NA,2022-04-02,NA,NA,NA,NA,NA,NA,NA,NA,NA,0,0,0,0,0,NA,0,0,2022-04-02,93,121,2022-04-02,0,1,1,0,0
2,94,262,5,BB_091,BB_094,n,3,TRUE,FALSE,TRUE,3,3,NA,2021-12-13,2021-12-02,NA,NA,NA,NA,2022-03-25,NA,NA,NA,NA,NA,NA,NA,NA,NA,NA,0,0,0,0,0,NA,0,0,2022-03-25,102,113,2022-03-25,0,1,1,0,0
2,94,263,3,BB_065,BB_013,n,4,TRUE,FALSE,TRUE,4,4,NA,2021-12-20,2021-12-02,NA,NA,NA,2022-03-18,2022-03-25,NA,NA,NA,NA,NA,NA,NA,NA,NA,NA,0,0,0,0,0,0,0,0,2022-03-18,88,106,2022-03-25,7,1,1,0,0
2,95,267,2,BB_015,BB_063,n,7,TRUE,FALSE,TRUE,7,7,NA,2021-12-13,2021-12-02,NA,NA,NA,NA,NA,NA,NA,NA,NA,NA,NA,NA,NA,NA,NA,0,0,0,0,0,NA,0,0,NA,NA,NA,NA,NA,1,0,0,0
2,96,269,5,BB_057,BB_200,n,1,TRUE,FALSE,TRUE,1,1,NA,2021-12-13,2021-12-02,NA,NA,NA,NA,NA,NA,NA,NA,NA,NA,NA,NA,NA,NA,NA,0,0,0,0,0,NA,0,0,NA,NA,NA,NA,NA,1,0,0,0
2,96,271,5,BB_173,BB_044,n,3,TRUE,FALSE,TRUE,3,3,NA,2021-12-20,2021-12-02,NA,NA,NA,NA,NA,2022-04-02,2022-04-08,NA,2022-04-29,NA,NA,NA,NA,NA,2022-04-02,0,0,0,0,0,NA,0,0,2022-04-02,103,121,2022-04-29,27,1,1,0,0
2,97,272,2,BB_197,BB_060,n,5,TRUE,FALSE,TRUE,5,5,NA,2021-12-13,2021-12-02,NA,NA,2022-03-11,NA,NA,NA,NA,NA,NA,NA,NA,NA,NA,NA,2022-03-11,0,0,0,0,0,NA,0,0,2022-03-11,88,99,2022-03-11,0,1,1,0,0
2,97,274,4,BB_047,BB_071,n,1,TRUE,FALSE,TRUE,1,1,NA,2021-12-13,2021-12-02,NA,NA,NA,NA,NA,2022-04-02,NA,NA,NA,NA,NA,NA,NA,NA,2022-04-02,0,0,0,0,0,NA,0,0,2022-04-02,110,121,2022-04-02,0,1,1,0,0
2,98,275,3,BB_167,BB_110,n,5,TRUE,FALSE,TRUE,5,5,NA,2021-12-20,2021-12-02,NA,NA,2022-03-11,2022-03-18,NA,NA,NA,NA,NA,NA,NA,NA,NA,NA,2022-03-18,0,0,0,0,0,NA,0,0,2022-03-11,81,99,2022-03-18,7,1,1,0,0
2,98,276,2,BB_142,BB_086,n,3,TRUE,FALSE,TRUE,3,3,NA,2021-12-13,2021-12-02,NA,NA,NA,NA,NA,2022-04-02,2022-04-08,NA,NA,NA,NA,NA,NA,NA,2022-04-08,0,0,0,0,1,NA,0,0,2022-04-02,110,121,2022-04-08,6,1,1,0,0
2,99,277,5,BB_217,BB_205_A,n,6,TRUE,FALSE,TRUE,6,6,NA,2021-12-13,2021-12-02,NA,NA,NA,2022-03-18,NA,2022-04-02,NA,NA,NA,NA,NA,NA,NA,NA,2022-04-02,0,NA,NA,0,NA,NA,0,0,2022-03-18,95,106,2022-04-02,15,1,1,0,0
2,99,278,5,BB_176,BB_059,R,2,TRUE,TRUE,TRUE,2,2,NA,2021-12-13,2021-12-02,NA,NA,2022-03-11,NA,2022-03-25,2022-04-02,NA,NA,NA,NA,NA,NA,NA,NA,2022-03-11,1,2,0,3,0,1,1,3,2022-03-11,88,99,2022-04-02,22,1,1,1,1
2,99,279,3,BB_198,BB_035,n,5,TRUE,FALSE,TRUE,5,5,NA,2021-12-13,2021-12-02,NA,NA,NA,NA,NA,NA,NA,NA,NA,NA,NA,NA,NA,NA,NA,0,0,0,0,0,NA,0,0,NA,NA,NA,NA,NA,1,0,0,0
2,99,280,3,BB_065,BB_192,n,4,TRUE,FALSE,TRUE,4,4,NA,2021-12-13,2021-12-02,NA,NA,2022-03-11,2022-03-18,NA,NA,NA,NA,NA,NA,NA,NA,NA,NA,2022-03-11,0,1,0,1,0,0,0,0,2022-03-11,88,99,2022-03-18,7,1,1,1,0
2,101,283,2,BB_182,BB_021,n,3,TRUE,FALSE,TRUE,3,3,NA,2021-12-13,2021-12-02,NA,NA,2022-03-11,NA,NA,NA,NA,NA,NA,NA,NA,NA,NA,NA,NA,1,0,0,1,0,7,7,7,2022-03-11,88,99,2022-03-11,0,1,1,1,1
2,102,285,2,BB_055,BB_183,n,4,TRUE,FALSE,TRUE,4,4,NA,2021-12-13,2021-12-02,NA,NA,NA,NA,2022-03-26,NA,NA,NA,NA,NA,NA,NA,NA,NA,NA,0,0,0,0,0,NA,0,0,2022-03-26,103,114,2022-03-26,0,1,1,0,0
2,103,287,5,BB_217,BB_054,n,7,TRUE,FALSE,TRUE,7,7,NA,2021-12-13,2021-12-02,NA,NA,NA,NA,NA,NA,2022-04-08,2022-04-23,2022-04-29,NA,NA,NA,NA,NA,2022-04-08,0,0,0,0,0,NA,0,0,2022-04-08,116,127,2022-04-29,21,1,1,0,0
2,103,288,3,BB_011,BB_215,n,2,TRUE,FALSE,TRUE,2,2,NA,2021-12-20,2021-12-02,NA,NA,NA,NA,NA,NA,NA,NA,2022-04-29,NA,NA,NA,NA,NA,NA,1,0,0,1,0,0,0,0,2022-04-29,130,148,2022-04-29,0,1,1,1,0
2,103,289,3,BB_144,BB_030,n,6,TRUE,FALSE,TRUE,6,6,NA,2021-12-13,2021-12-02,NA,NA,NA,NA,NA,NA,NA,2022-04-23,NA,NA,NA,NA,NA,NA,NA,1,0,0,1,0,0,0,0,2022-04-23,131,142,2022-04-23,0,1,1,1,0
2,103,290,3,BB_169,BB_181,n,2,TRUE,FALSE,TRUE,2,2,NA,2021-12-20,2021-12-02,NA,NA,NA,NA,NA,NA,NA,2022-04-23,NA,NA,NA,NA,NA,NA,NA,0,0,0,0,0,NA,0,0,2022-04-23,124,142,2022-04-23,0,1,1,0,0
2,104,291,4,BB_130,BB_048,n,4,TRUE,FALSE,TRUE,4,4,NA,2021-12-13,2021-12-02,NA,NA,NA,NA,NA,NA,NA,2022-04-23,NA,NA,NA,NA,NA,NA,NA,1,0,0,1,0,3,3,3,2022-04-23,131,142,2022-04-23,0,1,1,1,1
2,104,292,3,BB_168,BB_046,n,4,TRUE,FALSE,TRUE,4,4,NA,2021-12-13,2021-12-02,NA,NA,NA,NA,NA,2022-04-02,NA,NA,NA,NA,NA,NA,NA,NA,2022-04-02,0,0,0,0,0,NA,0,0,2022-04-02,110,121,2022-04-02,0,1,1,0,0
2,104,293,5,BB_173,BB_170,n,1,TRUE,FALSE,TRUE,1,1,NA,2021-12-13,2021-12-02,NA,NA,NA,NA,NA,2022-04-02,NA,NA,NA,NA,NA,NA,NA,NA,NA,0,0,0,0,0,NA,0,0,2022-04-02,110,121,2022-04-02,0,1,1,0,0
2,105,294,2,BB_107,BB_123,n,7,TRUE,FALSE,TRUE,7,7,NA,2021-12-13,2021-12-02,NA,NA,NA,NA,NA,2022-04-02,NA,NA,NA,NA,NA,NA,NA,NA,NA,1,0,0,1,0,4,4,4,2022-04-02,110,121,2022-04-02,0,1,1,1,1
3,106,295,4,BB_047,BB_071,n,2,TRUE,FALSE,TRUE,2,2,NA,2021-12-13,2021-12-02,NA,NA,NA,NA,2022-03-26,2022-04-02,NA,NA,NA,NA,NA,NA,NA,NA,2022-03-26,0,0,0,0,1,NA,0,0,2022-03-26,103,114,2022-04-02,7,1,1,0,0
3,106,296,2,BB_182,BB_103,n,5,TRUE,FALSE,TRUE,5,5,NA,2021-12-13,2021-12-02,NA,NA,NA,NA,NA,2022-04-02,2022-04-08,NA,NA,NA,NA,NA,NA,NA,2022-04-02,1,0,0,1,1,2,2,2,2022-04-02,110,121,2022-04-08,6,1,1,1,1
3,107,300,3,BB_115,BB_020,R,3,TRUE,TRUE,TRUE,3,"3,7,8",NA,2021-12-13,2021-12-02,NA,NA,NA,NA,2022-03-26,2022-04-02,NA,NA,NA,NA,NA,NA,NA,NA,NA,0,0,0,0,0,0,0,0,2022-03-26,103,114,2022-04-02,7,1,1,0,0
3,108,302,1,BB_213,BB_204,n,7,TRUE,FALSE,TRUE,7,7,NA,2021-12-13,2021-12-02,NA,NA,NA,NA,2022-03-26,2022-04-02,NA,NA,NA,NA,NA,NA,NA,NA,NA,0,1,0,1,0,0,0,0,2022-03-26,103,114,2022-04-02,7,1,1,1,0
3,108,303,2,BB_196,BB_186,n,8,TRUE,FALSE,TRUE,8,8,NA,2021-12-13,2021-12-02,NA,NA,NA,2022-03-18,2022-03-26,2022-04-02,NA,NA,NA,NA,NA,NA,NA,NA,2022-03-18,0,0,0,0,0,NA,0,0,2022-03-18,95,106,2022-04-02,15,1,1,0,0
3,109,304,4,BB_125,BB_024,R,8,TRUE,TRUE,TRUE,8,8,NA,2021-12-13,2021-12-02,NA,NA,NA,NA,NA,2022-04-02,NA,NA,NA,NA,NA,NA,NA,NA,NA,0,0,0,0,0,NA,0,0,2022-04-02,110,121,2022-04-02,0,1,1,0,0
3,109,305,2,BB_066,BB_087,n,3,TRUE,FALSE,TRUE,3,3,NA,2021-12-13,2021-12-02,NA,NA,NA,NA,NA,2022-04-02,NA,NA,NA,NA,NA,NA,NA,NA,NA,0,0,0,0,0,NA,0,0,2022-04-02,110,121,2022-04-02,0,1,1,0,0
3,109,306,5,BB_108,BB_097,n,2,TRUE,FALSE,TRUE,2,2,NA,2021-12-20,2021-12-02,NA,NA,NA,NA,NA,NA,NA,NA,NA,NA,NA,NA,NA,NA,NA,0,0,0,0,0,NA,0,0,NA,NA,NA,NA,NA,1,0,0,0
3,111,307,6,BB_171,BB_127,n,7,TRUE,FALSE,TRUE,7,7,NA,2021-12-13,2021-12-02,NA,NA,NA,NA,NA,2022-04-02,2022-04-08,NA,NA,NA,NA,NA,NA,NA,NA,1,1,0,2,0,1,1,2,2022-04-02,110,121,2022-04-08,6,1,1,1,1
3,111,308,1,BB_122,BB_027,n,2,TRUE,FALSE,TRUE,2,2,NA,2021-12-13,2021-12-02,NA,NA,NA,NA,2022-03-26,2022-04-02,NA,NA,NA,NA,NA,NA,NA,NA,NA,0,0,0,0,0,NA,0,0,2022-03-26,103,114,2022-04-02,7,1,1,0,0
3,111,309,5,BB_108,BB_069,n,1,TRUE,FALSE,TRUE,1,1,NA,2021-12-13,2021-12-02,NA,NA,NA,NA,NA,NA,2022-04-08,NA,NA,NA,NA,NA,NA,NA,NA,0,0,0,0,0,NA,0,0,2022-04-08,116,127,2022-04-08,0,1,1,0,0
3,112,310,2,BB_107,BB_151,n,1,TRUE,FALSE,TRUE,1,1,NA,2021-12-13,2021-12-02,NA,NA,NA,NA,NA,2022-04-02,2022-04-08,NA,NA,NA,NA,NA,NA,NA,2022-04-08,0,0,0,0,0,NA,0,0,2022-04-02,110,121,2022-04-08,6,1,1,0,0
3,112,311,4,BB_099,BB_161,R,8,TRUE,TRUE,TRUE,8,8,NA,2021-12-13,2021-12-02,NA,NA,NA,NA,NA,2022-04-02,NA,NA,NA,NA,NA,NA,NA,NA,2022-04-02,0,0,0,0,5,NA,0,0,2022-04-02,110,121,2022-04-02,0,1,1,0,0
3,112,313,2,BB_015,BB_218,n,8,TRUE,FALSE,TRUE,8,8,NA,2021-12-13,2021-12-02,NA,NA,NA,NA,2022-03-26,2022-04-02,NA,NA,NA,NA,NA,NA,NA,NA,NA,0,0,0,0,0,NA,0,0,2022-03-26,103,114,2022-04-02,7,1,1,0,0
3,113,314,2,BB_182,BB_201,n,6,TRUE,FALSE,TRUE,6,6,NA,2021-12-20,2021-12-02,NA,NA,NA,NA,2022-03-26,2022-04-02,NA,NA,NA,NA,NA,NA,NA,NA,2022-03-26,0,0,0,0,0,NA,0,0,2022-03-26,96,114,2022-04-02,7,1,1,0,0
3,113,315,3,BB_144,BB_030,n,4,TRUE,FALSE,TRUE,4,4,NA,2021-12-20,2021-12-02,NA,NA,NA,NA,2022-03-26,2022-04-02,2022-04-08,NA,NA,NA,NA,NA,NA,NA,NA,0,0,0,0,0,NA,0,0,2022-03-26,96,114,2022-04-08,13,1,1,0,0
3,113,316,5,BB_051,BB_118,R,6,TRUE,TRUE,TRUE,6,6,NA,2021-12-13,2021-12-02,NA,NA,NA,NA,NA,2022-04-02,NA,NA,NA,NA,NA,NA,NA,NA,2022-04-02,0,0,0,0,0,NA,0,0,2022-04-02,110,121,2022-04-02,0,1,1,0,0
3,114,317,4,BB_099,BB_032,R,7,TRUE,TRUE,TRUE,7,"5,2,7",NA,2021-12-13,2021-12-02,NA,NA,NA,NA,2022-03-26,2022-04-02,NA,NA,NA,NA,NA,NA,NA,NA,2022-03-26,0,0,0,0,0,NA,0,0,2022-03-26,103,114,2022-04-02,7,1,1,0,0
3,114,318,3,BB_198,BB_035,n,4,TRUE,FALSE,TRUE,4,4,NA,2021-12-13,2021-12-02,NA,NA,2022-03-11,2022-03-18,NA,2022-04-02,NA,NA,NA,NA,NA,NA,NA,NA,2022-03-11,0,0,0,0,1,NA,0,0,2022-03-11,88,99,2022-04-02,22,1,1,0,0
3,115,320,1,BB_194,BB_214,n,7,TRUE,FALSE,TRUE,7,7,NA,2021-12-13,2021-12-02,NA,NA,NA,2022-03-18,NA,2022-04-02,NA,NA,NA,NA,NA,NA,NA,NA,2022-03-18,0,0,0,0,0,NA,0,0,2022-03-18,95,106,2022-04-02,15,1,1,0,0
3,115,321,3,BB_115,BB_077,R,7,TRUE,TRUE,TRUE,7,"1,7,8",NA,2021-12-13,2021-12-02,NA,NA,NA,2022-03-18,NA,NA,NA,NA,NA,NA,NA,NA,NA,NA,2022-03-18,2,0,0,2,0,4,2,4,2022-03-18,95,106,2022-03-18,0,1,1,1,1
3,116,323,1,BB_023,BB_078,n,7,TRUE,FALSE,TRUE,7,7,NA,2021-12-13,2021-12-02,NA,NA,NA,NA,NA,NA,2022-04-08,NA,NA,NA,NA,NA,NA,NA,2022-04-08,1,0,0,1,0,0,0,0,2022-04-08,116,127,2022-04-08,0,1,1,1,0
3,116,324,3,BB_038,BB_149,n,5,TRUE,FALSE,TRUE,5,5,NA,2021-12-13,2021-12-02,NA,NA,NA,NA,NA,NA,NA,NA,NA,NA,NA,NA,NA,NA,NA,0,0,0,0,0,NA,0,0,NA,NA,NA,NA,NA,1,0,0,0
3,116,325,4,BB_073,BB_064,n,8,TRUE,FALSE,TRUE,8,8,NA,2021-12-13,2021-12-02,NA,NA,NA,NA,NA,NA,NA,NA,NA,NA,NA,NA,NA,NA,NA,0,0,0,0,0,NA,0,0,NA,NA,NA,NA,NA,1,0,0,0
3,117,326,1,BB_023,BB_190,n,3,TRUE,FALSE,TRUE,3,3,NA,2021-12-20,2021-12-02,NA,NA,NA,2022-03-18,NA,2022-04-02,NA,NA,NA,NA,NA,NA,NA,NA,NA,2,1,0,3,4,2,1,3,2022-03-18,88,106,2022-04-02,15,1,1,1,1
3,117,327,4,BB_073,BB_092,n,8,TRUE,FALSE,TRUE,8,8,NA,2021-12-13,2021-12-02,NA,NA,NA,2022-03-18,NA,2022-04-02,NA,NA,NA,NA,NA,NA,NA,NA,2022-04-02,3,1,0,4,1,3,1,4,2022-03-18,95,106,2022-04-02,15,1,1,1,1
3,117,328,5,BB_091,BB_098,n,1,TRUE,FALSE,TRUE,1,1,NA,2021-12-13,2021-12-02,NA,NA,NA,2022-03-18,NA,NA,2022-04-08,NA,NA,NA,NA,NA,NA,NA,2022-03-18,0,1,0,1,2,0,0,0,2022-03-18,95,106,2022-04-08,21,1,1,1,0
3,118,329,3,BB_174,BB_002,n,4,TRUE,FALSE,TRUE,4,4,NA,2021-12-20,2021-12-02,NA,NA,2022-03-11,2022-03-18,2022-03-26,NA,NA,NA,NA,NA,NA,NA,NA,NA,NA,0,0,0,0,0,NA,0,0,2022-03-11,81,99,2022-03-26,15,1,1,0,0
3,118,330,4,BB_005,BB_034,n,8,TRUE,FALSE,TRUE,8,8,NA,2021-12-13,2021-12-02,NA,NA,NA,NA,NA,NA,NA,NA,NA,NA,NA,NA,NA,NA,NA,0,0,0,0,0,NA,0,0,NA,NA,NA,NA,NA,1,0,0,0
3,118,331,3,BB_144,BB_207,n,5,TRUE,FALSE,TRUE,5,5,NA,2021-12-13,2021-12-02,NA,NA,NA,NA,2022-03-26,2022-04-02,2022-04-08,NA,NA,NA,NA,NA,NA,NA,2022-03-26,0,0,0,0,0,NA,0,0,2022-03-26,103,114,2022-04-08,13,1,1,0,0
3,119,332,5,BB_051,BB_143,R,1,TRUE,TRUE,TRUE,1,1,NA,2021-12-13,2021-12-02,NA,NA,NA,NA,NA,NA,NA,NA,2022-04-29,NA,NA,NA,NA,NA,NA,0,0,0,0,0,NA,0,0,2022-04-29,137,148,2022-04-29,0,1,1,0,0
3,119,333,2,BB_142,BB_086,n,5,TRUE,FALSE,TRUE,5,5,NA,2021-12-13,2021-12-02,NA,NA,NA,NA,NA,2022-04-02,NA,NA,NA,NA,NA,NA,NA,NA,2022-04-02,0,0,0,0,0,NA,0,0,2022-04-02,110,121,2022-04-02,0,1,1,0,0
3,119,334,5,BB_108,BB_189,n,4,TRUE,FALSE,TRUE,4,4,NA,2021-12-13,2021-12-02,NA,NA,NA,NA,2022-03-26,NA,NA,NA,NA,NA,NA,NA,NA,NA,2022-03-26,0,0,0,0,0,NA,0,0,2022-03-26,103,114,2022-03-26,0,1,1,0,0
3,121,335,4,BB_177,BB_134,n,8,TRUE,FALSE,TRUE,8,8,NA,2021-12-13,2021-12-02,NA,2022-03-04,NA,2022-03-18,NA,NA,NA,NA,NA,NA,NA,NA,NA,NA,NA,1,0,0,1,3,7,7,7,2022-03-04,81,92,2022-03-18,14,1,1,1,1
3,121,336,1,BB_028,BB_109,n,7,TRUE,FALSE,TRUE,7,7,NA,2021-12-13,2021-12-02,NA,NA,NA,2022-03-18,NA,NA,NA,NA,NA,NA,NA,NA,NA,NA,2022-03-18,2,0,0,2,7,1,0.5,1,2022-03-18,95,106,2022-03-18,0,1,1,1,1
3,121,337,2,BB_107,BB_123,n,2,TRUE,FALSE,TRUE,2,2,NA,2021-12-13,2021-12-02,NA,2022-03-04,NA,2022-03-18,2022-03-26,2022-04-02,2022-04-08,2022-04-23,NA,NA,NA,NA,NA,NA,2022-03-26,1,1,0,2,16,8,8,16,2022-03-04,81,92,2022-04-23,50,1,1,1,1
3,121,338,2,BB_196,BB_088,n,1,TRUE,FALSE,TRUE,1,1,NA,2021-12-20,2021-12-02,NA,NA,NA,2022-03-18,2022-03-26,2022-04-02,NA,NA,NA,NA,NA,NA,NA,NA,2022-04-02,3,2,0,5,0,7,2.3333333333333335,11.666666666666668,2022-03-18,88,106,2022-04-02,15,1,1,1,1
3,122,339,2,BB_014,BB_152,R,2,TRUE,TRUE,TRUE,2,"2,3,4",NA,2021-12-13,2021-12-02,NA,NA,2022-03-12,2022-03-18,NA,2022-04-02,NA,NA,NA,NA,NA,NA,NA,NA,2022-04-02,0,0,0,0,0,NA,0,0,2022-03-12,89,100,2022-04-02,21,1,1,0,0
3,122,340,4,BB_130,BB_120,n,1,TRUE,FALSE,TRUE,1,1,NA,2021-12-20,2021-12-02,NA,NA,NA,NA,NA,NA,NA,NA,NA,NA,NA,NA,NA,NA,NA,1,0,0,1,2,1,1,1,NA,NA,NA,NA,NA,1,0,1,1
3,122,341,2,BB_182,BB_021,n,5,TRUE,FALSE,TRUE,5,5,NA,2021-12-13,2021-12-02,NA,NA,2022-03-12,NA,NA,NA,NA,NA,NA,NA,NA,NA,NA,NA,NA,0,1,0,1,0,0,0,0,2022-03-12,89,100,2022-03-12,0,1,1,1,0
3,123,342,1,BB_202,BB_018,n,5,TRUE,FALSE,TRUE,5,5,NA,2021-12-13,2021-12-02,NA,NA,2022-03-12,NA,2022-03-26,NA,2022-04-08,NA,NA,NA,NA,NA,NA,NA,2022-03-26,1,0,0,1,0,4,4,4,2022-03-12,89,100,2022-04-08,27,1,1,1,1
3,123,343,3,BB_174,BB_010,n,3,TRUE,FALSE,TRUE,3,3,NA,2021-12-13,2021-12-02,NA,NA,NA,NA,2022-03-26,2022-04-02,2022-04-08,NA,NA,NA,NA,NA,NA,NA,2022-04-02,0,0,0,0,0,NA,0,0,2022-03-26,103,114,2022-04-08,13,1,1,0,0
3,123,344,5,BB_141,BB_003,n,6,TRUE,FALSE,TRUE,6,6,NA,2021-12-13,2021-12-02,NA,NA,NA,2022-03-18,NA,NA,NA,NA,NA,NA,NA,NA,NA,NA,2022-03-18,0,0,0,0,0,NA,0,0,2022-03-18,95,106,2022-03-18,0,1,1,0,0
3,124,345,4,BB_047,BB_193,n,8,TRUE,FALSE,TRUE,8,8,NA,2021-12-13,2021-12-02,NA,NA,2022-03-12,2022-03-18,2022-03-26,2022-04-02,NA,NA,NA,NA,NA,NA,NA,NA,2022-03-12,0,2,0,2,1,0,0,0,2022-03-12,89,100,2022-04-02,21,1,1,1,0
3,124,346,3,BB_038,BB_042,n,4,TRUE,FALSE,TRUE,4,4,NA,2021-12-13,2021-12-02,NA,2022-03-04,NA,2022-03-18,NA,NA,NA,NA,NA,NA,NA,NA,NA,NA,2022-03-18,0,0,0,0,2,0,0,0,2022-03-04,81,92,2022-03-18,14,1,1,0,0
3,124,347,4,BB_005,BB_195,n,4,TRUE,FALSE,TRUE,4,4,NA,2021-12-13,2021-12-02,NA,NA,2022-03-12,2022-03-18,NA,NA,NA,NA,NA,NA,NA,NA,NA,NA,2022-03-18,0,0,0,0,1,0,0,0,2022-03-12,89,100,2022-03-18,6,1,1,0,0
3,124,348,4,BB_001,BB_074,n,6,TRUE,FALSE,TRUE,6,6,NA,2021-12-13,2021-12-02,NA,NA,2022-03-12,NA,NA,NA,NA,NA,NA,NA,NA,NA,NA,NA,NA,0,0,0,0,0,NA,0,0,2022-03-12,89,100,2022-03-12,0,1,1,0,0
3,125,349,5,BB_176,BB_049,R,2,TRUE,TRUE,TRUE,2,"5,2,4",NA,2021-12-13,2021-12-02,NA,NA,NA,2022-03-18,2022-03-26,2022-04-02,NA,NA,NA,NA,NA,NA,NA,NA,2022-03-18,1,0,0,1,0,3,3,3,2022-03-18,95,106,2022-04-02,15,1,1,1,1
3,125,350,4,BB_047,BB_131,n,7,TRUE,FALSE,TRUE,7,7,NA,2021-12-13,2021-12-02,NA,NA,NA,NA,NA,2022-04-02,NA,NA,NA,NA,NA,NA,NA,NA,2022-04-02,0,0,0,0,0,NA,0,0,2022-04-02,110,121,2022-04-02,0,1,1,0,0
3,125,351,5,BB_173,BB_044,n,2,TRUE,FALSE,TRUE,2,2,NA,2021-12-13,2021-12-02,NA,NA,NA,NA,2022-03-26,NA,NA,NA,NA,NA,NA,NA,NA,NA,NA,0,0,0,0,0,NA,0,0,2022-03-26,103,114,2022-03-26,0,1,1,0,0
3,126,352,4,BB_177,BB_117,n,1,TRUE,FALSE,TRUE,1,1,NA,2021-12-13,2021-12-02,NA,NA,NA,NA,NA,2022-04-02,NA,NA,NA,NA,NA,NA,NA,NA,2022-04-02,0,0,0,0,0,NA,0,0,2022-04-02,110,121,2022-04-02,0,1,1,0,0
3,126,354,4,BB_175,BB_172,n,3,TRUE,FALSE,TRUE,3,3,NA,2021-12-13,2021-12-02,NA,NA,2022-03-12,2022-03-18,2022-03-26,2022-04-02,NA,NA,NA,NA,NA,NA,NA,NA,2022-03-18,1,0,0,1,0,4,4,4,2022-03-12,89,100,2022-04-02,21,1,1,1,1
3,126,355,3,BB_065,BB_013,n,6,TRUE,FALSE,TRUE,6,6,NA,2021-12-13,2021-12-02,NA,NA,NA,2022-03-18,2022-03-26,NA,NA,NA,NA,NA,NA,NA,NA,NA,2022-03-18,1,0,0,1,2,0,0,0,2022-03-18,95,106,2022-03-26,8,1,1,1,0
3,127,356,1,BB_023,BB_206,n,5,TRUE,FALSE,TRUE,5,5,NA,2021-12-13,2021-12-02,NA,NA,2022-03-12,2022-03-18,2022-03-26,2022-04-02,NA,NA,NA,NA,NA,NA,NA,NA,2022-03-12,0,0,0,0,3,0,0,0,2022-03-12,89,100,2022-04-02,21,1,1,0,0
3,127,357,1,BB_162,BB_080,n,8,TRUE,FALSE,TRUE,8,8,NA,2021-12-13,2021-12-02,NA,NA,NA,2022-03-18,2022-03-26,2022-04-02,NA,NA,NA,NA,NA,NA,NA,NA,2022-03-18,2,2,0,4,3,0,0,0,2022-03-18,95,106,2022-04-02,15,1,1,1,0
3,127,358,2,BB_197,BB_060,n,8,TRUE,FALSE,TRUE,8,8,NA,2021-12-20,2021-12-02,NA,NA,NA,NA,NA,2022-04-02,NA,NA,NA,NA,NA,NA,NA,NA,2022-04-02,1,0,0,1,1,2,2,2,2022-04-02,103,121,2022-04-02,0,1,1,1,1
3,128,359,4,BB_026,BB_153,n,1,TRUE,FALSE,TRUE,1,1,NA,2021-12-13,2021-12-02,NA,NA,2022-03-12,2022-03-18,NA,2022-04-02,NA,NA,NA,NA,NA,NA,NA,NA,2022-03-12,1,0,0,1,5,7,7,7,2022-03-12,89,100,2022-04-02,21,1,1,1,1
3,128,360,5,BB_217,BB_016,n,7,TRUE,FALSE,TRUE,7,7,NA,2021-12-20,2021-12-02,NA,NA,NA,NA,2022-03-26,NA,NA,NA,NA,NA,NA,NA,NA,NA,2022-03-26,0,0,0,0,1,NA,0,0,2022-03-26,96,114,2022-03-26,0,1,1,0,0
3,128,361,2,BB_055,BB_183,n,2,TRUE,FALSE,TRUE,2,2,NA,2021-12-20,2021-12-02,NA,NA,NA,NA,2022-03-26,2022-04-02,NA,NA,NA,NA,NA,NA,NA,NA,2022-04-02,0,0,0,0,7,NA,0,0,2022-03-26,96,114,2022-04-02,7,1,1,0,0
3,129,362,3,BB_168,BB_058,n,1,TRUE,FALSE,TRUE,1,1,NA,2021-12-20,2021-12-02,NA,NA,NA,NA,NA,NA,2022-04-08,NA,NA,NA,NA,NA,NA,NA,2022-04-08,1,0,0,1,2,1,1,1,2022-04-08,109,127,2022-04-08,0,1,1,1,1
3,129,363,2,BB_196,BB_089,n,8,TRUE,FALSE,TRUE,8,8,NA,2021-12-13,2021-12-02,NA,2022-03-04,NA,2022-03-18,2022-03-26,2022-04-02,2022-04-08,NA,NA,NA,NA,NA,NA,NA,2022-03-18,4,0,0,4,4,24,6,24,2022-03-04,81,92,2022-04-08,35,1,1,1,1
3,129,364,4,BB_125,BB_137,R,2,TRUE,TRUE,TRUE,2,"2,3,8",NA,2021-12-20,2021-12-02,NA,NA,NA,2022-03-18,NA,NA,NA,NA,NA,NA,NA,NA,NA,NA,2022-03-18,0,NA,NA,0,NA,NA,0,0,2022-03-18,88,106,2022-03-18,0,1,1,0,0
3,131,365,2,BB_197,BB_199,n,5,TRUE,FALSE,TRUE,5,5,NA,2021-12-13,2021-12-02,NA,2022-03-04,NA,NA,2022-03-26,2022-04-02,2022-04-08,NA,NA,NA,NA,NA,NA,NA,NA,0,0,0,0,3,NA,0,0,2022-03-04,81,92,2022-04-08,35,1,1,0,0
3,131,366,2,BB_066,BB_019,n,4,TRUE,FALSE,TRUE,4,4,NA,2021-12-13,2021-12-02,NA,NA,NA,NA,NA,NA,NA,NA,NA,NA,NA,NA,NA,NA,NA,0,0,0,0,1,NA,0,0,NA,NA,NA,NA,NA,1,0,0,0
3,131,367,5,BB_173,BB_170,n,7,TRUE,FALSE,TRUE,7,7,NA,2021-12-13,2021-12-02,NA,NA,2022-03-12,2022-03-18,2022-03-26,NA,NA,NA,NA,NA,NA,NA,NA,NA,2022-03-12,0,0,0,0,2,NA,0,0,2022-03-12,89,100,2022-03-26,14,1,1,0,0
3,131,368,4,BB_073,BB_084,n,7,TRUE,FALSE,TRUE,7,7,NA,2021-12-20,2021-12-02,NA,NA,NA,NA,NA,NA,2022-04-08,2022-04-23,2022-04-29,NA,NA,NA,NA,NA,2022-04-08,0,0,0,0,1,NA,0,0,2022-04-08,109,127,2022-04-29,21,1,1,0,0
3,132,369,1,BB_075,BB_079,R,6,TRUE,TRUE,TRUE,6,6,NA,2021-12-13,2021-12-02,NA,NA,2022-03-12,NA,NA,NA,NA,NA,NA,NA,NA,NA,NA,NA,2022-03-12,0,0,0,0,0,NA,0,0,2022-03-12,89,100,2022-03-12,0,1,1,0,0
3,132,371,2,BB_015,BB_063,n,2,TRUE,FALSE,TRUE,2,2,NA,2021-12-20,2021-12-02,NA,NA,2022-03-12,2022-03-18,2022-03-26,NA,NA,NA,NA,NA,NA,NA,NA,NA,2022-03-12,0,0,0,0,0,NA,0,0,2022-03-12,82,100,2022-03-26,14,1,1,0,0
3,133,372,1,BB_100,BB_135,n,8,TRUE,FALSE,TRUE,8,8,NA,2021-12-13,2021-12-02,NA,NA,NA,2022-03-18,NA,NA,NA,NA,NA,NA,NA,NA,NA,NA,2022-03-18,1,0,0,1,4,6,6,6,2022-03-18,95,106,2022-03-18,0,1,1,1,1
3,133,373,4,BB_026,BB_053,n,4,TRUE,FALSE,TRUE,4,4,NA,2021-12-13,2021-12-02,NA,NA,2022-03-12,2022-03-18,NA,NA,NA,NA,2022-04-29,NA,NA,NA,NA,NA,NA,0,0,0,0,1,NA,0,0,2022-03-12,89,100,2022-04-29,48,1,1,0,0
3,133,374,3,BB_065,BB_133,n,3,TRUE,FALSE,TRUE,3,3,NA,2021-12-13,2021-12-02,NA,NA,NA,NA,NA,2022-04-02,NA,NA,NA,NA,NA,NA,NA,NA,2022-04-02,1,1,0,2,0,10,10,20,2022-04-02,110,121,2022-04-02,0,1,1,1,1
3,134,375,5,BB_057,BB_146,n,1,TRUE,FALSE,TRUE,1,1,NA,2021-12-13,2021-12-02,NA,NA,NA,2022-03-18,NA,NA,NA,NA,NA,NA,NA,NA,NA,NA,2022-03-18,0,NA,NA,0,NA,NA,0,0,2022-03-18,95,106,2022-03-18,0,1,1,0,0
3,134,376,1,BB_213,BB_132,n,8,TRUE,FALSE,TRUE,8,8,NA,2021-12-13,2021-12-02,NA,NA,NA,2022-03-18,2022-03-26,2022-04-02,NA,NA,NA,NA,2022-05-12,NA,NA,NA,2022-04-02,0,0,0,0,9,0,0,0,2022-03-18,95,106,2022-05-12,55,1,1,0,0
3,134,377,1,BB_075,BB_085,R,4,TRUE,TRUE,TRUE,4,"5,7,4",NA,2021-12-13,2021-12-02,NA,2022-03-04,2022-03-12,2022-03-18,NA,NA,NA,NA,NA,NA,NA,NA,NA,NA,2022-03-18,0,NA,NA,0,NA,NA,0,0,2022-03-04,81,92,2022-03-18,14,1,1,0,0
3,135,379,3,BB_198,BB_045,n,6,TRUE,FALSE,TRUE,6,6,NA,2021-12-13,2021-12-02,NA,NA,NA,NA,NA,2022-04-02,2022-04-08,NA,NA,NA,NA,NA,NA,NA,2022-04-02,1,0,0,1,0,0,0,0,2022-04-02,110,121,2022-04-08,6,1,1,1,0
3,135,380,2,BB_066,BB_052,n,3,TRUE,FALSE,TRUE,3,3,NA,2021-12-13,2021-12-02,NA,NA,NA,2022-03-18,NA,NA,NA,NA,NA,NA,NA,NA,NA,NA,2022-03-18,0,0,0,0,0,NA,0,0,2022-03-18,95,106,2022-03-18,0,1,1,0,0
3,136,381,5,BB_215,BB_210,n,7,TRUE,FALSE,TRUE,7,NA,Never marked in field but fruit collected,2021-12-13,2021-12-02,NA,NA,2022-03-12,2022-03-18,2022-03-26,NA,NA,NA,NA,NA,NA,NA,NA,NA,2022-03-26,1,0,0,1,0,4,4,4,2022-03-12,89,100,2022-03-26,14,1,1,1,1
3,136,382,4,BB_130,BB_048,n,2,TRUE,FALSE,TRUE,2,2,NA,2021-12-20,2021-12-02,NA,NA,NA,NA,NA,NA,NA,NA,NA,NA,NA,NA,NA,NA,NA,1,0,0,1,0,0,0,0,NA,NA,NA,NA,NA,1,0,1,0
3,136,383,4,BB_099,BB_061,R,8,TRUE,TRUE,TRUE,8,"5,2,8",NA,2021-12-13,2021-12-02,NA,NA,NA,NA,2022-03-26,2022-04-02,NA,NA,NA,NA,NA,NA,NA,NA,2022-03-26,0,0,0,0,0,NA,0,0,2022-03-26,103,114,2022-04-02,7,1,1,0,0
3,137,384,1,BB_100,BB_031,n,1,TRUE,FALSE,TRUE,1,1,NA,2021-12-13,2021-12-02,NA,NA,NA,NA,NA,2022-04-02,2022-04-09,NA,NA,NA,2022-05-12,2022-05-19,NA,NA,2022-04-02,1,0,0,1,1,0,0,0,2022-04-02,110,121,2022-05-19,47,1,1,1,0
3,137,385,4,BB_177,BB_140,n,7,TRUE,FALSE,TRUE,7,7,NA,2021-12-20,2021-12-02,NA,NA,NA,NA,NA,NA,NA,NA,NA,NA,NA,NA,NA,NA,NA,0,0,0,0,3,NA,0,0,NA,NA,NA,NA,NA,1,0,0,0
3,137,386,2,BB_142,BB_150,n,7,TRUE,FALSE,TRUE,7,7,NA,2021-12-13,2021-12-02,NA,NA,NA,NA,2022-03-26,NA,NA,NA,NA,NA,NA,NA,NA,NA,2022-03-26,1,0,0,1,9,0,0,0,2022-03-26,103,114,2022-03-26,0,1,1,1,0
3,138,388,3,BB_169,BB_076,n,5,TRUE,FALSE,TRUE,5,5,NA,2021-12-13,2021-12-02,NA,NA,2022-03-12,2022-03-18,NA,2022-04-02,2022-04-09,NA,NA,NA,NA,NA,NA,NA,2022-03-12,2,0,0,2,0,3,1.5,3,2022-03-12,89,100,2022-04-09,28,1,1,1,1
3,138,389,3,BB_169,BB_160,n,4,TRUE,FALSE,TRUE,4,4,NA,2021-12-13,2021-12-02,NA,NA,2022-03-12,NA,NA,NA,NA,NA,NA,NA,NA,NA,NA,NA,NA,0,0,0,0,5,NA,0,0,2022-03-12,89,100,2022-03-12,0,1,1,0,0
3,139,390,3,BB_168,BB_046,n,2,TRUE,FALSE,TRUE,2,2,NA,2021-12-13,2021-12-02,NA,NA,NA,2022-03-18,2022-03-26,NA,NA,NA,NA,NA,NA,NA,NA,NA,NA,2,0,0,2,3,4,2,4,2022-03-18,95,106,2022-03-26,8,1,1,1,1
3,139,391,5,BB_057,BB_200,n,7,TRUE,FALSE,TRUE,7,7,NA,2021-12-13,2021-12-02,NA,NA,NA,NA,2022-03-26,2022-04-02,NA,NA,NA,NA,NA,NA,NA,NA,2022-04-02,2,0,0,2,0,6,3,6,2022-03-26,103,114,2022-04-02,7,1,1,1,1
3,141,393,1,BB_075,BB_164,R,1,TRUE,TRUE,TRUE,1,"1,4,8",NA,2021-12-13,2021-12-02,NA,NA,NA,NA,2022-03-26,NA,NA,NA,NA,NA,NA,NA,NA,NA,2022-03-26,1,1,0,2,0,0,0,0,2022-03-26,103,114,2022-03-26,0,1,1,1,0
3,141,394,5,BB_141,BB_037,n,8,TRUE,FALSE,TRUE,8,8,NA,2021-12-13,2021-12-02,NA,NA,NA,NA,NA,2022-04-02,NA,NA,NA,NA,NA,NA,NA,NA,2022-04-02,2,0,0,2,2,0,0,0,2022-04-02,110,121,2022-04-02,0,1,1,1,0
3,141,395,3,BB_065,BB_192,n,1,TRUE,FALSE,TRUE,1,1,NA,2021-12-13,2021-12-02,NA,NA,NA,2022-03-18,2022-03-26,2022-04-02,NA,NA,NA,NA,NA,NA,NA,NA,2022-03-26,2,0,1,2,3,2,1,2,2022-03-18,95,106,2022-04-02,15,1,1,1,1
3,141,396,1,BB_194,BB_163,n,5,TRUE,FALSE,TRUE,5,5,NA,2021-12-13,2021-12-02,NA,NA,2022-03-12,2022-03-18,2022-03-26,2022-04-02,2022-04-09,NA,2022-04-29,NA,NA,NA,NA,NA,2022-03-12,2,1,0,3,1,1,0.5,1.5,2022-03-12,89,100,2022-04-29,48,1,1,1,1
3,142,397,4,BB_175,BB_104,n,1,TRUE,FALSE,TRUE,1,1,NA,2021-12-13,2021-12-02,NA,NA,NA,2022-03-18,2022-03-26,2022-04-02,2022-04-09,NA,NA,NA,NA,NA,NA,NA,2022-03-26,5,0,0,5,0,14,2.8,14,2022-03-18,95,106,2022-04-09,22,1,1,1,1
3,142,398,1,BB_162,BB_154,n,5,TRUE,FALSE,TRUE,5,5,two plants - 5 and 3 originally recorded,2021-12-13,2021-12-02,NA,NA,2022-03-12,2022-03-18,2022-03-26,2022-04-02,2022-04-09,NA,NA,NA,NA,NA,NA,NA,NA,1,2,0,3,2,2,2,6,2022-03-12,89,100,2022-04-09,28,1,1,1,1
3,142,399,5,BB_217,BB_054,n,4,TRUE,FALSE,TRUE,4,4,NA,2021-12-20,2021-12-02,NA,NA,2022-03-12,2022-03-18,2022-03-26,2022-04-02,2022-04-09,2022-04-23,2022-04-29,NA,NA,NA,NA,NA,2022-03-18,7,1,0,8,10,10,1.4285714285714286,11.428571428571429,2022-03-12,82,100,2022-04-29,48,1,1,1,1
3,143,400,3,BB_167,BB_110,n,6,TRUE,FALSE,TRUE,6,6,NA,2021-12-13,2021-12-02,2022-02-25,NA,2022-03-12,NA,NA,NA,2022-04-09,NA,NA,NA,NA,NA,NA,NA,NA,0,0,0,0,4,NA,0,0,2022-02-25,74,85,2022-04-09,43,1,1,0,0
3,143,401,5,BB_091,BB_094,n,4,TRUE,FALSE,TRUE,4,4,NA,2021-12-13,2021-12-02,NA,NA,NA,NA,2022-03-26,NA,NA,NA,NA,NA,NA,NA,NA,NA,NA,0,0,0,0,4,0,0,0,2022-03-26,103,114,2022-03-26,0,1,1,0,0
3,143,402,5,BB_176,BB_017,R,2,TRUE,TRUE,TRUE,2,"5,2,6",NA,2021-12-13,2021-12-02,NA,NA,NA,NA,NA,NA,2022-04-09,2022-04-23,2022-04-29,NA,NA,NA,NA,NA,2022-04-09,0,NA,NA,0,NA,NA,0,0,2022-04-09,117,128,2022-04-29,20,1,1,0,0
3,144,403,3,BB_168,BB_081,n,2,TRUE,FALSE,TRUE,2,2,NA,2021-12-20,2021-12-02,NA,NA,NA,2022-03-18,2022-03-26,NA,NA,NA,NA,NA,NA,NA,NA,NA,2022-03-26,0,0,0,0,0,NA,0,0,2022-03-18,88,106,2022-03-26,8,1,1,0,0
3,144,404,5,BB_051,BB_105,R,8,TRUE,TRUE,TRUE,8,"1,4,8",NA,2021-12-13,2021-12-02,NA,2022-03-04,2022-03-12,2022-03-18,2022-03-26,2022-04-02,2022-04-09,NA,NA,NA,NA,NA,NA,NA,2022-03-12,2,0,0,2,1,7,3.5,7,2022-03-04,81,92,2022-04-09,36,1,1,1,1
3,144,405,2,BB_055,BB_119,n,3,TRUE,FALSE,TRUE,3,3,NA,2021-12-13,2021-12-02,NA,NA,NA,NA,2022-03-26,NA,NA,2022-04-23,2022-04-29,NA,NA,NA,NA,NA,2022-03-26,0,0,0,0,0,NA,0,0,2022-03-26,103,114,2022-04-29,34,1,1,0,0
3,144,406,4,BB_026,BB_070,n,7,TRUE,FALSE,TRUE,7,7,NA,2021-12-20,2021-12-02,NA,NA,2022-03-12,2022-03-18,2022-03-26,2022-04-02,2022-04-09,2022-04-23,NA,NA,NA,NA,NA,NA,2022-03-18,2,1,0,3,2,6,3,9,2022-03-12,82,100,2022-04-23,42,1,1,1,1
3,145,409,3,BB_038,BB_216,n,6,TRUE,FALSE,TRUE,6,6,NA,2021-12-13,2021-12-02,NA,NA,2022-03-12,2022-03-18,2022-03-26,NA,2022-04-09,NA,NA,NA,NA,NA,NA,NA,2022-03-12,0,0,0,0,0,NA,0,0,2022-03-12,89,100,2022-04-09,28,1,1,0,0
3,145,410,1,BB_028,BB_083,n,4,TRUE,FALSE,TRUE,4,4,NA,2021-12-13,2021-12-02,NA,NA,NA,2022-03-18,2022-03-26,2022-04-02,NA,NA,NA,NA,NA,NA,NA,NA,2022-03-18,0,2,0,2,0,0,0,0,2022-03-18,95,106,2022-04-02,15,1,1,1,0
3,146,411,6,BB_171,BB_039,n,6,TRUE,FALSE,TRUE,6,6,NA,2021-12-13,2021-12-02,NA,NA,NA,2022-03-18,2022-03-26,2022-04-02,2022-04-09,NA,NA,NA,NA,NA,NA,NA,2022-03-26,1,0,0,1,2,6,6,6,2022-03-18,95,106,2022-04-09,22,1,1,1,1
3,146,412,3,BB_011,BB_116,n,4,TRUE,FALSE,TRUE,4,4,NA,2021-12-20,2021-12-02,NA,2022-03-04,2022-03-12,2022-03-18,2022-03-26,2022-04-02,2022-04-09,NA,2022-04-29,NA,NA,NA,NA,NA,2022-03-12,0,0,0,0,0,NA,0,0,2022-03-04,74,92,2022-04-29,56,1,1,0,0
3,146,413,2,BB_014,BB_102,R,7,TRUE,TRUE,TRUE,7,"2,7,8",NA,2021-12-13,2021-12-02,NA,NA,2022-03-12,2022-03-18,NA,NA,NA,NA,NA,NA,NA,NA,NA,NA,NA,0,NA,NA,0,NA,NA,0,0,2022-03-12,89,100,2022-03-18,6,1,1,0,0
3,146,414,3,BB_144,BB_158,n,8,TRUE,FALSE,TRUE,8,8,NA,2021-12-30,2021-12-02,NA,NA,NA,NA,NA,NA,2022-04-09,NA,NA,NA,NA,NA,NA,NA,2022-04-09,0,0,0,0,0,NA,0,0,2022-04-09,100,128,2022-04-09,0,1,1,0,0
3,147,415,3,BB_115,BB_187,R,7,TRUE,TRUE,TRUE,7,7,NA,2021-12-20,2021-12-02,NA,NA,NA,2022-03-18,2022-03-26,2022-04-02,NA,2022-04-23,NA,NA,NA,NA,NA,NA,2022-03-26,0,0,0,0,0,NA,0,0,2022-03-18,88,106,2022-04-23,36,1,1,0,0
3,147,416,1,BB_202,BB_025,n,4,TRUE,FALSE,TRUE,4,4,NA,2021-12-13,2021-12-02,NA,NA,NA,NA,NA,NA,NA,NA,2022-04-29,NA,2022-05-12,NA,NA,NA,2022-04-29,0,0,0,0,0,NA,0,0,2022-04-29,137,148,2022-05-12,13,1,1,0,0
3,147,417,2,BB_015,BB_111,n,5,TRUE,FALSE,TRUE,5,5,NA,2021-12-13,2021-12-02,NA,NA,2022-03-12,2022-03-18,2022-03-26,2022-04-02,2022-04-09,2022-04-23,NA,NA,NA,NA,NA,NA,2022-03-12,2,0,0,2,0,7,3.5,7,2022-03-12,89,100,2022-04-23,42,1,1,1,1
3,148,420,5,BB_141,BB_029,n,8,TRUE,FALSE,TRUE,8,8,NA,2021-12-13,2021-12-02,NA,NA,NA,2022-03-18,2022-03-26,2022-04-02,2022-04-09,NA,NA,NA,NA,NA,NA,NA,2022-03-26,1,1,0,2,3,2,2,4,2022-03-18,95,106,2022-04-09,22,1,1,1,1
3,149,421,5,BB_091,BB_139,n,7,TRUE,FALSE,TRUE,7,7,NA,2021-12-13,2021-12-02,NA,NA,NA,2022-03-18,2022-03-26,NA,NA,NA,NA,NA,2022-05-12,NA,NA,NA,2022-03-18,0,0,0,0,1,NA,0,0,2022-03-18,95,106,2022-05-12,55,1,1,0,0
3,149,423,3,BB_198,BB_138,n,5,TRUE,FALSE,TRUE,5,5,NA,2021-12-13,2021-12-02,NA,NA,NA,NA,2022-03-26,2022-04-02,2022-04-09,NA,NA,NA,NA,NA,NA,NA,2022-03-26,5,0,0,5,14,16,3.2,16,2022-03-26,103,114,2022-04-09,14,1,1,1,1
3,149,424,3,BB_011,BB_056,n,8,TRUE,FALSE,TRUE,8,8,NA,2021-12-20,2021-12-02,NA,NA,NA,2022-03-18,2022-03-26,2022-04-02,2022-04-09,NA,NA,NA,NA,NA,NA,NA,2022-03-18,2,0,0,2,0,5,2.5,5,2022-03-18,88,106,2022-04-09,22,1,1,1,1
3,151,425,4,BB_125,BB_051,R,3,TRUE,TRUE,TRUE,3,"2,3",NA,2021-12-13,2021-12-02,NA,NA,NA,NA,2022-03-26,2022-04-02,NA,NA,NA,NA,NA,NA,NA,NA,2022-03-26,1,0,0,1,0,0,0,0,2022-03-26,103,114,2022-04-02,7,1,1,1,0
3,151,426,3,BB_167,BB_008,n,7,TRUE,FALSE,TRUE,7,7,NA,NA,2021-12-02,NA,NA,2022-03-12,2022-03-18,2022-03-26,2022-04-02,NA,NA,NA,NA,NA,NA,NA,NA,2022-04-02,1,0,0,1,0,0,0,0,2022-03-12,NA,100,2022-04-02,21,0,1,1,0
3,151,428,2,BB_197,BB_211,n,2,TRUE,FALSE,TRUE,2,2,NA,2021-12-20,2021-12-02,NA,NA,NA,NA,NA,NA,NA,NA,NA,NA,2022-05-12,2022-05-19,NA,NA,2022-05-04,0,0,0,0,0,NA,0,0,2022-05-12,143,161,2022-05-19,7,1,1,0,0
3,152,429,3,BB_167,BB_114,n,8,TRUE,FALSE,TRUE,8,8,NA,2021-12-30,2021-12-02,NA,NA,NA,NA,NA,NA,NA,NA,NA,NA,NA,NA,NA,NA,NA,0,0,0,0,3,0,0,0,NA,NA,NA,NA,NA,1,0,0,0
3,152,430,4,BB_130,BB_007,n,1,TRUE,FALSE,TRUE,1,1,NA,2021-12-13,2021-12-02,NA,NA,NA,NA,NA,NA,NA,NA,2022-04-29,NA,2022-05-12,NA,NA,NA,2022-04-29,0,0,0,0,0,NA,0,0,2022-04-29,137,148,2022-05-12,13,1,1,0,0
3,152,431,4,BB_001,BB_043,n,5,TRUE,FALSE,TRUE,5,5,NA,2021-12-13,2021-12-02,NA,2022-03-04,2022-03-12,2022-03-18,2022-03-26,2022-04-02,2022-04-09,NA,2022-04-29,NA,NA,NA,NA,NA,2022-03-12,0,1,0,1,0,0,0,0,2022-03-04,81,92,2022-04-29,56,1,1,1,0
3,153,432,5,BB_215,BB_148,n,8,TRUE,FALSE,TRUE,8,8,NA,2021-12-20,2021-12-02,NA,NA,NA,2022-03-18,2022-03-26,NA,NA,NA,NA,NA,NA,NA,NA,NA,2022-03-18,1,0,0,1,8,0,0,0,2022-03-18,88,106,2022-03-26,8,1,1,1,0
3,153,433,2,BB_055,BB_145,n,1,TRUE,FALSE,TRUE,1,1,NA,2021-12-13,2021-12-02,NA,NA,NA,NA,2022-03-26,2022-04-02,2022-04-09,NA,NA,NA,NA,NA,NA,NA,2022-04-02,3,2,0,5,4,9,3,15,2022-03-26,103,114,2022-04-09,14,1,1,1,1
3,153,434,2,BB_107,BB_179,n,7,TRUE,FALSE,TRUE,7,7,NA,NA,2021-12-02,NA,NA,NA,2022-03-18,NA,2022-04-02,NA,NA,NA,NA,NA,NA,NA,NA,2022-04-02,1,0,0,1,10,0,0,0,2022-03-18,NA,106,2022-04-02,15,0,1,1,0
3,154,435,4,BB_005,BB_166,n,8,TRUE,FALSE,TRUE,8,8,NA,2021-12-13,2021-12-02,NA,NA,2022-03-12,2022-03-18,2022-03-26,2022-04-02,2022-04-09,NA,NA,NA,NA,NA,NA,NA,2022-03-12,2,0,0,2,2,8,4,8,2022-03-12,89,100,2022-04-09,28,1,1,1,1
3,154,436,5,BB_217,BB_205_A,n,5,TRUE,FALSE,TRUE,5,5,NA,2021-12-20,2021-12-02,NA,NA,NA,2022-03-18,NA,2022-04-02,2022-04-09,NA,NA,NA,NA,NA,NA,NA,2022-03-18,0,NA,NA,0,NA,NA,0,0,2022-03-18,88,106,2022-04-09,22,1,1,0,0
3,154,437,5,BB_173,BB_095,n,2,TRUE,FALSE,TRUE,2,2,NA,2021-12-13,2021-12-02,NA,NA,NA,NA,NA,NA,NA,2022-04-23,NA,NA,NA,NA,NA,NA,NA,0,0,0,0,1,NA,0,0,2022-04-23,131,142,2022-04-23,0,1,1,0,0
3,155,438,5,BB_176,BB_059,R,6,TRUE,TRUE,TRUE,6,"6,7,8",NA,2021-12-13,2021-12-02,NA,NA,NA,NA,NA,2022-04-02,2022-04-09,NA,NA,NA,NA,NA,NA,NA,NA,0,NA,NA,0,NA,NA,0,0,2022-04-02,110,121,2022-04-09,7,1,1,0,0
3,155,439,6,BB_171,BB_157,n,7,TRUE,FALSE,TRUE,7,7,NA,2021-12-13,2021-12-02,NA,NA,NA,2022-03-18,2022-03-26,2022-04-02,NA,NA,NA,NA,NA,NA,NA,NA,2022-03-18,2,0,0,2,0,18,9,18,2022-03-18,95,106,2022-04-02,15,1,1,1,1
3,155,440,1,BB_213,BB_147,n,2,TRUE,FALSE,TRUE,2,2,NA,2021-12-13,2021-12-02,NA,NA,NA,2022-03-18,2022-03-26,2022-04-02,NA,NA,NA,NA,NA,NA,NA,NA,2022-03-18,0,1,0,1,0,0,0,0,2022-03-18,95,106,2022-04-02,15,1,1,1,0
3,156,441,6,BB_188,BB_009,n,7,TRUE,FALSE,TRUE,7,7,NA,2021-12-13,2021-12-02,NA,NA,2022-03-12,2022-03-18,2022-03-26,2022-04-02,2022-04-09,NA,NA,NA,NA,NA,NA,NA,2022-03-18,4,3,0,7,11,6,1.5,10.5,2022-03-12,89,100,2022-04-09,28,1,1,1,1
