Year,Sequence,Cohort,Block,Transect,Donor,Recipient,Gen,Replicated,Plant_ID,F_plant,Rep_FitP,any_FitP,F_plant_ID,F_multi,Germ_Date,Sow_Date,Plant_Date,FFD,LFD,fl_duration,days_germ2flower,days_sow2flower,days_plant2flower,corolla_diam_mm,corolla_area_mm2,leaf_area_mm2,leaf_dryweight_mg,SLA,LMA,skel_dryweight_mg,d13C,sample_weight_mg,closed_fruits,open_fruits,total_fruits,nonfitness_fruits,filled_seeds,msm_all,sd_msm_all,mean_seeds_per_fruit,est_fecundity,est_fecundity_int,surv_to_germ,surv_to_flower,surv_to_fruitprod,prod_closed_fruits,prod_filled_seeds
2022,1,6,1,1,BO_201,BO_130,G1,R,7,TRUE,TRUE,TRUE,7,7,2021-12-06,2021-11-11,2021-11-17,2022-04-01,2022-05-25,54,116,141,135,23.962,351.332,NA,NA,NA,NA,194.14,-26.11,3.38,15,22,37,0,12,5.175,0.3358757210636098,0.8,29.6,30,1,1,1,1,1
2022,2,4,1,1,BO_192,BO_166,G1,R,6,TRUE,TRUE,TRUE,6,6,2021-12-06,2021-11-11,2021-11-17,2022-04-13,2022-05-20,37,128,153,147,NA,NA,48.87,2.46,19.865853658536583,0.05033763044812769,NA,-27.76,3.6,1,0,1,0,0,NA,NA,0,0,0,1,1,1,1,0
2022,3,5,1,1,BO_005,BO_019,G1,n,7,TRUE,FALSE,TRUE,7,7,NA,2021-11-11,2021-11-17,2022-04-08,2022-04-08,0,NA,148,142,NA,NA,NA,NA,NA,NA,NA,NA,NA,0,0,0,0,0,NA,NA,NA,0,0,0,1,0,0,0
2022,4,5,1,1,BO_070,BO_066,G1,n,7,TRUE,FALSE,TRUE,7,7,2021-12-06,2021-11-11,2021-11-17,2022-04-13,2022-05-12,29,128,153,147,24.515,412.063,NA,NA,NA,NA,NA,NA,NA,1,0,1,0,0,NA,NA,0,0,0,1,1,1,1,0
2022,5,2,1,1,BO_038,BO_137,G1,R,5,TRUE,TRUE,TRUE,5,"5,8",2021-12-06,2021-11-11,2021-11-17,2022-04-21,2022-05-12,21,136,161,155,17.585,145.417,NA,NA,NA,NA,NA,-28.09,4.78,0,0,0,NA,0,NA,NA,NA,0,0,1,1,0,0,0
2022,6,4,1,1,BO_170,BO_045,G1,n,5,TRUE,FALSE,TRUE,5,5,2021-12-15,2021-11-11,2021-11-17,2022-04-21,2022-05-20,29,127,161,155,19.797,NA,NA,NA,NA,NA,NA,NA,NA,0,0,0,0,0,NA,NA,NA,0,0,1,1,0,0,0
2022,7,6,1,1,BO_001,BO_048,G1,R,3,TRUE,TRUE,TRUE,3,"3,8",2021-12-06,2021-11-11,2021-11-17,2022-04-08,2022-05-12,34,123,148,142,23.105,355.54,NA,NA,NA,NA,96.62,-31.52,1.48,6,0,6,0,0,NA,NA,0,0,0,1,1,1,1,0
2022,9,4,1,1,BO_033,BO_099,G1,n,2,TRUE,FALSE,TRUE,2,2,2021-12-06,2021-11-11,2021-11-17,2022-04-21,2022-05-20,29,136,161,155,NA,NA,NA,NA,NA,NA,NA,NA,NA,5,7,12,0,8,3.71,NA,1.6,19.200000000000003,19,1,1,1,1,1
2022,10,5,1,1,BO_065,BO_115,G1,n,5,TRUE,FALSE,TRUE,5,5,2021-12-06,2021-11-11,2021-11-17,2022-04-28,2022-05-20,22,143,168,162,26.278,381.84,49.162,2.95,16.665084745762712,0.06000569545583988,NA,NA,NA,0,0,0,0,0,NA,NA,NA,0,0,1,1,0,0,0
2022,11,1,1,1,BO_106,BO_104,G1,n,4,TRUE,FALSE,TRUE,4,4,2021-12-06,2021-11-11,2021-11-17,NA,NA,NA,NA,NA,NA,NA,NA,NA,NA,NA,NA,NA,NA,NA,0,0,0,0,0,NA,NA,NA,0,0,1,0,0,0,0
2022,12,6,1,1,BO_040,BO_029,G1,n,1,TRUE,FALSE,TRUE,1,1,2021-12-06,2021-11-11,2021-11-17,2022-04-21,2022-05-20,29,136,161,155,NA,NA,NA,NA,NA,NA,NA,NA,NA,2,1,3,0,3,2.9433333333333334,NA,1.5,4.5,4,1,1,1,1,1
2022,13,2,1,1,BO_096,BO_012,G1,n,1,TRUE,FALSE,TRUE,1,1,2021-12-06,2021-11-11,2021-11-17,2022-04-21,2022-05-12,21,136,161,155,20.25,246.748,144.457,11.9,12.13924369747899,0.08237745488276789,NA,NA,NA,0,0,0,0,0,NA,NA,NA,0,0,1,1,0,0,0
2022,16,4,1,1,BO_074,BO_047,G1,n,6,TRUE,FALSE,TRUE,6,6,2021-12-06,2021-11-11,2021-11-17,2022-04-08,2022-04-28,20,123,148,142,NA,NA,NA,NA,NA,NA,NA,NA,NA,0,0,0,0,0,NA,NA,NA,0,0,1,1,0,0,0
2022,17,5,1,1,BO_188,BO_008,G1,n,2,TRUE,FALSE,TRUE,2,2,2021-12-28,2021-11-11,2021-11-17,2022-04-08,2022-04-21,13,101,148,142,NA,NA,NA,NA,NA,NA,NA,NA,NA,0,0,0,0,0,NA,NA,NA,0,0,1,1,0,0,0
2022,18,1,1,1,BO_106,BO_191,G1,n,6,TRUE,FALSE,TRUE,6,6,2021-12-06,2021-11-11,2021-11-17,2022-04-08,2022-05-05,27,123,148,142,28.93,500.855,67.684,4.4,15.382727272727271,0.06500797825187637,NA,NA,NA,0,0,0,7,0,NA,NA,NA,0,0,1,1,0,0,0
2022,19,4,1,1,BO_073,BO_117,G1,n,7,TRUE,FALSE,TRUE,7,7,2021-12-06,2021-11-11,2021-11-17,2022-04-08,2022-05-05,27,123,148,142,25.04,335.794,NA,NA,NA,NA,NA,NA,NA,0,0,0,0,0,NA,NA,NA,0,0,1,1,0,0,0
2022,20,2,1,1,BO_130,BO_120,G1,n,2,TRUE,FALSE,TRUE,2,2,2021-12-06,2021-11-11,2021-11-17,2022-04-13,2022-04-21,8,128,153,147,NA,NA,NA,NA,NA,NA,6.56,NA,NA,0,0,0,0,0,NA,NA,NA,0,0,1,1,0,0,0
2022,21,4,1,1,BO_192,BO_021,G1,R,1,TRUE,TRUE,TRUE,1,"1,3,4",2021-12-06,2021-11-11,2021-11-17,2022-04-21,2022-05-12,21,136,161,155,NA,NA,NA,NA,NA,NA,NA,NA,NA,3,0,3,0,6,3.56,NA,2,6,6,1,1,1,1,1
2022,22,1,1,1,BO_101,BO_024,G1,R,3,TRUE,TRUE,TRUE,3,"2,3",2021-12-06,2021-11-11,2021-11-17,2022-04-08,2022-05-20,42,123,148,142,NA,NA,NA,NA,NA,NA,19.42,-27.82,3.81,3,0,3,0,0,NA,NA,0,0,0,1,1,1,1,0
2022,23,5,1,1,BO_143,BO_004,G1,R,6,TRUE,TRUE,TRUE,6,"6,7",2021-12-28,2021-11-11,2021-11-17,2022-04-13,2022-04-13,0,106,153,147,NA,NA,NA,NA,NA,NA,2.59,NA,NA,0,1,1,0,0,NA,NA,NA,NA,NA,1,1,1,0,0
2022,24,1,1,1,BO_128,BO_060,G1,n,4,TRUE,FALSE,TRUE,4,4,2021-12-06,2021-11-11,2021-11-17,2022-04-08,2022-04-21,13,123,148,142,NA,NA,NA,NA,NA,NA,11.73,-30.47,1.57,2,2,4,0,3,3.7866666666666666,NA,1.5,6,6,1,1,1,1,1
2022,25,5,1,1,BO_005,BO_176,G1,n,5,TRUE,FALSE,TRUE,5,5,2021-12-06,2021-11-11,2021-11-17,2022-04-01,2022-04-13,12,116,141,135,24.67,401.675,20.14,1.48,13.608108108108109,0.07348560079443893,12.1,-28.52,3.44,0,0,0,1,0,NA,NA,NA,0,0,1,1,0,0,0
2022,26,6,1,1,BO_149,BO_185,G1,n,1,TRUE,FALSE,TRUE,1,1,2021-12-06,2021-11-11,2021-11-17,2022-04-08,2022-04-08,0,123,148,142,NA,NA,NA,NA,NA,NA,19.1,-28.44,3.58,0,0,0,0,0,NA,NA,NA,0,0,1,1,0,0,0
2022,27,2,1,1,BO_096,BO_178,G1,n,3,TRUE,FALSE,TRUE,3,3,2021-12-06,2021-11-11,2021-11-17,2022-04-01,2022-04-28,27,116,141,135,23.8,333.705,43.308,4.24,10.214150943396225,0.09790338967396325,NA,NA,NA,2,0,2,4,2,2.945,NA,1,2,2,1,1,1,1,1
2022,28,5,1,1,BO_194,BO_098,G1,n,7,TRUE,FALSE,TRUE,7,7,2021-12-06,2021-11-11,2021-11-17,2022-03-25,2022-04-28,34,109,134,128,21.35,213.134,NA,NA,NA,NA,1.47,NA,NA,1,0,1,0,2,2.25,NA,2,2,2,1,1,1,1,1
2022,29,2,1,1,BO_177,BO_139,G1,n,7,TRUE,FALSE,TRUE,7,7,2021-12-06,2021-11-11,2021-11-17,2022-04-08,2022-04-08,0,123,148,142,NA,NA,NA,NA,NA,NA,2.65,NA,NA,0,0,0,0,0,NA,NA,NA,0,0,1,1,0,0,0
2022,30,1,1,1,BO_101,BO_182,G1,R,4,TRUE,TRUE,TRUE,4,"1,4",2021-12-06,2021-11-11,2021-11-17,2022-04-01,2022-04-28,27,116,141,135,25.46,379.43,NA,NA,NA,NA,7.32,-29.1,2.07,4,0,4,0,8,3.6416666666666666,0.9875924710572113,2,8,8,1,1,1,1,1
2022,31,5,1,1,BO_168,BO_175,G1,n,2,TRUE,FALSE,TRUE,2,2,2021-12-06,2021-11-11,2021-11-17,2022-04-08,2022-04-28,20,123,148,142,25.79,350.972,NA,NA,NA,NA,NA,NA,NA,0,0,0,0,0,NA,NA,NA,0,0,1,1,0,0,0
2022,32,4,1,1,BO_074,BO_118,G1,n,3,TRUE,FALSE,TRUE,3,3,2021-12-06,2021-11-11,2021-11-17,2022-04-08,2022-04-21,13,123,148,142,NA,NA,31.08,2.23,13.937219730941703,0.07175032175032175,NA,NA,NA,0,0,0,7,0,NA,NA,NA,0,0,1,1,0,0,0
2022,33,2,1,1,BO_038,BO_149,G1,R,4,TRUE,TRUE,TRUE,4,"1,4",2021-12-06,2021-11-11,2021-11-17,2022-04-08,2022-05-20,42,123,148,142,31.88,581.112,NA,NA,NA,NA,NA,-28.91,2.67,2,0,2,0,0,NA,NA,0,0,0,1,1,1,1,0
2022,34,2,1,1,BO_177,BO_121,G1,n,6,TRUE,FALSE,TRUE,6,6,2021-12-06,2021-11-11,2021-11-17,2022-04-08,2022-05-05,27,123,148,142,NA,NA,NA,NA,NA,NA,NA,NA,NA,0,0,0,0,0,NA,NA,NA,0,0,1,1,0,0,0
2022,35,6,1,1,BO_013,BO_141,G1,n,2,TRUE,FALSE,TRUE,2,2,2021-12-06,2021-11-11,2021-11-17,2022-04-13,2022-05-20,37,128,153,147,NA,NA,132.948,5.24,25.37175572519084,0.03941390618888588,NA,NA,NA,7,0,7,10,14,2.3814285714285717,NA,2,14,14,1,1,1,1,1
2022,37,4,1,1,BO_192,BO_127,G1,R,8,TRUE,TRUE,TRUE,8,8,2021-12-06,2021-11-11,2021-11-17,2022-04-08,2022-05-20,42,123,148,142,25.93,494.939,NA,NA,NA,NA,333.97,-27.97,3.35,14,24,38,0,46,4.475434782608696,NA,3.2857142857142856,124.85714285714285,125,1,1,1,1,1
2022,38,1,1,1,BO_101,BO_080,G1,R,1,TRUE,TRUE,TRUE,1,"1,2,3",2021-12-06,2021-11-11,2021-11-17,2022-04-08,2022-04-28,20,123,148,142,26.86,410.832,NA,NA,NA,NA,8.1,-29.46,3.24,4,0,4,0,2,2.145,NA,0.5,2,2,1,1,1,1,1
2022,40,2,1,1,BO_038,BO_082,G1,R,1,TRUE,TRUE,TRUE,1,"1,2",2021-12-06,2021-11-11,2021-11-17,2022-04-01,2022-04-21,20,116,141,135,21.45,313.333,NA,NA,NA,NA,NA,-27.92,3.97,0,0,0,NA,0,NA,NA,NA,0,0,1,1,0,0,0
2022,42,5,1,1,BO_058,BO_094,G1,n,4,TRUE,FALSE,TRUE,4,4,2021-12-15,2021-11-11,2021-11-17,2022-04-01,2022-05-25,54,107,141,135,22.35,286.315,NA,NA,NA,NA,NA,-28.74,3.59,5,1,6,0,33,3.623181818181818,0.1407785318907767,6.6,39.599999999999994,40,1,1,1,1,1
2022,44,5,1,1,BO_168,BO_155,G1,n,8,TRUE,FALSE,TRUE,8,8,NA,2021-11-11,2021-11-17,2022-04-13,2022-04-13,0,NA,153,147,NA,NA,NA,NA,NA,NA,NA,NA,NA,0,1,1,0,0,NA,NA,NA,NA,NA,0,1,1,0,0
2022,46,5,1,2,BO_188,BO_052,G1,n,4,TRUE,FALSE,TRUE,4,4,2021-12-06,2021-11-11,2021-11-17,2022-04-08,2022-04-08,0,123,148,142,NA,NA,NA,NA,NA,NA,NA,NA,NA,0,0,0,0,0,NA,NA,NA,0,0,1,1,0,0,0
2022,47,6,1,2,BO_201,BO_189,G1,R,4,TRUE,TRUE,TRUE,4,4,NA,2021-11-11,2021-11-17,2022-04-08,2022-05-12,34,NA,148,142,22.11,307.454,NA,NA,NA,NA,NA,NA,NA,2,0,2,0,3,2.7899999999999996,NA,1.5,3,3,0,1,1,1,1
2022,49,6,1,2,BO_183,BO_198,G1,n,2,TRUE,FALSE,TRUE,2,2,2021-12-06,2021-11-11,2021-11-17,2022-04-08,2022-04-08,0,123,148,142,NA,NA,NA,NA,NA,NA,4.93,NA,NA,0,2,2,1,0,NA,NA,NA,NA,NA,1,1,1,0,0
2022,50,5,1,2,BO_065,BO_078,G1,n,7,TRUE,FALSE,TRUE,7,7,2021-12-06,2021-11-11,2021-11-17,2022-04-08,2022-04-28,20,123,148,142,26.22,402.825,NA,NA,NA,NA,NA,NA,NA,1,2,3,0,0,NA,NA,0,0,0,1,1,1,1,0
2022,51,1,1,2,BO_151,BO_056,G1,n,3,TRUE,FALSE,TRUE,3,3,2021-12-06,2021-11-11,2021-11-17,2022-04-28,2022-04-28,0,143,168,162,22.42,NA,NA,NA,NA,NA,NA,NA,NA,1,0,1,1,1,3.88,NA,1,1,1,1,1,1,1,1
2022,52,6,1,2,BO_183,BO_063,G1,n,2,TRUE,FALSE,TRUE,2,2,2021-12-06,2021-11-11,2021-11-17,2022-04-08,2022-05-25,47,123,148,142,25.76,294.104,46.521,3.1,15.006774193548386,0.06663657273059478,NA,NA,NA,1,0,1,2,0,NA,NA,0,0,0,1,1,1,1,0
2022,56,4,1,2,BO_170,BO_111,G1,n,3,TRUE,FALSE,TRUE,3,3,2021-12-06,2021-11-11,2021-11-17,2022-04-01,2022-05-20,49,116,141,135,22.98,331.999,NA,NA,NA,NA,NA,NA,NA,3,4,7,0,0,NA,NA,0,0,0,1,1,1,1,0
2022,57,6,1,2,BO_032,BO_132,G1,n,3,TRUE,FALSE,TRUE,3,3,2021-12-06,2021-11-11,2021-11-17,2022-03-25,2022-05-25,61,109,134,128,23.77,315.836,58.761,4.29,13.697202797202797,0.07300760708633278,21.09,-28.21,2.54,0,4,4,14,0,NA,NA,NA,NA,NA,1,1,1,0,0
2022,58,5,1,2,BO_162,BO_164,G1,n,5,TRUE,FALSE,TRUE,5,5,2021-12-06,2021-11-11,2021-11-17,2022-04-08,2022-04-21,13,123,148,142,31.929,655.283,25.691,1.8,14.272777777777776,0.07006344634307735,13.64,-29.62,3.96,3,0,3,1,4,3.2775,NA,1.3333333333333333,4,4,1,1,1,1,1
2022,59,5,1,2,BO_162,BO_089,G1,n,3,TRUE,FALSE,TRUE,3,3,2021-12-06,2021-11-11,2021-11-17,2022-04-01,2022-04-08,7,116,141,135,24.205,344.978,92.749,6.76,13.720266272189349,0.07288488285587985,10.24,-30.97,3.05,2,1,3,1,7,2.439166666666667,0.4890821903206955,3.5,10.5,10,1,1,1,1,1
2022,60,5,1,2,BO_188,BO_154,G1,n,8,TRUE,FALSE,TRUE,8,8,2021-12-06,2021-11-11,2021-11-17,2022-04-01,2022-05-05,34,116,141,135,27.943,474.216,82.556,5.21,15.845681381957773,0.06310867774601484,73.67,-28.94,4.11,6,16,22,17,6,6.446666666666666,NA,1,22,22,1,1,1,1,1
2022,61,1,1,2,BO_185,BO_071,G1,n,6,TRUE,FALSE,TRUE,6,6,2021-12-06,2021-11-11,2021-11-17,2022-04-08,2022-04-13,5,123,148,142,27.42,427.082,109.334,7.91,13.822250316055626,0.07234711983463515,NA,-30.05,3.37,3,0,3,16,6,1.25,NA,2,6,6,1,1,1,1,1
2022,62,3,1,2,BO_198,BO_159,G1,n,6,TRUE,FALSE,TRUE,6,6,2021-12-06,2021-11-11,2021-11-17,2022-04-08,2022-05-20,42,123,148,142,25.294,392.669,NA,NA,NA,NA,12.14,-28.79,2.08,3,1,4,0,2,3.28,NA,0.6666666666666666,2.6666666666666665,3,1,1,1,1,1
2022,63,6,1,2,BO_201,BO_199,G1,R,2,TRUE,TRUE,TRUE,2,"2,7,4",2021-12-06,2021-11-11,2021-11-17,2022-04-01,2022-04-28,27,116,141,135,28.149,486.827,NA,NA,NA,NA,NA,-28.86,1.66,0,0,0,NA,0,NA,NA,NA,0,0,1,1,0,0,0
2022,64,6,1,2,BO_149,BO_106,G1,n,6,TRUE,FALSE,TRUE,6,6,2021-12-06,2021-11-11,2021-11-17,2022-04-08,2022-04-08,0,123,148,142,NA,NA,NA,NA,NA,NA,1.95,NA,NA,1,0,1,0,1,2.27,NA,1,1,1,1,1,1,1,1
2022,65,1,1,2,BO_119,BO_051,G1,n,7,TRUE,FALSE,TRUE,7,7,2021-12-06,2021-11-11,2021-11-17,2022-04-01,2022-05-25,54,116,141,135,26.928,451.953,NA,NA,NA,NA,75.71,-25.32,2.52,2,25,27,0,0,NA,NA,0,0,0,1,1,1,1,0
2022,67,5,1,2,BO_194,BO_125,G1,n,7,TRUE,FALSE,TRUE,7,7,NA,2021-11-11,2021-11-17,2022-04-01,2022-05-25,54,NA,141,135,25.068,379.678,NA,NA,NA,NA,NA,-27.57,4.24,0,14,14,4,0,NA,NA,NA,NA,NA,0,1,1,0,0
2022,68,2,1,2,BO_029,BO_061,G1,n,1,TRUE,FALSE,TRUE,1,1,2021-12-06,2021-11-11,2021-11-17,2022-04-08,2022-05-20,42,123,148,142,24.933,422.993,79.698,6.5,12.261230769230767,0.08155788100077795,NA,NA,NA,2,20,22,2,2,4.55,NA,1,22,22,1,1,1,1,1
2022,69,3,1,2,BO_163,BO_072,G1,n,2,TRUE,FALSE,TRUE,2,2,2021-12-28,2021-11-11,2021-11-17,2022-04-08,2022-04-21,13,101,148,142,25.662,377.749,61.945,4.61,13.437093275488069,0.07442085721204295,NA,NA,NA,2,0,2,3,2,2.885,NA,1,2,2,1,1,1,1,1
2022,70,1,1,2,BO_119,BO_017,G1,n,3,TRUE,FALSE,TRUE,3,3,2021-12-06,2021-11-11,2021-11-17,2022-04-01,2022-05-20,49,116,141,135,27.695,475.09,49.304,3.13,15.752076677316294,0.0634836930066526,133.34,-27.29,3.75,14,18,32,0,21,6.5335,2.8680911334893113,1.5,48,48,1,1,1,1,1
2022,71,3,1,2,BO_039,BO_200,G1,n,6,TRUE,FALSE,TRUE,6,6,2021-12-06,2021-11-11,2021-11-17,2022-03-25,2022-05-05,41,109,134,128,NA,NA,NA,NA,NA,NA,68.03,-28.44,3.58,3,39,42,0,3,3.9433333333333334,NA,1,42,42,1,1,1,1,1
2022,72,2,1,2,BO_189,BO_086,G1,R,7,TRUE,TRUE,TRUE,7,"2,7,8",2021-12-06,2021-11-11,2021-11-17,2022-04-01,2022-04-21,20,116,141,135,NA,NA,NA,NA,NA,NA,38.84,-29.22,3.98,4,4,8,0,6,4.24,0.1838477631085022,1.5,12,12,1,1,1,1,1
2022,73,5,1,2,BO_143,BO_152,G1,R,1,TRUE,TRUE,TRUE,1,"1,7,8",2021-12-15,2021-11-11,2021-11-17,2022-03-25,2022-04-13,19,100,134,128,NA,NA,NA,NA,NA,NA,NA,NA,NA,0,0,0,NA,0,NA,NA,NA,0,0,1,1,0,0,0
2022,74,4,1,2,BO_170,BO_055,G1,n,7,TRUE,FALSE,TRUE,7,7,2021-12-15,2021-11-11,2021-11-17,2022-03-25,2022-05-05,41,100,134,128,NA,NA,38.016,2.51,15.14581673306773,0.06602483164983165,NA,NA,NA,9,18,27,5,2,8.629999999999999,1.9657568516986017,0.2222222222222222,6,6,1,1,1,1,1
2022,75,5,1,2,BO_109,BO_095,G1,n,8,TRUE,FALSE,TRUE,8,8,2021-12-06,2021-11-11,2021-11-17,2022-04-08,2022-04-08,0,123,148,142,NA,NA,95.638,7.08,13.50819209039548,0.07402915159246325,NA,NA,NA,0,0,0,3,0,NA,NA,NA,0,0,1,1,0,0,0
2022,76,1,1,2,BO_088,BO_050,G1,n,7,TRUE,FALSE,TRUE,7,7,2021-12-06,2021-11-11,2021-11-17,2022-03-25,2022-04-13,19,109,134,128,24.422,304.259,NA,NA,NA,NA,21.38,-29.33,3.94,1,5,6,8,3,5.739999999999999,NA,3,18,18,1,1,1,1,1
2022,77,2,1,2,BO_130,BO_174,G1,n,2,TRUE,FALSE,TRUE,2,2,2021-12-06,2021-11-11,2021-11-17,2022-03-25,2022-04-08,14,109,134,128,27.985,390.247,47.298,3.2,14.780625,0.06765613768024017,24.6,-28.93,1.09,0,2,2,5,0,NA,NA,NA,NA,NA,1,1,1,0,0
2022,79,6,1,3,BO_069,BO_201,G1,n,7,TRUE,FALSE,TRUE,7,NA,2021-12-06,2021-11-11,2021-11-17,2022-04-28,2022-05-12,14,143,168,162,NA,NA,NA,NA,NA,NA,12.91,-28.95,5.2,1,1,2,0,0,NA,NA,0,0,0,1,1,1,1,0
2022,88,2,1,3,BO_189,BO_126,G1,R,3,TRUE,TRUE,TRUE,3,"5,6,3",2021-12-06,2021-11-11,2021-11-17,2022-04-08,2022-05-20,42,123,148,142,NA,NA,27.911,2.18,12.803211009174312,0.07810540647056716,24.22,-30.02,3.65,2,1,3,0,1,4.86,NA,0.5,1.5,2,1,1,1,1,1
2022,89,2,1,3,BO_199,BO_069,G1,n,1,TRUE,FALSE,TRUE,1,1,2021-12-06,2021-11-11,2021-11-17,2022-04-21,2022-04-28,7,136,161,155,NA,NA,24.729,1.83,13.51311475409836,0.07400218367099357,13.14,-30.84,3.37,6,0,6,1,6,3.7116666666666664,NA,1,6,6,1,1,1,1,1
2022,90,5,1,3,BO_058,BO_123,G1,n,2,TRUE,FALSE,TRUE,2,2,2021-12-06,2021-11-11,2021-11-17,2022-04-01,2022-05-12,41,116,141,135,NA,NA,13.708,0.87,15.75632183908046,0.0634665888532244,NA,NA,NA,0,0,0,2,0,NA,NA,NA,0,0,1,1,0,0,0
2022,91,2,1,3,BO_187,BO_150,G1,n,4,TRUE,FALSE,TRUE,4,4,2021-12-28,2021-11-11,2021-11-17,2022-04-08,2022-05-12,34,101,148,142,25.835,316.749,55.099,3.27,16.849847094801223,0.059347719559338645,NA,NA,NA,1,0,1,6,0,NA,NA,0,0,0,1,1,1,1,0
2022,93,3,1,3,BO_198,BO_158,G1,n,1,TRUE,FALSE,TRUE,1,1,2021-12-21,2021-11-11,2021-11-17,2022-04-08,2022-04-13,5,108,148,142,NA,NA,NA,NA,NA,NA,23.16,-29.29,3.93,1,0,1,2,0,NA,NA,0,0,0,1,1,1,1,0
2022,94,5,1,3,BO_109,BO_001,G1,n,5,TRUE,FALSE,TRUE,5,5,2021-12-06,2021-11-11,2021-11-17,2022-04-08,2022-04-13,5,123,148,142,NA,NA,84.915,5.79,14.66580310880829,0.06818583289171525,NA,NA,NA,1,1,2,16,0,NA,NA,0,0,0,1,1,1,1,0
2022,95,3,1,3,BO_198,BO_100,G1,n,8,TRUE,FALSE,TRUE,8,8,2021-12-06,2021-11-11,2021-11-17,2022-04-01,2022-04-13,12,116,141,135,26.673,339.755,NA,NA,NA,NA,8.88,-28.11,3.02,0,0,0,0,0,NA,NA,NA,0,0,1,1,0,0,0
2022,96,2,1,3,BO_022,BO_146,G1,n,7,TRUE,FALSE,TRUE,7,7,NA,2021-11-11,2021-11-17,2022-03-25,2022-05-05,41,NA,134,128,28.397,487.661,NA,NA,NA,NA,NA,NA,NA,3,5,8,2,6,6.471666666666667,NA,2,16,16,0,1,1,1,1
2022,97,1,1,3,BO_088,BO_169,G1,n,6,TRUE,FALSE,TRUE,6,6,2021-12-15,2021-11-11,2021-11-17,2022-04-01,2022-05-05,34,107,141,135,26.003,379.727,NA,NA,NA,NA,NA,-29.1,1.9,3,10,13,0,3,3.4233333333333333,NA,1,13,13,1,1,1,1,1
2022,98,6,1,3,BO_183,BO_116,G1,n,6,TRUE,FALSE,TRUE,6,6,2021-12-06,2021-11-11,2021-11-17,2022-04-21,2022-05-05,14,136,161,155,26.025,361.727,18.232,1.34,13.60597014925373,0.07349714787187363,NA,NA,NA,2,3,5,0,0,NA,NA,0,0,0,1,1,1,1,0
2022,99,6,1,3,BO_040,BO_171,G1,n,3,TRUE,FALSE,TRUE,3,3,2021-12-06,2021-11-11,2021-11-17,2022-04-08,2022-05-12,34,123,148,142,24.193,335.328,26.422,1.92,13.761458333333334,0.07266671712966467,NA,NA,NA,1,0,1,9,0,NA,NA,0,0,0,1,1,1,1,0
2022,100,6,1,3,BO_001,BO_025,G1,R,5,TRUE,TRUE,TRUE,5,"5,7",NA,2021-11-11,2021-11-17,2022-04-01,2022-04-13,12,NA,141,135,24.583,350.973,NA,NA,NA,NA,NA,NA,NA,0,0,0,0,0,NA,NA,NA,0,0,0,1,0,0,0
2022,101,2,1,3,BO_096,BO_134,G1,n,5,TRUE,FALSE,TRUE,5,5,2021-12-06,2021-11-11,2021-11-17,2022-04-01,2022-04-13,12,116,141,135,26.441,414.396,NA,NA,NA,NA,NA,NA,NA,0,0,0,0,0,NA,NA,NA,0,0,1,1,0,0,0
2022,103,6,1,3,BO_069,BO_145,G1,n,4,TRUE,FALSE,TRUE,4,4,NA,2021-11-11,2021-11-17,2022-04-01,2022-04-13,12,NA,141,135,24.299,400.187,NA,NA,NA,NA,NA,NA,NA,1,0,1,2,6,2.731666666666667,NA,6,6,6,0,1,1,1,1
2022,104,2,1,3,BO_189,BO_142,G1,R,6,TRUE,TRUE,TRUE,6,"5,6,8",2021-12-06,2021-11-11,2021-11-17,2022-04-08,2022-04-28,20,123,148,142,28.515,443.912,39.433,3.81,10.3498687664042,0.09661958258311566,NA,NA,NA,0,0,0,NA,0,NA,NA,NA,0,0,1,1,0,0,0
2022,105,1,1,3,BO_088,BO_140,G1,n,1,TRUE,FALSE,TRUE,1,1,2021-12-06,2021-11-11,2021-11-17,2022-03-25,2022-04-21,27,109,134,128,27.002,453.396,NA,NA,NA,NA,91.63,-28.15,3.92,0,0,0,0,0,NA,NA,NA,0,0,1,1,0,0,0
2022,106,6,1,3,BO_001,BO_151,G1,R,6,TRUE,TRUE,TRUE,6,"6,3",NA,2021-11-11,2021-11-17,2022-04-21,2022-04-21,0,NA,161,155,23.687,322.403,NA,NA,NA,NA,NA,NA,NA,0,0,0,0,0,NA,NA,NA,0,0,0,1,0,0,0
2022,107,5,1,3,BO_109,BO_028,G1,n,1,TRUE,FALSE,TRUE,1,1,2021-12-06,2021-11-11,2021-11-17,2022-04-08,2022-05-12,34,123,148,142,NA,NA,NA,NA,NA,NA,NA,NA,NA,0,0,0,0,0,NA,NA,NA,0,0,1,1,0,0,0
2022,109,5,1,3,BO_173,BO_054,G1,n,1,TRUE,FALSE,TRUE,1,1,2021-12-28,2021-11-11,2021-11-17,2022-03-25,2022-04-28,34,87,134,128,32.627,652.307,NA,NA,NA,NA,NA,NA,NA,0,0,0,0,0,NA,NA,NA,0,0,1,1,0,0,0
2022,110,6,1,3,BO_032,BO_088,G1,n,5,TRUE,FALSE,TRUE,5,5,2021-12-06,2021-11-11,2021-11-17,2022-03-25,2022-05-12,48,109,134,128,20.904,NA,NA,NA,NA,NA,NA,NA,NA,3,10,13,0,6,6.415,NA,2,26,26,1,1,1,1,1
2022,111,5,1,4,BO_065,BO_014,G1,n,2,TRUE,FALSE,TRUE,2,2,2021-12-06,2021-11-11,2021-11-17,2022-04-08,2022-05-20,42,123,148,142,20.529,228.34,NA,NA,NA,NA,NA,NA,NA,1,0,1,0,0,NA,NA,0,0,0,1,1,1,1,0
2022,116,2,1,4,BO_022,BO_020,G1,n,8,TRUE,FALSE,TRUE,8,8,2021-12-06,2021-11-11,2021-11-17,NA,NA,NA,NA,NA,NA,NA,NA,NA,NA,NA,NA,NA,NA,NA,0,0,0,0,0,NA,NA,NA,0,0,1,0,0,0,0
2022,117,2,1,4,BO_029,BO_090,G1,n,8,TRUE,FALSE,TRUE,8,8,2021-12-06,2021-11-11,2021-11-17,2022-04-08,2022-04-21,13,123,148,142,26.411,360.691,NA,NA,NA,NA,NA,NA,NA,2,0,2,0,0,NA,NA,0,0,0,1,1,1,1,0
2022,118,5,1,4,BO_070,BO_046,G1,n,3,TRUE,FALSE,TRUE,3,3,NA,2021-11-11,2021-11-17,2022-05-20,2022-05-20,0,NA,190,184,NA,NA,NA,NA,NA,NA,NA,NA,NA,0,0,0,0,0,NA,NA,NA,0,0,0,1,0,0,0
2022,119,2,1,4,BO_199,BO_015,G1,n,2,TRUE,FALSE,TRUE,2,2,2021-12-06,2021-11-11,2021-11-17,2022-04-08,2022-05-20,42,123,148,142,16.405,159.168,NA,NA,NA,NA,10.84,-26.96,4.6,0,1,1,0,0,NA,NA,NA,NA,NA,1,1,1,0,0
2022,120,5,1,4,BO_143,BO_195,G1,R,3,TRUE,TRUE,TRUE,3,3,2021-12-06,2021-11-11,2021-11-17,2022-04-08,2022-04-21,13,123,148,142,NA,NA,NA,NA,NA,NA,NA,NA,NA,0,0,0,0,0,NA,NA,NA,0,0,1,1,0,0,0
2022,122,3,1,4,BO_163,BO_144,G1,n,3,TRUE,FALSE,TRUE,3,3,NA,2021-11-11,2021-11-17,2022-04-01,2022-04-08,7,NA,141,135,NA,NA,NA,NA,NA,NA,19.1,-27.91,4.45,0,0,0,1,0,NA,NA,NA,0,0,0,1,0,0,0
2022,124,1,1,4,BO_106,BO_131,G1,n,3,TRUE,FALSE,TRUE,3,3,2021-12-06,2021-11-11,2021-11-17,2022-04-08,2022-05-05,27,123,148,142,21.49,255.621,NA,NA,NA,NA,NA,NA,NA,0,0,0,0,0,NA,NA,NA,0,0,1,1,0,0,0
2022,127,2,1,4,BO_177,BO_147,G1,n,3,TRUE,FALSE,TRUE,3,3,2021-12-06,2021-11-11,2021-11-17,2022-03-25,2022-04-13,19,109,134,128,22.709,298.855,NA,NA,NA,NA,NA,NA,NA,0,0,0,0,0,NA,NA,NA,0,0,1,1,0,0,0
2022,128,1,1,4,BO_151,BO_167,G1,n,7,TRUE,FALSE,TRUE,7,7,2021-12-06,2021-11-11,2021-11-17,2022-04-01,2022-04-13,12,116,141,135,22.231,276.524,NA,NA,NA,NA,9.18,-29.76,2.86,1,1,2,0,2,3.31,NA,2,4,4,1,1,1,1,1
2022,130,2,1,4,BO_130,BO_161,G1,n,6,TRUE,FALSE,TRUE,6,6,2021-12-06,2021-11-11,2021-11-17,2022-03-25,2022-04-21,27,109,134,128,34.466,612.226,NA,NA,NA,NA,NA,NA,NA,0,0,0,0,0,NA,NA,NA,0,0,1,1,0,0,0
2022,132,5,1,4,BO_070,BO_184,G1,n,7,TRUE,FALSE,TRUE,7,7,2021-12-15,2021-11-11,2021-11-17,2022-04-01,2022-04-21,20,107,141,135,30.512,523.66,NA,NA,NA,NA,NA,NA,NA,0,1,1,0,0,NA,NA,NA,NA,NA,1,1,1,0,0
2022,133,6,2,5,BO_040,BO_171,G1,n,1,TRUE,FALSE,TRUE,1,1,2021-12-06,2021-11-11,2021-11-17,2022-04-01,2022-04-13,12,116,141,135,27.952,432.992,37.171,2.37,15.683966244725738,0.06375938231416965,58.16,-28.77,2.09,0,1,1,3,0,NA,NA,NA,NA,NA,1,1,1,0,0
2022,134,2,2,5,BO_177,BO_121,G1,n,7,TRUE,FALSE,TRUE,7,7,2021-12-06,2021-11-11,2021-11-17,2022-04-01,2022-05-20,49,116,141,135,NA,NA,NA,NA,NA,NA,47.89,-26.87,4.04,2,5,7,0,3,0.8666666666666667,NA,1.5,10.5,10,1,1,1,1,1
2022,135,1,2,5,BO_128,BO_060,G1,n,8,TRUE,FALSE,TRUE,8,8,2021-12-06,2021-11-11,2021-11-17,2022-04-01,2022-05-20,49,116,141,135,NA,NA,40.405,2.03,19.90394088669951,0.05024130676896423,NA,-28.78,4.2,0,0,0,2,0,NA,NA,NA,0,0,1,1,0,0,0
2022,136,6,2,5,BO_183,BO_063,G1,n,8,TRUE,FALSE,TRUE,8,8,2021-12-06,2021-11-11,2021-11-17,2022-03-25,2022-04-13,19,109,134,128,NA,NA,17.268,1.1,15.698181818181817,0.06370164466064397,11.94,-29.05,2.68,0,0,0,1,0,NA,NA,NA,0,0,1,1,0,0,0
2022,137,2,2,5,BO_096,BO_012,G1,n,2,TRUE,FALSE,TRUE,2,2,2021-12-06,2021-11-11,2021-11-17,2022-04-01,2022-05-20,49,116,141,135,26.315,430.546,13.653,1.02,13.385294117647058,0.07470885519666008,48.39,-26.55,3.88,0,3,3,0,0,NA,NA,NA,NA,NA,1,1,1,0,0
2022,138,2,2,5,BO_022,BO_020,G1,n,1,TRUE,FALSE,TRUE,1,1,2021-12-06,2021-11-11,2021-11-17,2022-03-11,2022-05-20,70,95,120,114,30.052,554.075,35.51,2.61,13.60536398467433,0.07350042241622078,74.27,-28.26,5.15,0,7,7,0,0,NA,NA,NA,NA,NA,1,1,1,0,0
2022,139,6,2,5,BO_153,BO_022,G1,n,2,TRUE,FALSE,TRUE,2,2,2021-12-06,2021-11-11,2021-11-17,2022-03-25,2022-04-08,14,109,134,128,NA,NA,NA,NA,NA,NA,NA,NA,NA,0,0,0,0,0,NA,NA,NA,0,0,1,1,0,0,0
2022,140,5,2,5,BO_162,BO_108,G1,n,1,TRUE,FALSE,TRUE,1,1,2021-12-06,2021-11-11,2021-11-17,2022-03-25,2022-03-25,0,109,134,128,16.24,146.531,61.168,4.78,12.796652719665271,0.07814543552184149,NA,NA,NA,0,0,0,3,0,NA,NA,NA,0,0,1,1,0,0,0
2022,141,6,2,5,BO_183,BO_198,G1,n,8,TRUE,FALSE,TRUE,8,8,2021-12-06,2021-11-11,2021-11-17,2022-04-08,2022-05-20,42,123,148,142,29.131,512.695,45.18,2.79,16.193548387096772,0.06175298804780877,NA,NA,NA,0,0,0,4,0,NA,NA,NA,0,0,1,1,0,0,0
2022,142,5,2,5,BO_065,BO_014,G1,n,7,TRUE,FALSE,TRUE,7,7,2021-12-06,2021-11-11,2021-11-17,2022-04-01,2022-05-20,49,116,141,135,26.473,433.592,19.408,1.64,11.834146341463416,0.08450123660346248,24.19,-29.24,2.39,2,1,3,0,0,NA,NA,0,0,0,1,1,1,1,0
2022,143,5,2,5,BO_109,BO_001,G1,n,4,TRUE,FALSE,TRUE,4,4,2021-12-06,2021-11-11,2021-11-17,2022-04-08,2022-04-13,5,123,148,142,NA,NA,15.644,1.25,12.5152,0.07990283814881105,11.08,-28.41,5.12,0,0,0,0,0,NA,NA,NA,0,0,1,1,0,0,0
2022,144,5,2,5,BO_162,BO_089,G1,n,7,TRUE,FALSE,TRUE,7,7,2021-12-06,2021-11-11,2021-11-17,2022-03-25,2022-04-28,34,109,134,128,NA,NA,NA,NA,NA,NA,6.9,-30.36,2.76,2,1,3,0,4,3.5175,NA,2,6,6,1,1,1,1,1
2022,145,5,2,5,BO_109,BO_095,G1,n,8,TRUE,FALSE,TRUE,8,8,2021-12-06,2021-11-11,2021-11-17,2022-03-25,2022-05-12,48,109,134,128,NA,NA,90.877,6.05,15.020991735537189,0.06657350044565732,29.9,-27.57,4.17,0,2,2,4,0,NA,NA,NA,NA,NA,1,1,1,0,0
2022,147,2,2,5,BO_038,BO_082,G1,R,6,TRUE,TRUE,TRUE,6,"5,6,7",2021-12-06,2021-11-11,2021-11-17,2022-04-01,2022-05-25,54,116,141,135,23.5,339.263,34.893,2.6,13.420384615384615,0.07451351273894478,19,-28.95,4.14,0,3,3,0,0,NA,NA,NA,NA,NA,1,1,1,0,0
2022,148,4,2,5,BO_170,BO_045,G1,n,5,TRUE,FALSE,TRUE,5,5,2021-12-15,2021-11-11,2021-11-17,2022-03-25,2022-05-20,56,100,134,128,NA,NA,NA,NA,NA,NA,NA,NA,NA,1,0,1,0,4,2.885,NA,4,4,4,1,1,1,1,1
2022,149,1,2,5,BO_119,BO_017,G1,n,6,TRUE,FALSE,TRUE,6,6,2021-12-06,2021-11-11,2021-11-17,2022-03-25,2022-04-08,14,109,134,128,26.21,459.177,49.23,5.17,9.522243713733076,0.1050172658947796,23.91,-29.64,4.26,3,3,6,0,6,3.8966666666666665,NA,2,12,12,1,1,1,1,1
2022,150,5,2,5,BO_065,BO_115,G1,n,2,TRUE,FALSE,TRUE,2,2,2021-12-06,2021-11-11,2021-11-17,2022-03-25,2022-04-01,7,109,134,128,26.77,471.401,74.359,6.13,12.130342577487765,0.0824379026076198,7.54,-28.39,1.93,1,3,4,8,2,3.175,NA,2,8,8,1,1,1,1,1
2022,151,1,2,5,BO_185,BO_071,G1,n,3,TRUE,FALSE,TRUE,3,3,2021-12-06,2021-11-11,2021-11-17,2022-04-08,2022-05-20,42,123,148,142,22.8,292.646,NA,NA,NA,NA,NA,NA,NA,1,0,1,0,0,NA,NA,0,0,0,1,1,1,1,0
2022,152,2,2,5,BO_189,BO_086,G1,R,3,TRUE,TRUE,TRUE,3,3,2021-12-06,2021-11-11,2021-11-17,2022-04-01,2022-05-25,54,116,141,135,23.508,311.209,NA,NA,NA,NA,157.59,-25.92,3.55,2,18,20,0,1,3.16,NA,0.5,10,10,1,1,1,1,1
2022,153,5,2,5,BO_173,BO_079,G1,n,4,TRUE,FALSE,TRUE,4,NA,2021-12-06,2021-11-11,2021-11-17,2022-04-13,2022-05-25,42,128,153,147,NA,NA,25.622,1.74,14.72528735632184,0.06791038950901569,78.36,-27.16,5.25,7,2,9,4,3,2.6966666666666668,NA,0.42857142857142855,3.8571428571428568,4,1,1,1,1,1
2022,154,1,2,5,BO_185,BO_085,G1,n,6,TRUE,FALSE,TRUE,6,6,2021-12-06,2021-11-11,2021-11-17,2022-04-08,2022-04-08,0,123,148,142,NA,NA,NA,NA,NA,NA,NA,NA,NA,0,0,0,0,0,NA,NA,NA,0,0,1,1,0,0,0
2022,156,5,2,5,BO_194,BO_098,G1,n,5,TRUE,FALSE,TRUE,5,5,2021-12-06,2021-11-11,2021-11-17,2022-03-25,2022-04-21,27,109,134,128,25.882,375.503,20.235,0.97,20.86082474226804,0.04793674326661725,NA,NA,NA,5,0,5,9,15,3.5126666666666666,NA,3,15,15,1,1,1,1,1
2022,158,1,2,5,BO_119,BO_051,G1,n,1,TRUE,FALSE,TRUE,1,1,2021-12-06,2021-11-11,2021-11-17,2022-03-25,2022-04-08,14,109,134,128,24.282,368.434,NA,NA,NA,NA,33.74,-29.01,1.92,1,0,1,1,0,NA,NA,0,0,0,1,1,1,1,0
2022,159,2,2,5,BO_038,BO_149,G1,R,2,TRUE,TRUE,TRUE,2,"2,3",2021-12-06,2021-11-11,2021-11-17,2022-04-01,2022-05-20,49,116,141,135,NA,NA,30.897,2.32,13.317672413793103,0.07508819626500955,NA,-28.72,3.89,3,0,3,0,2,4.81,NA,0.6666666666666666,2,2,1,1,1,1,1
2022,161,5,2,5,BO_109,BO_028,G1,n,5,TRUE,FALSE,TRUE,5,5,2021-12-06,2021-11-11,2021-11-17,2022-04-01,2022-04-01,0,116,141,135,NA,NA,NA,NA,NA,NA,NA,NA,NA,0,0,0,0,0,NA,NA,NA,0,0,1,1,0,0,0
2022,167,5,2,5,BO_143,BO_195,G1,R,4,TRUE,TRUE,TRUE,4,4,2021-12-15,2021-11-11,2021-11-17,2022-04-08,2022-05-20,42,114,148,142,17.047,183.986,NA,NA,NA,NA,NA,NA,NA,0,0,0,0,0,NA,NA,NA,0,0,1,1,0,0,0
2022,168,2,2,5,BO_187,BO_031,G1,n,6,TRUE,FALSE,TRUE,6,6,2021-12-06,2021-11-11,2021-11-17,2022-04-01,2022-04-28,27,116,141,135,21.913,218.301,NA,NA,NA,NA,NA,NA,NA,0,1,1,1,0,NA,NA,NA,NA,NA,1,1,1,0,0
2022,169,1,2,5,BO_088,BO_140,G1,n,4,TRUE,FALSE,TRUE,4,4,2021-12-06,2021-11-11,2021-11-17,2022-03-25,2022-05-20,56,109,134,128,26.446,421.534,NA,NA,NA,NA,NA,NA,NA,1,5,6,0,2,7.89,NA,2,12,12,1,1,1,1,1
2022,170,6,2,5,BO_013,BO_114,G1,n,8,TRUE,FALSE,TRUE,8,8,2021-12-15,2021-11-11,2021-11-17,2022-04-01,2022-04-21,20,107,141,135,NA,NA,NA,NA,NA,NA,36.2,-28.58,3.06,0,2,2,0,0,NA,NA,NA,NA,NA,1,1,1,0,0
2022,172,4,2,5,BO_073,BO_117,G1,n,1,TRUE,FALSE,TRUE,1,1,2021-12-06,2021-11-11,2021-11-17,2022-03-25,2022-04-21,27,109,134,128,27.983,478.407,NA,NA,NA,NA,NA,NA,NA,0,0,0,0,0,NA,NA,NA,0,0,1,1,0,0,0
2022,173,4,2,5,BO_073,BO_186,G1,n,6,TRUE,FALSE,TRUE,6,6,2021-12-15,2021-11-11,2021-11-17,2022-04-08,2022-04-28,20,114,148,142,25.477,371.007,NA,NA,NA,NA,NA,NA,NA,0,0,0,0,0,NA,NA,NA,0,0,1,1,0,0,0
2022,174,4,2,5,BO_074,BO_047,G1,n,4,TRUE,FALSE,TRUE,4,4,2021-12-06,2021-11-11,2021-11-17,2022-04-01,2022-04-28,27,116,141,135,28.325,438.004,NA,NA,NA,NA,NA,NA,NA,0,0,0,0,0,NA,NA,NA,0,0,1,1,0,0,0
2022,176,5,2,5,BO_005,BO_122,G1,n,7,TRUE,FALSE,TRUE,7,7,2021-12-06,2021-11-11,2021-11-17,2022-04-01,2022-05-05,34,116,141,135,23.44,314.685,NA,NA,NA,NA,NA,NA,NA,0,0,0,0,0,NA,NA,NA,0,0,1,1,0,0,0
2022,177,2,2,6,BO_029,BO_061,G1,n,3,TRUE,FALSE,TRUE,3,3,2021-12-06,2021-11-11,2021-11-17,2022-03-25,2022-05-25,61,109,134,128,27.605,419.624,24.397,1.38,17.678985507246377,0.056564331680124605,64.38,-29.79,3.3,3,8,11,17,0,NA,NA,0,0,0,1,1,1,1,0
2022,178,1,2,6,BO_106,BO_131,G1,n,5,TRUE,FALSE,TRUE,5,5,2021-12-06,2021-11-11,2021-11-17,2022-03-25,2022-05-25,61,109,134,128,27.917,438.277,123.788,8.96,13.815624999999999,0.07238181406921511,182.99,-28.46,4.74,5,27,32,1,4,5.055,NA,0.8,25.6,26,1,1,1,1,1
2022,179,5,2,6,BO_188,BO_008,G1,n,7,TRUE,FALSE,TRUE,7,7,2021-12-06,2021-11-11,2021-11-17,2022-03-17,2022-05-20,64,101,126,120,30.425,528.348,98.5,7.96,12.374371859296483,0.08081218274111675,46.97,NA,NA,5,5,10,3,6,6.21,1.4637110370561537,1.2,12,12,1,1,1,1,1
2022,180,1,2,6,BO_185,BO_153,G1,n,1,TRUE,FALSE,TRUE,1,1,2021-12-06,2021-11-11,2021-11-17,2022-03-25,2022-04-01,7,109,134,128,23.653,351.38,35.199,16.28,2.162100737100737,0.4625131395778289,13.89,-30.47,2.69,0,3,3,8,0,NA,NA,NA,NA,NA,1,1,1,0,0
2022,181,1,2,6,BO_088,BO_050,G1,n,4,TRUE,FALSE,TRUE,4,4,2021-12-06,2021-11-11,2021-11-17,2022-04-08,2022-04-08,0,123,148,142,NA,NA,24.271,1.67,14.533532934131738,0.06880639446252729,NA,NA,NA,0,0,0,1,0,NA,NA,NA,0,0,1,1,0,0,0
2022,182,6,2,6,BO_001,BO_025,G1,R,7,TRUE,TRUE,TRUE,7,"6,3,7",2021-12-06,2021-11-11,2021-11-17,2022-03-25,2022-05-20,56,109,134,128,24.463,351.73,27.189,2.72,9.995955882352941,0.10004045753797491,50.6,-29.32,3.97,4,2,6,7,0,NA,NA,0,0,0,1,1,1,1,0
2022,183,2,2,6,BO_177,BO_147,G1,n,8,TRUE,FALSE,TRUE,8,8,2021-12-06,2021-11-11,2021-11-17,2022-04-01,2022-05-25,54,116,141,135,NA,NA,49.489,3.18,15.5625786163522,0.06425670350987088,16.01,-28.71,3.85,0,0,0,0,0,NA,NA,NA,0,0,1,1,0,0,0
2022,184,6,2,6,BO_032,BO_132,G1,n,6,TRUE,FALSE,TRUE,6,6,2021-12-06,2021-11-11,2021-11-17,2022-03-25,2022-05-20,56,109,134,128,20.324,254.147,94.448,8.5,11.111529411764705,0.08999661189225817,47.96,-27.29,3.5,0,3,3,0,0,NA,NA,NA,NA,NA,1,1,1,0,0
2022,185,1,2,6,BO_151,BO_056,G1,n,8,TRUE,FALSE,TRUE,8,8,2021-12-06,2021-11-11,2021-11-17,2022-03-25,2022-05-25,61,109,134,128,25.34,324.399,30.207,1.54,19.614935064935064,0.050981560565431856,66.4,-27.71,3.94,3,14,17,5,10,4.86,NA,3.3333333333333335,56.66666666666667,57,1,1,1,1,1
2022,186,2,2,6,BO_038,BO_137,G1,R,2,TRUE,TRUE,TRUE,2,"2,7",2021-12-06,2021-11-11,2021-11-17,2022-03-17,2022-05-25,69,101,126,120,27.523,444.991,110.558,15.34,7.207170795306389,0.13875070098952585,47.75,-29.49,3.57,2,2,4,0,3,4.786666666666666,NA,1.5,6,6,1,1,1,1,1
2022,187,5,2,6,BO_188,BO_052,G1,n,2,TRUE,FALSE,TRUE,2,NA,2021-12-06,2021-11-11,2021-11-17,2022-03-25,2022-04-08,14,109,134,128,23.449,321.885,75.22,5.38,13.981412639405205,0.0715235309758043,31.09,-28.38,4.2,0,6,6,2,0,NA,NA,NA,NA,NA,1,1,1,0,0
2022,188,4,2,6,BO_074,BO_118,G1,n,1,TRUE,FALSE,TRUE,1,1,2021-12-06,2021-11-11,2021-11-17,2022-03-25,2022-03-25,0,109,134,128,NA,NA,11.293,0.84,13.444047619047618,0.07438236075444966,6.29,-29.7,2.07,0,2,2,1,0,NA,NA,NA,NA,NA,1,1,1,0,0
2022,189,2,2,6,BO_177,BO_139,G1,n,8,TRUE,FALSE,TRUE,8,8,2021-12-06,2021-11-11,2021-11-17,2022-03-25,2022-05-25,61,109,134,128,18.316,177.226,25.169,1.73,14.548554913294797,0.06873534904048631,21.12,-27.85,5.59,0,0,0,1,0,NA,NA,NA,0,0,1,1,0,0,0
2022,190,5,2,6,BO_065,BO_078,G1,n,4,TRUE,FALSE,TRUE,4,4,2021-12-06,2021-11-11,2021-11-17,2022-03-25,2022-04-01,7,109,134,128,19.507,198.908,39.695,0.95,41.78421052631579,0.023932485199647312,5.33,NA,NA,1,0,1,3,1,4.48,NA,1,1,1,1,1,1,1,1
2022,191,4,2,6,BO_192,BO_127,G1,R,2,TRUE,TRUE,TRUE,2,"5,2,7",2021-12-06,2021-11-11,2021-11-17,2022-03-25,2022-05-25,61,109,134,128,31.998,570.21,34.674,3.01,11.519601328903654,0.0868085597277499,NA,-29.44,4.41,0,4,4,0,0,NA,NA,NA,NA,NA,1,1,1,0,0
2022,192,6,2,6,BO_201,BO_130,G1,R,2,TRUE,TRUE,TRUE,2,"2,3,8",2021-12-06,2021-11-11,2021-11-17,2022-03-25,2022-04-01,7,109,134,128,NA,NA,42.803,2.82,15.178368794326241,0.06588323248370441,NA,-26.87,4.05,0,0,0,0,0,NA,NA,NA,0,0,1,1,0,0,0
2022,193,2,2,6,BO_130,BO_120,G1,n,7,TRUE,FALSE,TRUE,7,7,2021-12-06,2021-11-11,2021-11-17,2022-03-17,2022-05-25,69,101,126,120,16.146,154.946,17.625,1.67,10.553892215568863,0.09475177304964538,NA,-26.95,3.27,0,1,1,4,0,NA,NA,NA,NA,NA,1,1,1,0,0
2022,194,3,2,6,BO_039,BO_200,G1,n,8,TRUE,FALSE,TRUE,8,8,2021-12-06,2021-11-11,2021-11-17,2022-04-01,2022-04-01,0,116,141,135,NA,NA,41.954,3.05,13.755409836065574,0.07269866997187395,NA,NA,NA,2,0,2,0,6,1.4033333333333333,NA,3,6,6,1,1,1,1,1
2022,195,6,2,6,BO_149,BO_032,G1,n,4,TRUE,FALSE,TRUE,4,NA,2021-12-06,2021-11-11,2021-11-17,2022-04-28,2022-04-28,0,143,168,162,NA,NA,NA,NA,NA,NA,17.06,-27.1,3.09,1,0,1,1,0,NA,NA,0,0,0,1,1,1,1,0
2022,196,4,2,6,BO_073,BO_070,G1,n,5,TRUE,FALSE,TRUE,5,5,2021-12-06,2021-11-11,2021-11-17,2022-03-25,2022-05-12,48,109,134,128,27.011,419.945,43.243,0.8,54.05375,0.018500104063085356,NA,-28.28,2.33,2,7,9,2,5,3.13,NA,2.5,22.5,22,1,1,1,1,1
2022,197,6,2,6,BO_032,BO_096,G1,n,4,TRUE,FALSE,TRUE,4,4,2021-12-06,2021-11-11,2021-11-17,2022-03-25,2022-05-25,61,109,134,128,NA,NA,NA,NA,NA,NA,NA,NA,NA,0,0,0,0,0,NA,NA,NA,0,0,1,1,0,0,0
2022,198,2,2,6,BO_130,BO_161,G1,n,1,TRUE,FALSE,TRUE,1,1,2021-12-06,2021-11-11,2021-11-17,2022-03-25,2022-05-05,41,109,134,128,NA,NA,26.736,1.9,14.071578947368423,0.0710652304009575,18.88,-27.77,3.92,1,3,4,0,0,NA,NA,0,0,0,1,1,1,1,0
2022,199,6,2,6,BO_153,BO_157,G1,n,6,TRUE,FALSE,TRUE,6,6,2021-12-06,2021-11-11,2021-11-17,2022-03-17,2022-04-28,42,101,126,120,20.086,268.221,NA,NA,NA,NA,59.17,-28.12,3.83,4,14,18,0,5,2.5175,0.15202795795510762,1.25,22.5,22,1,1,1,1,1
2022,200,2,2,6,BO_029,BO_090,G1,n,1,TRUE,FALSE,TRUE,1,1,2021-12-06,2021-11-11,2021-11-17,2022-03-25,2022-04-28,34,109,134,128,21.426,293.91,19.981,1.46,13.685616438356165,0.07306941594514789,22,-28.18,4.39,2,2,4,13,1,2.68,NA,0.5,2,2,1,1,1,1,1
2022,201,1,2,6,BO_106,BO_191,G1,n,4,TRUE,FALSE,TRUE,4,4,2021-12-06,2021-11-11,2021-11-17,2022-03-25,2022-05-25,61,109,134,128,22.137,273.258,NA,NA,NA,NA,107.79,-29.44,3.15,4,16,20,0,0,NA,NA,0,0,0,1,1,1,1,0
2022,202,6,2,6,BO_001,BO_151,G1,R,8,TRUE,TRUE,TRUE,8,"6,3,8",2021-12-06,2021-11-11,2021-11-17,2022-03-25,2022-04-01,7,109,134,128,NA,NA,38.293,2.31,16.577056277056275,0.0603243412634163,15.44,-28.52,2.43,1,0,1,0,2,9.325,NA,2,2,2,1,1,1,1,1
2022,203,2,2,6,BO_189,BO_142,G1,R,4,TRUE,TRUE,TRUE,4,"7,4",2021-12-06,2021-11-11,2021-11-17,2022-03-25,2022-05-12,48,109,134,128,23.631,362.558,17.152,1.1,15.592727272727272,0.06413246268656717,39.48,-27.99,4.76,2,17,19,0,0,NA,NA,0,0,0,1,1,1,1,0
2022,204,2,2,6,BO_130,BO_174,G1,n,1,TRUE,FALSE,TRUE,1,1,2021-12-06,2021-11-11,2021-11-17,2022-03-25,2022-05-12,48,109,134,128,25.236,417.303,NA,NA,NA,NA,11.83,-28.66,4.44,2,2,4,2,3,5.003333333333333,NA,1.5,6,6,1,1,1,1,1
2022,205,3,2,6,BO_198,BO_158,G1,n,2,TRUE,FALSE,TRUE,2,2,2021-12-06,2021-11-11,2021-11-17,2022-03-25,2022-05-20,56,109,134,128,NA,NA,38.091,2.29,16.63362445414847,0.060119188259693895,NA,-25.77,3.91,0,9,9,0,0,NA,NA,NA,NA,NA,1,1,1,0,0
2022,206,1,2,6,BO_101,BO_182,G1,R,5,TRUE,TRUE,TRUE,5,"5,7,8",2021-12-06,2021-11-11,2021-11-17,2022-03-25,2022-05-20,56,109,134,128,22.202,289.704,11.368,0.75,15.157333333333334,0.0659746657283603,89.89,-28.44,3.14,4,9,13,0,11,2.2145454545454544,NA,2.75,35.75,36,1,1,1,1,1
2022,207,1,2,7,BO_101,BO_080,G1,R,2,TRUE,TRUE,TRUE,2,2,2021-12-06,2021-11-11,2021-11-17,2022-04-01,2022-04-01,0,116,141,135,25.146,336.048,NA,NA,NA,NA,NA,NA,NA,0,0,0,0,0,NA,NA,NA,0,0,1,1,0,0,0
2022,208,6,2,7,BO_040,BO_029,G1,n,1,TRUE,FALSE,TRUE,1,1,2021-12-06,2021-11-11,2021-11-17,2022-04-01,2022-04-08,7,116,141,135,21.955,278.575,NA,NA,NA,NA,NA,NA,NA,0,0,0,0,0,NA,NA,NA,0,0,1,1,0,0,0
2022,209,6,2,7,BO_201,BO_189,G1,R,4,TRUE,TRUE,TRUE,4,"6,3,4",2021-12-06,2021-11-11,2021-11-17,2022-03-25,2022-05-25,61,109,134,128,26.251,479.683,29.332,2,14.666,0.06818491749624983,NA,-27.75,2.39,0,1,1,0,0,NA,NA,NA,NA,NA,1,1,1,0,0
2022,210,1,2,7,BO_106,BO_104,G1,n,2,TRUE,FALSE,TRUE,2,2,2021-12-06,2021-11-11,2021-11-17,2022-03-25,2022-05-25,61,109,134,128,28.575,410.723,NA,NA,NA,NA,NA,-27.53,4.06,4,6,10,1,2,1.67,0.22627416997969527,0.5,5,5,1,1,1,1,1
2022,211,4,2,7,BO_170,BO_055,G1,n,2,TRUE,FALSE,TRUE,2,2,2021-12-06,2021-11-11,2021-11-17,2022-04-01,2022-05-25,54,116,141,135,24.914,366.932,15.098,0.97,15.564948453608249,0.06424692012187044,92.13,-26.77,4.63,1,0,1,4,1,5.05,NA,1,1,1,1,1,1,1,1
2022,212,2,2,7,BO_187,BO_135,G1,n,3,TRUE,FALSE,TRUE,3,3,2021-12-06,2021-11-11,2021-11-17,2022-04-08,2022-04-28,20,123,148,142,19.963,240.76,24.348,1.17,20.81025641025641,0.048053228191227204,8.06,-29.31,3.06,2,1,3,7,3,1.6033333333333333,NA,1.5,4.5,4,1,1,1,1,1
2022,213,6,2,7,BO_069,BO_043,G1,n,7,TRUE,FALSE,TRUE,7,7,2021-12-06,2021-11-11,2021-11-17,2022-04-01,2022-04-08,7,116,141,135,21.629,NA,NA,NA,NA,NA,NA,NA,NA,0,0,0,0,0,NA,NA,NA,0,0,1,1,0,0,0
2022,214,6,2,7,BO_040,BO_067,G1,n,2,TRUE,FALSE,TRUE,2,2,2021-12-06,2021-11-11,2021-11-17,2022-04-01,2022-04-08,7,116,141,135,NA,NA,18.594,1.26,14.757142857142858,0.06776379477250725,13.25,-28.28,3.89,0,0,0,12,0,NA,NA,NA,0,0,1,1,0,0,0
2022,215,6,2,7,BO_153,BO_177,G1,n,6,TRUE,FALSE,TRUE,6,6,2021-12-21,2021-11-11,2021-11-17,2022-03-25,2022-05-25,61,94,134,128,NA,NA,30.637,1.5,20.424666666666667,0.04896040735058916,NA,NA,NA,0,0,0,13,0,NA,NA,NA,0,0,1,1,0,0,0
2022,216,1,2,7,BO_128,BO_105,G1,n,6,TRUE,FALSE,TRUE,6,6,2021-12-06,2021-11-11,2021-11-17,2022-04-01,2022-04-13,12,116,141,135,20.612,217.855,25.922,1.59,16.30314465408805,0.061337859733045286,20.18,-28.73,2.6,0,0,0,0,0,NA,NA,NA,0,0,1,1,0,0,0
2022,217,1,2,7,BO_101,BO_024,G1,R,4,TRUE,TRUE,TRUE,4,"7,4,8",2021-12-06,2021-11-11,2021-11-17,2022-03-25,2022-05-20,56,109,134,128,24.395,274.93,24.834,1.88,13.209574468085107,0.07570266570024965,NA,NA,NA,2,0,2,0,0,NA,NA,0,0,0,1,1,1,1,0
2022,218,3,2,7,BO_039,BO_087,G1,n,3,TRUE,FALSE,TRUE,3,3,2021-12-21,2021-11-11,2021-11-17,2022-04-01,2022-04-01,0,101,141,135,NA,NA,40.97,3.39,12.085545722713864,0.08274347083231634,10.95,-28.86,3.08,0,0,0,0,0,NA,NA,NA,0,0,1,1,0,0,0
2022,219,5,2,7,BO_194,BO_125,G1,n,7,TRUE,FALSE,TRUE,7,7,2021-12-15,2021-11-11,2021-11-17,2022-03-17,2022-04-13,27,92,126,120,NA,NA,23.846,1.43,16.675524475524476,0.05996812882663759,28.13,-28.36,3.22,5,1,6,21,13,3.7869230769230766,NA,2.6,15.600000000000001,16,1,1,1,1,1
2022,220,1,2,7,BO_119,BO_013,G1,n,3,TRUE,FALSE,TRUE,3,3,2021-12-06,2021-11-11,2021-11-17,2022-03-17,2022-04-08,22,101,126,120,22.562,303.627,20.185,1.1,18.349999999999998,0.054495912806539516,NA,-28.92,5.23,1,0,1,4,0,NA,NA,0,0,0,1,1,1,1,0
2022,221,2,2,7,BO_187,BO_150,G1,n,3,TRUE,FALSE,TRUE,3,3,2021-12-06,2021-11-11,2021-11-17,2022-03-25,2022-04-08,14,109,134,128,NA,NA,24.112,1.42,16.980281690140846,0.05889183808891838,11.48,-28.59,2.64,2,0,2,4,1,4.8,NA,0.5,1,1,1,1,1,1,1
2022,222,5,2,7,BO_058,BO_094,G1,n,1,TRUE,FALSE,TRUE,1,1,2021-12-06,2021-11-11,2021-11-17,2022-03-25,2022-04-01,7,109,134,128,24.06,331.286,19.881,0.97,20.495876288659794,0.04879030229867713,79.65,-28.56,4.11,0,0,0,9,0,NA,NA,NA,0,0,1,1,0,0,0
2022,223,6,2,7,BO_149,BO_185,G1,n,2,TRUE,FALSE,TRUE,2,2,2021-12-06,2021-11-11,2021-11-17,2022-03-25,2022-03-25,0,109,134,128,23.781,353.532,NA,NA,NA,NA,NA,NA,NA,0,0,0,0,0,NA,NA,NA,0,0,1,1,0,0,0
2022,224,4,2,7,BO_033,BO_124,G1,n,7,TRUE,FALSE,TRUE,7,7,2021-12-06,2021-11-11,2021-11-17,2022-03-25,2022-05-25,61,109,134,128,25.822,388.514,55.489,5.01,11.07564870259481,0.09028816522193588,26.27,-28,3.07,1,4,5,6,0,NA,NA,0,0,0,1,1,1,1,0
2022,225,4,2,7,BO_192,BO_166,G1,R,1,TRUE,TRUE,TRUE,1,"1,5,7",2021-12-06,2021-11-11,2021-11-17,2022-03-25,2022-04-28,34,109,134,128,27.503,470.827,21.487,1.55,13.86258064516129,0.07213664075952902,56.59,-26.62,4.16,0,6,6,0,0,NA,NA,NA,NA,NA,1,1,1,0,0
2022,226,3,2,7,BO_163,BO_072,G1,n,7,TRUE,FALSE,TRUE,7,7,2021-12-06,2021-11-11,2021-11-17,2022-03-25,2022-04-01,7,109,134,128,NA,NA,38.493,2.53,15.214624505928855,0.0657262359390019,7.04,-29.18,1.5,1,0,1,1,2,5.815,NA,2,2,2,1,1,1,1,1
2022,227,2,2,7,BO_199,BO_069,G1,n,5,TRUE,FALSE,TRUE,5,5,2021-12-06,2021-11-11,2021-11-17,2022-04-01,2022-04-13,12,116,141,135,NA,NA,NA,NA,NA,NA,19.91,-26.95,3.59,0,0,0,0,0,NA,NA,NA,0,0,1,1,0,0,0
2022,228,3,2,7,BO_198,BO_159,G1,n,1,TRUE,FALSE,TRUE,1,1,2021-12-06,2021-11-11,2021-11-17,2022-04-08,2022-05-25,47,123,148,142,NA,NA,35.242,2.32,15.190517241379311,0.06583054310198058,17.92,-26.39,2.92,0,0,0,0,0,NA,NA,NA,0,0,1,1,0,0,0
2022,229,4,2,7,BO_033,BO_099,G1,n,7,TRUE,FALSE,TRUE,7,7,2021-12-06,2021-11-11,2021-11-17,2022-03-25,2022-04-21,27,109,134,128,26.097,410.848,46.87,3.05,15.3672131147541,0.06507360785150415,28.77,-29.59,3.07,3,0,3,3,1,2.13,NA,0.3333333333333333,1,1,1,1,1,1,1
2022,230,5,2,7,BO_162,BO_164,G1,n,6,TRUE,FALSE,TRUE,6,6,2021-12-06,2021-11-11,2021-11-17,2022-03-25,2022-04-28,34,109,134,128,NA,NA,33.858,2.01,16.844776119402987,0.05936558568137515,5.24,NA,NA,1,0,1,5,1,3.73,NA,1,1,1,1,1,1,1,1
2022,231,5,2,7,BO_168,BO_155,G1,n,8,TRUE,FALSE,TRUE,8,8,2021-12-29,2021-11-11,2021-11-17,2022-04-01,2022-05-25,54,93,141,135,23.287,315.428,NA,NA,NA,NA,47.89,-29.09,1.93,3,0,3,2,13,3.3633333333333333,0.0659966329107447,4.333333333333333,13,13,1,1,1,1,1
2022,232,5,2,7,BO_058,BO_123,G1,n,1,TRUE,FALSE,TRUE,1,1,2021-12-06,2021-11-11,2021-11-17,2022-04-01,2022-05-12,41,116,141,135,27.708,438.406,58.799,4.05,14.518271604938272,0.06887872242725217,111.12,-27.6,4.49,1,0,1,0,3,3.356666666666667,NA,3,3,3,1,1,1,1,1
2022,233,5,2,8,BO_143,BO_152,G1,R,6,TRUE,TRUE,TRUE,6,"5,6,4",2021-12-06,2021-11-11,2021-11-17,2022-03-25,2022-05-25,61,109,134,128,26.308,418.663,38.451,2.69,14.294052044609666,0.06995916881225456,NA,-29.22,1.98,1,1,2,0,2,10.995,NA,2,4,4,1,1,1,1,1
2022,234,6,2,8,BO_032,BO_088,G1,n,1,TRUE,FALSE,TRUE,1,1,2021-12-06,2021-11-11,2021-11-17,2022-03-25,2022-05-25,61,109,134,128,24.12,366.037,30.162,2.15,14.028837209302326,0.07128174524235793,NA,NA,NA,2,1,3,8,7,3.1442857142857146,NA,3.5,10.5,10,1,1,1,1,1
2022,235,5,2,8,BO_173,BO_054,G1,n,8,TRUE,FALSE,TRUE,8,8,2021-12-06,2021-11-11,2021-11-17,2022-03-25,2022-04-08,14,109,134,128,28.315,470.325,18.543,1.35,13.735555555555553,0.07280375343795503,13.15,-29.95,1.73,0,0,0,2,0,NA,NA,NA,0,0,1,1,0,0,0
2022,236,6,2,8,BO_183,BO_116,G1,n,5,TRUE,FALSE,TRUE,5,5,2021-12-06,2021-11-11,2021-11-17,2022-03-17,2022-04-01,15,101,126,120,NA,NA,NA,NA,NA,NA,NA,-28.32,2.12,1,2,3,0,0,NA,NA,0,0,0,1,1,1,1,0
2022,237,1,2,8,BO_151,BO_148,G1,n,8,TRUE,FALSE,TRUE,8,8,2021-12-06,2021-11-11,2021-11-17,2022-03-25,2022-04-01,7,109,134,128,28.879,447.307,34.745,2.24,15.511160714285712,0.06446970787163622,24.65,-27.63,1.93,0,5,5,9,0,NA,NA,NA,NA,NA,1,1,1,0,0
2022,238,5,2,8,BO_168,BO_180,G1,n,4,TRUE,FALSE,TRUE,4,4,2021-12-06,2021-11-11,2021-11-17,2022-03-17,2022-03-25,8,101,126,120,NA,NA,19.341,1.43,13.525174825174826,0.07393619771469934,6.16,NA,NA,1,1,2,9,0,NA,NA,0,0,0,1,1,1,1,0
2022,239,3,2,8,BO_198,BO_100,G1,n,2,TRUE,FALSE,TRUE,2,2,2021-12-06,2021-11-11,2021-11-17,2022-03-25,2022-04-21,27,109,134,128,26.571,381.094,22.08,1.46,15.123287671232877,0.0661231884057971,53.65,-27.58,3.7,2,2,4,2,1,2.04,NA,0.5,2,2,1,1,1,1,1
2022,240,5,2,8,BO_194,BO_037,G1,n,6,TRUE,FALSE,TRUE,6,6,2021-12-06,2021-11-11,2021-11-17,2022-03-25,2022-04-13,19,109,134,128,19.801,227.839,30.166,2.73,11.04981684981685,0.0904992375522111,NA,NA,NA,0,7,7,13,0,NA,NA,NA,NA,NA,1,1,1,0,0
2022,241,2,2,8,BO_199,BO_018,G1,n,6,TRUE,FALSE,TRUE,6,6,2021-12-06,2021-11-11,2021-11-17,2022-04-01,2022-04-01,0,116,141,135,NA,NA,NA,NA,NA,NA,4.3,NA,NA,0,0,0,3,0,NA,NA,NA,0,0,1,1,0,0,0
2022,242,5,2,8,BO_070,BO_184,G1,n,1,TRUE,FALSE,TRUE,1,1,2021-12-06,2021-11-11,2021-11-17,2022-03-25,2022-03-25,0,109,134,128,NA,NA,14.3756,1.39,10.342158273381296,0.09669161634992626,NA,NA,NA,1,0,1,2,1,9.83,NA,1,1,1,1,1,1,1,1
2022,243,5,2,8,BO_005,BO_019,G1,n,3,TRUE,FALSE,TRUE,3,3,2021-12-06,2021-11-11,2021-11-17,2022-03-17,2022-04-08,22,101,126,120,19.551,216.172,16.96,1.45,11.696551724137931,0.08549528301886793,11.53,-26.62,1.31,1,0,1,3,0,NA,NA,0,0,0,1,1,1,1,0
2022,244,5,2,8,BO_070,BO_066,G1,n,6,TRUE,FALSE,TRUE,6,6,2021-12-06,2021-11-11,2021-11-17,2022-03-25,2022-03-25,0,109,134,128,NA,NA,8.621,1.03,8.36990291262136,0.1194756988748405,NA,NA,NA,0,0,0,1,0,NA,NA,NA,0,0,1,1,0,0,0
2022,245,4,2,8,BO_033,BO_143,G1,n,3,TRUE,FALSE,TRUE,3,3,2021-12-06,2021-11-11,2021-11-17,2022-03-25,2022-04-08,14,109,134,128,16.54,174.549,NA,NA,NA,NA,NA,NA,NA,1,0,1,1,0,NA,NA,0,0,0,1,1,1,1,0
2022,246,3,2,8,BO_163,BO_034,G1,n,4,TRUE,FALSE,TRUE,4,4,2021-12-06,2021-11-11,2021-11-17,2022-03-11,2022-04-13,33,95,120,114,NA,NA,33.659,4.05,8.310864197530865,0.12032443031581448,12.43,-26.92,2.8,1,0,1,3,7,3.1,NA,7,7,7,1,1,1,1,1
2022,247,5,2,8,BO_168,BO_175,G1,n,2,TRUE,FALSE,TRUE,2,2,2021-12-06,2021-11-11,2021-11-17,2022-03-17,2022-05-25,69,101,126,120,31.418,592.123,82.761,2.39,34.628033472803345,0.028878336414494752,NA,NA,NA,0,1,1,2,0,NA,NA,NA,NA,NA,1,1,1,0,0
2022,248,2,2,8,BO_096,BO_134,G1,n,7,TRUE,FALSE,TRUE,7,7,2021-12-06,2021-11-11,2021-11-17,2022-03-25,2022-04-08,14,109,134,128,NA,NA,21.31,1.88,11.335106382978724,0.08822149225715627,33.25,-28.38,2.35,1,5,6,6,1,2.21,NA,1,6,6,1,1,1,1,1
2022,249,5,2,8,BO_173,BO_091,G1,n,2,TRUE,FALSE,TRUE,2,2,2021-12-06,2021-11-11,2021-11-17,2022-03-17,2022-04-21,35,101,126,120,NA,NA,41.01,2.7,15.188888888888886,0.06583760058522313,38.23,-29.08,1.49,9,5,14,3,11,3.425535714285714,1.0705091590892055,1.2222222222222223,17.111111111111114,17,1,1,1,1,1
2022,250,6,2,8,BO_001,BO_048,G1,R,1,TRUE,TRUE,TRUE,1,"1,6,8",2021-12-06,2021-11-11,2021-11-17,2022-03-25,2022-05-25,61,109,134,128,19.228,218.818,18.084,1.99,9.087437185929648,0.11004202610042026,37.86,-27.13,3.82,1,0,1,2,1,2.7,NA,1,1,1,1,1,1,1,1
2022,251,2,2,8,BO_189,BO_126,G1,R,4,TRUE,TRUE,TRUE,4,"1,3,4",2021-12-06,2021-11-11,2021-11-17,2022-04-13,2022-04-28,15,128,153,147,NA,NA,46.62,3.66,12.737704918032785,0.07850707850707853,14.91,-28.92,2.17,5,3,8,4,3,2.535,0.03535533905932756,0.6,4.8,5,1,1,1,1,1
2022,252,4,2,8,BO_192,BO_021,G1,R,6,TRUE,TRUE,TRUE,6,"6,3,4",2021-12-06,2021-11-11,2021-11-17,2022-03-25,2022-05-12,48,109,134,128,NA,NA,44.776,3.24,13.819753086419754,0.07236019296051456,NA,-29.23,3.51,4,6,10,2,12,5.025,1.6192745289171941,3,30,30,1,1,1,1,1
2022,253,2,2,8,BO_029,BO_190,G1,n,3,TRUE,FALSE,TRUE,3,3,2021-12-06,2021-11-11,2021-11-17,2022-03-25,2022-05-05,41,109,134,128,NA,NA,20.139,1.37,14.699999999999998,0.06802721088435375,24.49,-27.84,2.51,0,6,6,0,0,NA,NA,NA,NA,NA,1,1,1,0,0
2022,254,5,2,8,BO_188,BO_154,G1,n,6,TRUE,FALSE,TRUE,6,6,2021-12-06,2021-11-11,2021-11-17,2022-03-25,2022-03-25,0,109,134,128,NA,NA,42.968,3.22,13.344099378881987,0.0749394898529138,3.23,NA,NA,0,1,1,5,0,NA,NA,NA,NA,NA,1,1,1,0,0
2022,255,6,2,8,BO_069,BO_201,G1,n,2,TRUE,FALSE,TRUE,2,2,2021-12-06,2021-11-11,2021-11-17,2022-03-17,2022-04-01,15,101,126,120,20.292,260.426,20.758,1.91,10.868062827225131,0.0920127179882455,6.19,NA,NA,0,2,2,8,0,NA,NA,NA,NA,NA,1,1,1,0,0
2022,256,2,2,8,BO_096,BO_178,G1,n,3,TRUE,FALSE,TRUE,3,3,2021-12-06,2021-11-11,2021-11-17,2022-03-25,2022-04-01,7,109,134,128,NA,NA,NA,NA,NA,NA,5.91,NA,NA,0,2,2,0,0,NA,NA,NA,NA,NA,1,1,1,0,0
2022,257,2,2,8,BO_199,BO_015,G1,n,3,TRUE,FALSE,TRUE,3,3,2021-12-06,2021-11-11,2021-11-17,2022-04-01,2022-05-12,41,116,141,135,22.61,289.728,88.455,5.09,17.37819253438114,0.05754338364139958,NA,NA,NA,2,1,3,0,2,5.38,NA,1,3,3,1,1,1,1,1
2022,258,5,2,8,BO_143,BO_004,G1,R,2,TRUE,TRUE,TRUE,2,2,2021-12-06,2021-11-11,2021-11-17,2022-03-25,2022-05-05,41,109,134,128,22.036,325.356,NA,NA,NA,NA,51.83,-28.68,2.67,3,3,6,0,2,3.22,NA,0.6666666666666666,4,4,1,1,1,1,1
2022,259,5,2,8,BO_005,BO_176,G1,n,1,TRUE,FALSE,TRUE,1,1,2021-12-15,2021-11-11,2021-11-17,2022-03-25,2022-05-20,56,100,134,128,21.641,276.285,NA,NA,NA,NA,62,-27.87,1.3,2,11,13,0,0,NA,NA,0,0,0,1,1,1,1,0
2022,260,2,2,8,BO_022,BO_009,G1,n,7,TRUE,FALSE,TRUE,7,7,2021-12-15,2021-11-11,2021-11-17,2022-03-25,2022-05-20,56,100,134,128,30.47,545.931,NA,NA,NA,NA,136.95,-27.71,4.42,4,31,35,0,2,5.705,NA,0.5,17.5,18,1,1,1,1,1
2022,261,3,2,8,BO_163,BO_144,G1,n,5,TRUE,FALSE,TRUE,5,5,2021-12-06,2021-11-11,2021-11-17,2022-03-25,2022-05-12,48,109,134,128,23.544,284.849,NA,NA,NA,NA,31.15,-29.05,2.09,0,2,2,0,0,NA,NA,NA,NA,NA,1,1,1,0,0
2022,262,1,2,8,BO_088,BO_169,G1,n,1,TRUE,FALSE,TRUE,1,1,2021-12-06,2021-11-11,2021-11-17,2022-03-25,2022-05-20,56,109,134,128,24.308,343.471,87.173,6.59,13.228072837632778,0.07559680176201346,NA,NA,NA,3,25,28,3,8,2.700333333333333,1.0979011289223128,2.6666666666666665,74.66666666666666,75,1,1,1,1,1
2022,263,1,2,8,BO_151,BO_167,G1,n,3,TRUE,FALSE,TRUE,3,3,2021-12-06,2021-11-11,2021-11-17,2022-04-08,2022-05-05,27,123,148,142,NA,NA,NA,NA,NA,NA,NA,NA,NA,1,2,3,0,1,2.1,NA,1,3,3,1,1,1,1,1
2022,264,3,2,8,BO_039,BO_102,G1,n,3,TRUE,FALSE,TRUE,3,3,2021-12-06,2021-11-11,2021-11-17,2022-04-01,2022-05-20,49,116,141,135,NA,NA,NA,NA,NA,NA,NA,NA,NA,3,4,7,11,8,1.93875,NA,2.6666666666666665,18.666666666666664,19,1,1,1,1,1
2022,294,4,3,10,BO_074,BO_027,G1,n,6,TRUE,FALSE,TRUE,6,6,2021-12-06,2021-11-11,2021-11-17,2022-04-01,2022-04-21,20,116,141,135,21.77,315.703,67.962,4.24,16.02877358490566,0.0623878049498249,NA,NA,NA,5,0,5,20,16,2.233125,NA,3.2,16,16,1,1,1,1,1
2022,295,6,3,10,BO_069,BO_043,G1,n,4,TRUE,FALSE,TRUE,4,4,2021-12-06,2021-11-11,2021-11-17,2022-03-25,2022-05-26,62,109,134,128,24.699,381.289,24.737,1.82,13.59175824175824,0.0735739984638396,53.14,-28.29,4.75,4,7,11,26,7,0.7191666666666667,0.04124789556921536,1.75,19.25,19,1,1,1,1,1
2022,296,2,3,10,BO_038,BO_149,G1,R,5,TRUE,TRUE,TRUE,5,"5,6,3",2021-12-06,2021-11-11,2021-11-17,2022-04-01,2022-05-20,49,116,141,135,27.281,460.875,48.064,2.31,20.806926406926408,0.04806091877496671,NA,NA,NA,1,1,2,0,1,5.75,NA,1,2,2,1,1,1,1,1
2022,297,2,3,10,BO_199,BO_018,G1,n,4,TRUE,FALSE,TRUE,4,4,2021-12-06,2021-11-11,2021-11-17,2022-04-01,2022-04-28,27,116,141,135,20.039,248.65,62.527,4.2,14.887380952380951,0.06717098213571737,NA,-29.19,3.52,6,0,6,15,6,1.968,0.4638620484583754,1,6,6,1,1,1,1,1
2022,298,1,3,10,BO_101,BO_080,G1,R,1,TRUE,TRUE,TRUE,1,"1,3,4",2021-12-06,2021-11-11,2021-11-17,2022-03-25,2022-05-20,56,109,134,128,22.379,278.379,NA,NA,NA,NA,13.97,-27.12,2.55,2,0,2,0,6,4.71,0.07778174593051983,3,6,6,1,1,1,1,1
2022,299,5,3,10,BO_194,BO_098,G1,n,1,TRUE,FALSE,TRUE,1,NA,2021-12-06,2021-11-11,2021-11-17,2022-03-25,2022-05-26,62,109,134,128,19.073,202.803,38.796,1.81,21.43425414364641,0.04665429425713991,NA,-29.62,1.23,1,0,1,4,0,NA,NA,0,0,0,1,1,1,1,0
2022,300,1,3,10,BO_088,BO_169,G1,n,5,TRUE,FALSE,TRUE,5,NA,2021-12-06,2021-11-11,2021-11-17,2022-04-01,2022-05-20,49,116,141,135,23.421,345.81,34.256,2.55,13.43372549019608,0.07443951424567959,31.94,-28.37,2.91,1,1,2,6,0,NA,NA,0,0,0,1,1,1,1,0
2022,301,5,3,10,BO_162,BO_089,G1,n,2,TRUE,FALSE,TRUE,2,2,2021-12-06,2021-11-11,2021-11-17,2022-03-25,2022-04-28,34,109,134,128,23.024,355.419,60.297,3.71,16.252560646900267,0.06152876594192083,NA,NA,NA,0,0,0,5,0,NA,NA,NA,0,0,1,1,0,0,0
2022,302,1,3,10,BO_185,BO_085,G1,n,2,TRUE,FALSE,TRUE,2,2,2021-12-06,2021-11-11,2021-11-17,2022-04-08,2022-04-13,5,123,148,142,27.942,451.94,24.138,1.26,19.15714285714286,0.05219985085756897,NA,NA,NA,1,0,1,4,0,NA,NA,0,0,0,1,1,1,1,0
2022,303,4,3,10,BO_170,BO_045,G1,n,6,TRUE,FALSE,TRUE,6,6,2021-12-06,2021-11-11,2021-11-17,2022-04-01,2022-05-12,41,116,141,135,28.386,381.538,63.76,2.8,22.771428571428572,0.043914680050188205,112.4,-27.83,4.61,4,0,4,22,4,4.7275,NA,1,4,4,1,1,1,1,1
2022,304,6,3,10,BO_201,BO_189,G1,R,4,TRUE,TRUE,TRUE,4,"5,3,4",2021-12-06,2021-11-11,2021-11-17,2022-03-25,2022-05-05,41,109,134,128,21.23,267.413,NA,NA,NA,NA,157.48,-27.55,3.78,2,0,2,0,0,NA,NA,0,0,0,1,1,1,1,0
2022,305,2,3,10,BO_189,BO_126,G1,R,2,TRUE,TRUE,TRUE,2,"2,6,4",2021-12-15,2021-11-11,2021-11-17,2022-04-01,2022-04-21,20,107,141,135,NA,NA,28.753,2.42,11.881404958677686,0.08416513059506833,21.28,-28.53,3.23,1,0,1,0,3,0.41,NA,3,3,3,1,1,1,1,1
2022,306,5,3,10,BO_143,BO_195,G1,R,4,TRUE,TRUE,TRUE,4,"6,4,8",2021-12-06,2021-11-11,2021-11-17,2022-04-01,2022-05-26,55,116,141,135,NA,NA,16.791,1.35,12.437777777777777,0.08040021440057174,43.78,-28.36,1.06,1,0,1,0,0,NA,NA,0,0,0,1,1,1,1,0
2022,307,5,3,10,BO_188,BO_052,G1,n,2,TRUE,FALSE,TRUE,2,2,2021-12-06,2021-11-11,2021-11-17,2022-04-01,2022-04-28,27,116,141,135,24.343,385.175,52.625,3.41,15.432551319648093,0.06479809976247031,11.66,-28.18,3.91,2,0,2,2,1,4.89,NA,0.5,1,1,1,1,1,1,1
2022,308,5,3,10,BO_173,BO_054,G1,n,1,TRUE,FALSE,TRUE,1,1,2021-12-06,2021-11-11,2021-11-17,2022-04-01,2022-05-26,55,116,141,135,25.102,386.214,34.926,2.09,16.711004784688996,0.059840806276126667,28.53,-28.09,3.8,1,1,2,3,0,NA,NA,0,0,0,1,1,1,1,0
2022,309,5,3,10,BO_109,BO_028,G1,n,1,TRUE,FALSE,TRUE,1,1,2021-12-06,2021-11-11,2021-11-17,2022-04-08,2022-04-21,13,123,148,142,NA,NA,19.417,1.29,15.051937984496124,0.06643662769737858,NA,NA,NA,1,0,1,2,0,NA,NA,0,0,0,1,1,1,1,0
2022,310,6,3,10,BO_069,BO_201,G1,n,2,TRUE,FALSE,TRUE,2,2,2021-12-06,2021-11-11,2021-11-17,2022-04-01,2022-05-26,55,116,141,135,18.307,181.856,55.568,3.4,16.343529411764706,0.0611862942700835,NA,-27.79,2.69,2,2,4,12,0,NA,NA,0,0,0,1,1,1,1,0
2022,311,6,3,10,BO_040,BO_171,G1,n,3,TRUE,FALSE,TRUE,3,3,2021-12-06,2021-11-11,2021-11-17,2022-04-01,2022-04-21,20,116,141,135,19.786,247.575,21.016,1,21.016,0.04758279406166731,14.36,-28.18,1.55,0,2,2,2,0,NA,NA,NA,NA,NA,1,1,1,0,0
2022,312,5,3,10,BO_173,BO_091,G1,n,6,TRUE,FALSE,TRUE,6,6,2021-12-06,2021-11-11,2021-11-17,2022-03-25,2022-04-08,14,109,134,128,20.397,239.677,39.177,2.39,16.39205020920502,0.0610051816116599,NA,-28.23,2.71,0,0,0,9,0,NA,NA,NA,0,0,1,1,0,0,0
2022,313,1,3,10,BO_128,BO_044,G1,n,6,TRUE,FALSE,TRUE,6,6,2021-12-06,2021-11-11,2021-11-17,2022-03-25,2022-05-20,56,109,134,128,18.008,205.72,12.482,0.81,15.409876543209874,0.06489344656305081,9.2,-28.5,4.29,1,0,1,0,1,4.53,NA,1,1,1,1,1,1,1,1
2022,314,2,3,10,BO_177,BO_121,G1,n,8,TRUE,FALSE,TRUE,8,8,2021-12-06,2021-11-11,2021-11-17,2022-03-17,2022-04-08,22,101,126,120,NA,NA,14.518,0.73,19.887671232876713,0.05028240804518529,NA,NA,NA,0,0,0,8,0,NA,NA,NA,0,0,1,1,0,0,0
2022,315,5,3,10,BO_065,BO_078,G1,n,6,TRUE,FALSE,TRUE,6,6,2021-12-06,2021-11-11,2021-11-17,2022-04-01,2022-05-12,41,116,141,135,25.881,396.359,NA,NA,NA,NA,NA,NA,NA,1,0,1,0,0,NA,NA,0,0,0,1,1,1,1,0
2022,316,2,3,10,BO_096,BO_178,G1,n,3,TRUE,FALSE,TRUE,3,3,2021-12-06,2021-11-11,2021-11-17,2022-04-01,2022-04-08,7,116,141,135,19.749,261.406,NA,NA,NA,NA,10.49,-27.61,1.35,1,0,1,0,1,5.58,NA,1,1,1,1,1,1,1,1
2022,317,2,3,10,BO_187,BO_031,G1,n,5,TRUE,FALSE,TRUE,5,5,2021-12-06,2021-11-11,2021-11-17,2022-04-01,2022-04-28,27,116,141,135,NA,NA,15.481,1.19,13.009243697478992,0.07686841935275499,5.31,NA,NA,1,0,1,6,3,1.8966666666666667,NA,3,3,3,1,1,1,1,1
2022,318,5,3,10,BO_070,BO_184,G1,n,5,TRUE,FALSE,TRUE,5,5,2021-12-21,2021-11-11,2021-11-17,2022-04-01,2022-04-08,7,101,141,135,21.636,276.639,20.188,0.93,21.707526881720426,0.046066970477511404,4.04,NA,NA,2,0,2,2,4,2.4025,NA,2,4,4,1,1,1,1,1
2022,319,6,3,10,BO_153,BO_157,G1,n,5,TRUE,FALSE,TRUE,5,5,2021-12-06,2021-11-11,2021-11-17,2022-03-25,2022-04-13,19,109,134,128,15.457,132.847,NA,NA,NA,NA,4.62,NA,NA,3,0,3,1,6,2.2416666666666667,NA,2,6,6,1,1,1,1,1
2022,320,4,3,10,BO_170,BO_055,G1,n,4,TRUE,FALSE,TRUE,4,4,2021-12-06,2021-11-11,2021-11-17,2022-03-25,2022-05-20,56,109,134,128,20.353,237.153,12.52,0.72,17.38888888888889,0.05750798722044728,NA,-27.18,4.79,2,8,10,2,1,3.68,NA,0.5,5,5,1,1,1,1,1
2022,321,2,3,10,BO_189,BO_142,G1,R,1,TRUE,TRUE,TRUE,1,"1,7,8",2021-12-15,2021-11-11,2021-11-17,2022-03-25,2022-05-20,56,100,134,128,21.115,239.57,NA,NA,NA,NA,25.7,-27.28,3.35,1,0,1,0,2,2.835,NA,2,2,2,1,1,1,1,1
2022,322,6,3,10,BO_183,BO_063,G1,n,8,TRUE,FALSE,TRUE,8,8,2021-12-06,2021-11-11,2021-11-17,2022-03-25,2022-05-26,62,109,134,128,17.072,199.991,NA,NA,NA,NA,NA,-28.87,2.55,0,0,0,0,0,NA,NA,NA,0,0,1,1,0,0,0
2022,323,6,3,10,BO_183,BO_198,G1,n,8,TRUE,FALSE,TRUE,8,8,2021-12-06,2021-11-11,2021-11-17,2022-03-25,2022-04-13,19,109,134,128,23.507,315.521,38.054,1.75,21.74514285714286,0.04598728123193356,28.19,-27.76,1.29,2,0,2,2,0,NA,NA,0,0,0,1,1,1,1,0
2022,324,1,3,10,BO_088,BO_140,G1,n,4,TRUE,FALSE,TRUE,4,4,2021-12-06,2021-11-11,2021-11-17,2022-03-25,2022-04-08,14,109,134,128,NA,NA,NA,NA,NA,NA,NA,NA,NA,1,0,1,0,0,NA,NA,0,0,0,1,1,1,1,0
2022,325,4,3,10,BO_192,BO_127,G1,R,7,TRUE,TRUE,TRUE,7,"2,3,7",2021-12-06,2021-11-11,2021-11-17,2022-04-08,2022-05-20,42,123,148,142,NA,NA,7.665,0.53,14.462264150943396,0.06914546640574037,NA,-27.87,2.13,0,0,0,0,0,NA,NA,NA,0,0,1,1,0,0,0
2022,326,2,3,10,BO_130,BO_161,G1,n,6,TRUE,FALSE,TRUE,6,6,2021-12-06,2021-11-11,2021-11-17,2022-03-25,2022-05-26,62,109,134,128,28.766,527.496,42.145,2.06,20.45873786407767,0.04887887056590343,NA,NA,NA,0,0,0,2,0,NA,NA,NA,0,0,1,1,0,0,0
2022,328,6,3,10,BO_069,BO_145,G1,n,2,TRUE,FALSE,TRUE,2,2,2021-12-06,2021-11-11,2021-11-17,2022-03-25,2022-05-20,56,109,134,128,17.747,187.199,13.839,0.69,20.05652173913044,0.049859093865163656,42.66,-26.62,3.31,1,3,4,0,0,NA,NA,0,0,0,1,1,1,1,0
2022,329,1,3,10,BO_151,BO_056,G1,n,7,TRUE,FALSE,TRUE,7,7,2021-12-29,2021-11-11,2021-11-17,2022-04-08,2022-05-20,42,100,148,142,19.363,248.054,28.97,1.57,18.452229299363054,0.05419399378667588,58.38,-27.34,2.88,0,0,0,0,0,NA,NA,NA,0,0,1,1,0,0,0
2022,334,5,3,11,BO_162,BO_108,G1,n,3,TRUE,FALSE,TRUE,3,3,2021-12-06,2021-11-11,2021-11-17,2022-03-25,2022-05-12,48,109,134,128,NA,NA,35.65,2.54,14.03543307086614,0.07124824684431978,NA,NA,NA,0,0,0,5,0,NA,NA,NA,0,0,1,1,0,0,0
2022,335,6,3,11,BO_201,BO_130,G1,R,5,TRUE,TRUE,TRUE,5,"5,6,7",2021-12-06,2021-11-11,2021-11-17,2022-03-25,2022-04-08,14,109,134,128,NA,NA,51.006,3.29,15.503343465045592,0.0645022154256362,NA,-28.48,1.49,4,1,5,0,0,NA,NA,0,0,0,1,1,1,1,0
2022,336,1,3,11,BO_128,BO_060,G1,n,7,TRUE,FALSE,TRUE,7,7,2021-12-06,2021-11-11,2021-11-17,2022-03-25,2022-05-05,41,109,134,128,24.204,352.55,92.364,4.78,19.323012552301254,0.05175176475683167,NA,NA,NA,0,0,0,14,0,NA,NA,NA,0,0,1,1,0,0,0
2022,337,1,3,11,BO_119,BO_013,G1,n,6,TRUE,FALSE,TRUE,6,6,2021-12-06,2021-11-11,2021-11-17,2022-03-25,2022-05-26,62,109,134,128,21.342,258.458,31.356,1.81,17.32375690607735,0.05772419951524429,62.57,-29.44,3.5,4,3,7,0,5,5.57375,0.2633972759919887,1.25,8.75,9,1,1,1,1,1
2022,338,3,3,11,BO_039,BO_200,G1,n,6,TRUE,FALSE,TRUE,6,6,2021-12-06,2021-11-11,2021-11-17,2022-03-25,2022-05-05,41,109,134,128,19.948,281.66,77.954,3.87,20.14315245478036,0.049644662236703704,361.97,-27.04,4.03,3,10,13,11,3,1.8366666666666667,NA,1,13,13,1,1,1,1,1
2022,339,5,3,11,BO_143,BO_152,G1,R,3,TRUE,TRUE,TRUE,3,"2,3,7",2021-12-06,2021-11-11,2021-11-17,2022-03-25,2022-04-28,34,109,134,128,23.432,332.465,52.02,4.46,11.663677130044844,0.0857362552864283,NA,-30.25,2.54,2,3,5,0,6,4.221666666666667,NA,3,15,15,1,1,1,1,1
2022,340,2,3,11,BO_096,BO_134,G1,n,1,TRUE,FALSE,TRUE,1,1,2021-12-06,2021-11-11,2021-11-17,2022-03-25,2022-05-20,56,109,134,128,29.086,510.306,32.152,1.51,21.29271523178808,0.046964419009703905,84.36,-28.78,3.22,2,26,28,20,10,3.4676190476190474,0.7199020467508754,5,140,140,1,1,1,1,1
2022,341,6,3,11,BO_040,BO_067,G1,n,7,TRUE,FALSE,TRUE,7,7,2021-12-06,2021-11-11,2021-11-17,2022-03-25,2022-05-26,62,109,134,128,NA,NA,47.664,2.48,19.219354838709677,0.05203088284659282,NA,NA,NA,1,0,1,19,1,2.36,NA,1,1,1,1,1,1,1,1
2022,342,5,3,11,BO_065,BO_115,G1,n,1,TRUE,FALSE,TRUE,1,1,2021-12-06,2021-11-11,2021-11-17,2022-04-01,2022-05-12,41,116,141,135,22.747,345.645,36.583,2.1,17.42047619047619,0.057403712106716236,NA,-29.44,3.21,5,1,6,1,18,2.372777777777778,NA,3.6,21.6,22,1,1,1,1,1
2022,343,2,3,11,BO_096,BO_012,G1,n,5,TRUE,FALSE,TRUE,5,5,2021-12-06,2021-11-11,2021-11-17,2022-04-08,2022-05-05,27,123,148,142,NA,NA,30.947,2.12,14.597641509433961,0.06850421688693574,60.85,-29.71,2.52,2,0,2,6,1,3.33,NA,0.5,1,1,1,1,1,1,1
2022,344,2,3,11,BO_177,BO_147,G1,n,4,TRUE,FALSE,TRUE,4,4,2021-12-06,2021-11-11,2021-11-17,2022-04-01,2022-05-12,41,116,141,135,21.792,279.636,21.494,0.95,22.62526315789474,0.04419838094351912,NA,NA,NA,0,0,0,2,0,NA,NA,NA,0,0,1,1,0,0,0
2022,345,2,3,11,BO_199,BO_015,G1,n,6,TRUE,FALSE,TRUE,6,6,2021-12-06,2021-11-11,2021-11-17,2022-03-25,2022-04-13,19,109,134,128,21.89,319.31,12.431,1.06,11.727358490566036,0.08527069423216155,16.05,-29.09,3.36,2,0,2,4,7,4.835714285714286,NA,3.5,7,7,1,1,1,1,1
2022,346,2,3,11,BO_038,BO_137,G1,R,6,TRUE,TRUE,TRUE,6,"1,6,7",2021-12-06,2021-11-11,2021-11-17,2022-03-25,2022-05-20,56,109,134,128,21.723,266.818,32.523,2.2,14.783181818181818,0.06764443624511884,NA,-29.05,4.27,1,1,2,0,6,3.7416666666666667,NA,6,12,12,1,1,1,1,1
2022,347,4,3,11,BO_033,BO_099,G1,n,4,TRUE,FALSE,TRUE,4,4,2021-12-06,2021-11-11,2021-11-17,2022-03-25,2022-04-08,14,109,134,128,22.304,295.159,NA,NA,NA,NA,11.67,-28.57,3.23,2,2,4,0,1,3.15,NA,0.5,2,2,1,1,1,1,1
2022,348,5,3,11,BO_005,BO_176,G1,n,6,TRUE,FALSE,TRUE,6,6,2021-12-06,2021-11-11,2021-11-17,2022-04-08,2022-05-26,48,123,148,142,27.25,445.384,33.061,1.63,20.28282208588957,0.04930280390792777,NA,NA,NA,6,0,6,0,10,3.1706250000000002,1.9100721926801616,1.6666666666666667,10,10,1,1,1,1,1
2022,349,2,3,11,BO_187,BO_150,G1,n,2,TRUE,FALSE,TRUE,2,2,2021-12-06,2021-11-11,2021-11-17,2022-03-25,2022-05-20,56,109,134,128,24.211,371.313,32.244,2.37,13.60506329113924,0.0735020468924451,23.52,-28.39,3.07,0,0,0,4,0,NA,NA,NA,0,0,1,1,0,0,0
2022,350,1,3,11,BO_106,BO_104,G1,n,4,TRUE,FALSE,TRUE,4,4,2021-12-06,2021-11-11,2021-11-17,2022-04-01,2022-05-20,49,116,141,135,34.226,643.49,90.066,6.81,13.225550660792953,0.07561121843981079,53.44,-27.71,3.62,3,2,5,0,1,1.08,NA,0.3333333333333333,1.6666666666666665,2,1,1,1,1,1
2022,351,6,3,11,BO_149,BO_032,G1,n,1,TRUE,FALSE,TRUE,1,1,2021-12-06,2021-11-11,2021-11-17,2022-03-25,2022-05-26,62,109,134,128,21.207,263.376,114.325,6.45,17.724806201550386,0.05641810627596764,81.29,-26.18,2.71,2,0,2,4,2,2.38,NA,1,2,2,1,1,1,1,1
2022,352,1,3,11,BO_128,BO_105,G1,n,4,TRUE,FALSE,TRUE,4,4,2021-12-15,2021-11-11,2021-11-17,2022-04-08,2022-05-26,48,114,148,142,22.272,301.788,NA,NA,NA,NA,NA,NA,NA,0,0,0,0,0,NA,NA,NA,0,0,1,1,0,0,0
2022,354,4,3,11,BO_074,BO_118,G1,n,6,TRUE,FALSE,TRUE,6,6,2021-12-06,2021-11-11,2021-11-17,2022-04-08,2022-05-26,48,123,148,142,NA,NA,NA,NA,NA,NA,23.03,-27.36,2.98,0,1,1,0,0,NA,NA,NA,NA,NA,1,1,1,0,0
2022,356,5,3,11,BO_005,BO_122,G1,n,2,TRUE,FALSE,TRUE,2,2,2021-12-15,2021-11-11,2021-11-17,2022-04-08,2022-05-20,42,114,148,142,NA,NA,NA,NA,NA,NA,NA,NA,NA,0,0,0,0,0,NA,NA,NA,0,0,1,1,0,0,0
2022,357,1,3,11,BO_185,BO_071,G1,n,4,TRUE,FALSE,TRUE,4,4,2021-12-15,2021-11-11,2021-11-17,2022-04-08,2022-04-08,0,114,148,142,18.368,204.704,NA,NA,NA,NA,4.8,-29.89,1.7,2,0,2,0,5,3.16,NA,2.5,5,5,1,1,1,1,1
2022,358,5,3,11,BO_070,BO_046,G1,n,5,TRUE,FALSE,TRUE,5,5,2021-12-06,2021-11-11,2021-11-17,2022-04-08,2022-05-12,34,123,148,142,20.911,283.541,NA,NA,NA,NA,NA,NA,NA,0,0,0,1,0,NA,NA,NA,0,0,1,1,0,0,0
2022,359,6,3,11,BO_153,BO_022,G1,n,5,TRUE,FALSE,TRUE,5,5,2021-12-15,2021-11-11,2021-11-17,2022-03-25,2022-04-08,14,100,134,128,25.365,388.554,22.786,1.27,17.941732283464567,0.05573597823224787,13.71,-27.84,3.38,1,0,1,3,0,NA,NA,0,0,0,1,1,1,1,0
2022,360,5,3,11,BO_168,BO_175,G1,n,5,TRUE,FALSE,TRUE,5,5,2021-12-15,2021-11-11,2021-11-17,2022-03-25,2022-05-20,56,100,134,128,22.972,357.825,27.412,1.66,16.513253012048192,0.06055742010798191,27.98,-28.75,2.69,1,5,6,0,0,NA,NA,0,0,0,1,1,1,1,0
2022,361,2,3,11,BO_199,BO_069,G1,n,6,TRUE,FALSE,TRUE,6,6,2021-12-15,2021-11-11,2021-11-17,2022-04-01,2022-05-05,34,107,141,135,18.645,169.538,NA,NA,NA,NA,NA,NA,NA,3,0,3,0,5,2.348,NA,1.6666666666666667,5,5,1,1,1,1,1
2022,362,2,3,11,BO_029,BO_061,G1,n,1,TRUE,FALSE,TRUE,1,1,2021-12-15,2021-11-11,2021-11-17,2022-04-01,2022-04-13,12,107,141,135,23.203,289.956,89.028,3.97,22.425188916876575,0.04459271240508604,28.61,-28.72,2.92,3,0,3,7,0,NA,NA,0,0,0,1,1,1,1,0
2022,363,6,3,11,BO_001,BO_025,G1,R,8,TRUE,TRUE,TRUE,8,"6,3,8",2021-12-15,2021-11-11,2021-11-17,2022-04-01,2022-04-13,12,107,141,135,28.891,522.788,10.856,0.63,17.23174603174603,0.058032424465733236,NA,-29.01,3.01,0,0,0,2,0,NA,NA,NA,0,0,1,1,0,0,0
2022,364,2,3,11,BO_038,BO_082,G1,R,1,TRUE,TRUE,TRUE,1,"1,5,4",2021-12-15,2021-11-11,2021-11-17,2022-04-08,2022-05-12,34,114,148,142,22.028,288.171,NA,NA,NA,NA,13.39,-28.39,2.31,1,1,2,0,0,NA,NA,0,0,0,1,1,1,1,0
2022,365,5,3,11,BO_168,BO_180,G1,n,1,TRUE,FALSE,TRUE,1,1,2021-12-15,2021-11-11,2021-11-17,2022-04-01,2022-04-28,27,107,141,135,27.111,459.259,27.326,1.46,18.716438356164385,0.053428968747712795,48.19,-28.82,2.68,1,0,1,2,5,2.908,NA,5,5,5,1,1,1,1,1
2022,366,1,3,11,BO_119,BO_051,G1,n,2,TRUE,FALSE,TRUE,2,2,2021-12-15,2021-11-11,2021-11-17,2022-04-08,2022-05-20,42,114,148,142,NA,NA,86.207,3.39,25.42979351032448,0.039323952811256634,50.58,-28.62,4.02,0,0,0,8,0,NA,NA,NA,0,0,1,1,0,0,0
2022,367,5,3,11,BO_173,BO_079,G1,n,3,TRUE,FALSE,TRUE,3,3,2021-12-15,2021-11-11,2021-11-17,2022-03-25,2022-05-26,62,100,134,128,25.354,424.025,NA,NA,NA,NA,NA,NA,NA,5,0,5,0,0,NA,NA,0,0,0,1,1,1,1,0
2022,368,1,3,11,BO_101,BO_182,G1,R,2,TRUE,TRUE,TRUE,2,"1,2",2021-12-15,2021-11-11,2021-11-17,2022-04-08,2022-05-05,27,114,148,142,NA,NA,57.047,3.53,16.160623229461756,0.0618788016898347,7.92,-28.85,3.55,0,0,0,0,0,NA,NA,NA,0,0,1,1,0,0,0
2022,369,3,3,11,BO_198,BO_159,G1,n,7,TRUE,FALSE,TRUE,7,7,2021-12-15,2021-11-11,2021-11-17,2022-04-08,2022-05-12,34,114,148,142,19.118,238.881,NA,NA,NA,NA,NA,-27.91,3.7,1,12,13,0,0,NA,NA,0,0,0,1,1,1,1,0
2022,370,4,3,11,BO_073,BO_117,G1,n,8,TRUE,FALSE,TRUE,8,8,2021-12-15,2021-11-11,2021-11-17,2022-04-08,2022-05-20,42,114,148,142,21.954,236.954,32.81,2.63,12.475285171102662,0.08015848826577263,65.36,-27.96,3.22,0,5,5,2,0,NA,NA,NA,NA,NA,1,1,1,0,0
2022,371,1,3,11,BO_088,BO_050,G1,n,2,TRUE,FALSE,TRUE,2,2,2021-12-15,2021-11-11,2021-11-17,2022-04-13,2022-05-12,29,119,153,147,20.702,234.392,112.522,6.35,17.720000000000002,0.0564334085778781,NA,NA,NA,0,0,0,0,0,NA,NA,NA,0,0,1,1,0,0,0
2022,372,5,3,11,BO_194,BO_037,G1,n,2,TRUE,FALSE,TRUE,2,2,2021-12-06,2021-11-11,2021-11-17,2022-04-08,2022-05-20,42,123,148,142,19.61,233.901,30.749,1.69,18.194674556213016,0.05496113694754302,NA,NA,NA,0,0,0,1,0,NA,NA,NA,0,0,1,1,0,0,0
2022,373,5,3,11,BO_070,BO_066,G1,n,4,TRUE,FALSE,TRUE,4,4,2021-12-15,2021-11-11,2021-11-17,2022-04-08,2022-05-20,42,114,148,142,20.387,267.026,53.276,2.23,23.890582959641257,0.04185749680906975,NA,-26.86,4.87,0,0,0,0,0,NA,NA,NA,0,0,1,1,0,0,0
2022,374,6,3,12,BO_013,BO_114,G1,n,8,TRUE,FALSE,TRUE,8,8,2021-12-15,2021-11-11,2021-11-17,2022-04-01,2022-05-20,49,107,141,135,24.058,NA,50.381,3.03,16.62739273927393,0.060141720092892155,NA,-28.09,2.73,0,4,4,2,0,NA,NA,NA,NA,NA,1,1,1,0,0
2022,375,5,3,12,BO_188,BO_008,G1,n,1,TRUE,FALSE,TRUE,1,1,2021-12-21,2021-11-11,2021-11-17,2022-04-01,2022-04-08,7,101,141,135,NA,NA,29.456,2.33,12.64206008583691,0.07910103204780011,13.71,-27.84,3.24,1,0,1,1,0,NA,NA,0,0,0,1,1,1,1,0
2022,376,6,3,12,BO_153,BO_177,G1,n,8,TRUE,FALSE,TRUE,8,8,NA,2021-11-11,2021-11-17,2022-04-08,2022-05-20,42,NA,148,142,21.275,225.106,NA,NA,NA,NA,NA,NA,NA,0,0,0,0,0,NA,NA,NA,0,0,0,1,0,0,0
2022,377,6,3,12,BO_001,BO_048,G1,R,4,TRUE,TRUE,TRUE,4,"6,4",2021-12-15,2021-11-11,2021-11-17,2022-04-08,2022-05-20,42,114,148,142,NA,NA,83.235,4.85,17.161855670103094,0.05826875713341743,NA,-26.5,3.16,2,0,2,0,1,6.2,NA,0.5,1,1,1,1,1,1,1
2022,378,1,3,12,BO_106,BO_191,G1,n,4,TRUE,FALSE,TRUE,4,4,2021-12-15,2021-11-11,2021-11-17,2022-04-08,2022-05-12,34,114,148,142,23.683,328.996,18.826,1.45,12.98344827586207,0.077021140975247,NA,-28.68,1.8,3,1,4,0,15,3.5075000000000003,0.6823580438450186,5,20,20,1,1,1,1,1
2022,380,6,3,12,BO_013,BO_141,G1,n,1,TRUE,FALSE,TRUE,1,1,2021-12-15,2021-11-11,2021-11-17,2022-04-08,2022-04-08,0,114,148,142,21.213,275.286,12.364,0.88,14.05,0.07117437722419928,NA,NA,NA,0,0,0,0,0,NA,NA,NA,0,0,1,1,0,0,0
2022,381,4,3,12,BO_192,BO_166,G1,R,1,TRUE,TRUE,TRUE,1,"1,6,4",2021-12-15,2021-11-11,2021-11-17,2022-04-01,2022-05-26,55,107,141,135,25.761,425.789,21.932,1.13,19.408849557522124,0.0515228889294182,NA,-26.93,3.31,4,0,4,1,1,3.58,NA,0.25,1,1,1,1,1,1,1
2022,382,4,3,12,BO_073,BO_186,G1,n,2,TRUE,FALSE,TRUE,2,2,2021-12-15,2021-11-11,2021-11-17,2022-04-08,2022-05-20,42,114,148,142,18.948,219.557,NA,NA,NA,NA,137.02,-26.52,3.69,1,10,11,0,2,5.14,NA,2,22,22,1,1,1,1,1
2022,383,2,3,12,BO_022,BO_020,G1,n,6,TRUE,FALSE,TRUE,6,6,2021-12-15,2021-11-11,2021-11-17,2022-04-01,2022-05-20,49,107,141,135,21.52,282.212,27.531,1.64,16.78719512195122,0.05956921288729068,NA,-26.15,1.51,1,2,3,0,2,5.32,NA,2,6,6,1,1,1,1,1
2022,384,5,3,12,BO_109,BO_001,G1,n,8,TRUE,FALSE,TRUE,8,8,2021-12-21,2021-11-11,2021-11-17,2022-04-08,2022-05-26,48,108,148,142,31.062,584.185,93.751,7.53,12.450332005312085,0.08031914326247187,NA,-26.25,4.14,1,7,8,3,0,NA,NA,0,0,0,1,1,1,1,0
2022,385,1,3,12,BO_185,BO_153,G1,n,7,TRUE,FALSE,TRUE,7,7,2021-12-15,2021-11-11,2021-11-17,2022-03-25,2022-05-20,56,100,134,128,NA,NA,31.903,2.03,15.71576354679803,0.0636303795881265,NA,NA,NA,4,0,4,4,4,2.335,NA,1,4,4,1,1,1,1,1
2022,386,4,3,12,BO_170,BO_111,G1,n,2,TRUE,FALSE,TRUE,2,2,2021-12-15,2021-11-11,2021-11-17,2022-04-08,2022-05-26,48,114,148,142,16.365,171.841,NA,NA,NA,NA,NA,NA,NA,2,0,2,0,0,NA,NA,0,0,0,1,1,1,1,0
2022,387,2,3,12,BO_022,BO_009,G1,n,3,TRUE,FALSE,TRUE,3,3,2021-12-15,2021-11-11,2021-11-17,2022-04-28,2022-05-20,22,134,168,162,21.485,299.229,NA,NA,NA,NA,164.73,-25.32,3.29,0,0,0,0,0,NA,NA,NA,0,0,1,1,0,0,0
2022,388,2,3,12,BO_189,BO_086,G1,R,8,TRUE,TRUE,TRUE,8,"5,7,8",2021-12-29,2021-11-11,2021-11-17,2022-04-08,2022-04-13,5,100,148,142,18.064,190.024,43.385,2.74,15.833941605839414,0.06315546847988937,NA,NA,NA,0,0,0,NA,0,NA,NA,NA,0,0,1,1,0,0,0
2022,389,6,3,12,BO_032,BO_096,G1,n,1,TRUE,FALSE,TRUE,1,1,2021-12-15,2021-11-11,2021-11-17,2022-04-08,2022-05-05,27,114,148,142,NA,NA,89.365,5.15,17.352427184466016,0.05762882560286467,NA,NA,NA,0,0,0,2,0,NA,NA,NA,0,0,1,1,0,0,0
2022,390,6,3,12,BO_001,BO_151,G1,R,2,TRUE,TRUE,TRUE,2,"2,3,4",2021-12-15,2021-11-11,2021-11-17,2022-03-25,2022-05-20,56,100,134,128,20.15,263.261,32.945,1.64,20.088414634146343,0.04977993625739869,96.28,-26.14,3.34,3,0,3,0,0,NA,NA,0,0,0,1,1,1,1,0
2022,391,1,3,12,BO_151,BO_167,G1,n,6,TRUE,FALSE,TRUE,6,6,2021-12-15,2021-11-11,2021-11-17,2022-04-08,2022-04-28,20,114,148,142,23.807,292.253,32.909,1.83,17.983060109289617,0.05560788841958127,NA,-29.16,2.99,0,0,0,3,0,NA,NA,NA,0,0,1,1,0,0,0
2022,392,6,3,12,BO_032,BO_132,G1,n,4,TRUE,FALSE,TRUE,4,4,2021-12-21,2021-11-11,2021-11-17,2022-04-21,2022-05-12,21,121,161,155,29.182,494.838,47.037,3.48,13.516379310344828,0.07398431022386631,NA,-28.27,2.26,4,0,4,0,20,2.2365,NA,5,20,20,1,1,1,1,1
2022,393,5,3,12,BO_065,BO_014,G1,n,4,TRUE,FALSE,TRUE,4,4,2021-12-15,2021-11-11,2021-11-17,2022-05-20,2022-05-26,6,156,190,184,17.81,184.022,101.513,8.45,12.01337278106509,0.0832405701732783,NA,NA,NA,1,0,1,0,0,NA,NA,0,0,0,1,1,1,1,0
2022,394,3,3,12,BO_163,BO_144,G1,n,2,TRUE,FALSE,TRUE,2,NA,2021-12-21,2021-11-11,2021-11-17,2022-04-13,2022-05-20,37,113,153,147,23.333,332.421,72.767,4.98,14.61184738955823,0.06843761595228608,NA,NA,NA,2,0,2,2,4,1.9975,NA,2,4,4,1,1,1,1,1
2022,395,2,3,12,BO_029,BO_190,G1,n,1,TRUE,FALSE,TRUE,1,1,2021-12-15,2021-11-11,2021-11-17,2022-04-01,2022-05-20,49,107,141,135,20.979,222.372,17.669,1.64,10.77378048780488,0.09281792970739712,NA,-26.86,3.02,2,0,2,0,7,2.935714285714286,NA,3.5,7,7,1,1,1,1,1
2022,396,6,3,12,BO_040,BO_029,G1,n,2,TRUE,FALSE,TRUE,2,2,2021-12-15,2021-11-11,2021-11-17,2022-04-13,2022-05-26,43,119,153,147,NA,NA,57.954,3.82,15.171204188481676,0.06591434586051005,NA,-27.19,2.19,1,5,6,0,1,4.44,NA,1,6,6,1,1,1,1,1
2022,265,6,3,9,BO_013,BO_053,G1,n,7,TRUE,FALSE,TRUE,7,7,2021-12-06,2021-11-11,2021-11-17,2022-03-25,2022-05-20,56,109,134,128,25.543,315.127,67.365,4.29,15.702797202797202,0.06368292139835227,77.85,-27.97,3.21,0,0,0,8,0,NA,NA,NA,0,0,1,1,0,0,0
2022,266,6,3,9,BO_183,BO_116,G1,n,3,TRUE,FALSE,TRUE,3,NA,2021-12-06,2021-11-11,2021-11-17,NA,NA,NA,NA,NA,NA,15.847,150.285,5.156,0.5,10.312,0.0969743987587277,NA,NA,NA,0,1,1,0,0,NA,NA,NA,NA,NA,1,0,1,0,0
2022,267,6,3,9,BO_149,BO_106,G1,n,6,TRUE,FALSE,TRUE,6,6,2021-12-06,2021-11-11,2021-11-17,2022-03-25,2022-05-20,56,109,134,128,22.04,282.385,25.021,1.95,12.831282051282052,0.07793453499060789,18.61,-27.92,3.66,1,2,3,2,2,4.785,NA,2,6,6,1,1,1,1,1
2022,268,6,3,9,BO_032,BO_088,G1,n,5,TRUE,FALSE,TRUE,5,5,2021-12-06,2021-11-11,2021-11-17,2022-03-25,2022-03-25,0,109,134,128,NA,NA,17.068,1.25,13.6544,0.07323646590110147,NA,NA,NA,1,0,1,9,0,NA,NA,0,0,0,1,1,1,1,0
2022,269,5,3,9,BO_194,BO_125,G1,n,8,TRUE,FALSE,TRUE,8,8,2021-12-06,2021-11-11,2021-11-17,2022-03-25,2022-05-26,62,109,134,128,19.701,244.039,19.262,1.08,17.835185185185185,0.05606894403488734,15.62,-28.3,3.44,4,2,6,5,3,1.7475,0.5975052301026326,0.75,4.5,4,1,1,1,1,1
2022,270,2,3,9,BO_022,BO_146,G1,n,5,TRUE,FALSE,TRUE,5,5,2021-12-06,2021-11-11,2021-11-17,2022-03-25,2022-05-20,56,109,134,128,17.422,181.52,15.838,1.02,15.527450980392155,0.06440207096855664,14.71,-28.88,4.2,2,3,5,1,1,7.06,NA,0.5,2.5,2,1,1,1,1,1
2022,271,4,3,9,BO_073,BO_070,G1,n,4,TRUE,FALSE,TRUE,4,4,2021-12-06,2021-11-11,2021-11-17,2022-04-21,2022-05-05,14,136,161,155,NA,NA,31.478,2.24,14.05267857142857,0.07116081072495077,15.81,-27.6,3.01,2,2,4,4,3,3.283333333333333,NA,1.5,6,6,1,1,1,1,1
2022,272,5,3,9,BO_058,BO_123,G1,n,7,TRUE,FALSE,TRUE,7,7,2021-12-06,2021-11-11,2021-11-17,2022-03-25,2022-04-13,19,109,134,128,23.754,347.857,32.209,3.01,10.700664451827244,0.09345214070601383,22.42,-29.11,3.29,3,3,6,7,10,4.433,NA,3.3333333333333335,20,20,1,1,1,1,1
2022,273,5,3,9,BO_058,BO_094,G1,n,6,TRUE,FALSE,TRUE,6,6,2021-12-06,2021-11-11,2021-11-17,2022-03-25,2022-05-05,41,109,134,128,15.76,145.865,13.012,0.92,14.143478260869566,0.07070396557024285,NA,NA,NA,2,0,2,4,2,2.41,NA,1,2,2,1,1,1,1,1
2022,274,3,3,9,BO_163,BO_072,G1,n,3,TRUE,FALSE,TRUE,3,3,2021-12-06,2021-11-11,2021-11-17,2022-04-01,2022-04-21,20,116,141,135,25.131,370.302,13.358,1.01,13.225742574257426,0.07561012127564007,8.53,-28.49,1.58,3,1,4,1,1,1.98,NA,0.3333333333333333,1.3333333333333333,1,1,1,1,1,1
2022,275,3,3,9,BO_039,BO_102,G1,n,1,TRUE,FALSE,TRUE,1,1,2021-12-06,2021-11-11,2021-11-17,2022-04-01,2022-04-08,7,116,141,135,NA,NA,NA,NA,NA,NA,16.3,-28.49,4.74,1,3,4,0,0,NA,NA,0,0,0,1,1,1,1,0
2022,276,4,3,9,BO_033,BO_143,G1,n,3,TRUE,FALSE,TRUE,3,3,2021-12-06,2021-11-11,2021-11-17,2022-03-25,2022-04-01,7,109,134,128,26.19,379.125,25.719,2.41,10.671784232365145,0.09370504296434543,NA,NA,NA,0,0,0,3,0,NA,NA,NA,0,0,1,1,0,0,0
2022,277,2,3,9,BO_130,BO_174,G1,n,3,TRUE,FALSE,TRUE,3,3,2021-12-06,2021-11-11,2021-11-17,2022-03-25,2022-04-13,19,109,134,128,19.424,240.766,50.119,1.79,27.999441340782123,0.03571499830403639,NA,-29.52,2.59,0,2,2,3,0,NA,NA,NA,NA,NA,1,1,1,0,0
2022,278,5,3,9,BO_109,BO_095,G1,n,6,TRUE,FALSE,TRUE,6,6,2021-12-06,2021-11-11,2021-11-17,2022-03-17,2022-04-08,22,101,126,120,22.234,271.475,NA,NA,NA,NA,NA,NA,NA,5,1,6,4,7,6.174285714285714,NA,1.4,8.399999999999999,8,1,1,1,1,1
2022,279,6,3,9,BO_201,BO_199,G1,R,7,TRUE,TRUE,TRUE,7,"2,7,4",2021-12-06,2021-11-11,2021-11-17,2022-03-17,2022-05-05,49,101,126,120,21.792,288.925,NA,NA,NA,NA,32.99,-27.59,3.8,0,3,3,0,0,NA,NA,NA,NA,NA,1,1,1,0,0
2022,280,3,3,9,BO_163,BO_034,G1,n,7,TRUE,FALSE,TRUE,7,7,2021-12-06,2021-11-11,2021-11-17,2022-03-17,2022-05-26,70,101,126,120,29.283,525.898,40.855,2.99,13.663879598662206,0.07318565659038062,NA,NA,NA,3,6,9,8,2,2.475,NA,0.6666666666666666,6,6,1,1,1,1,1
2022,281,5,3,9,BO_188,BO_154,G1,n,2,TRUE,FALSE,TRUE,2,2,2021-12-06,2021-11-11,2021-11-17,2022-03-25,2022-05-20,56,109,134,128,27.073,368.758,23.354,2.05,11.39219512195122,0.08777939539265223,15.79,-28.17,3.9,5,7,12,3,7,3.354,0.033941125496954314,1.4,16.799999999999997,17,1,1,1,1,1
2022,282,1,3,9,BO_151,BO_148,G1,n,8,TRUE,FALSE,TRUE,8,8,2021-12-06,2021-11-11,2021-11-17,2022-03-17,2022-03-25,8,101,126,120,21.016,238.877,34.7,1.77,19.6045197740113,0.0510086455331412,NA,NA,NA,0,1,1,2,0,NA,NA,NA,NA,NA,1,1,1,0,0
2022,283,1,3,9,BO_101,BO_024,G1,R,3,TRUE,TRUE,TRUE,3,"1,5,3",2021-12-06,2021-11-11,2021-11-17,2022-03-25,2022-04-28,34,109,134,128,NA,NA,26.283,2.69,9.770631970260224,0.10234752501617014,16.86,NA,NA,3,1,4,0,2,2.43,NA,0.6666666666666666,2.6666666666666665,3,1,1,1,1,1
2022,284,2,3,9,BO_029,BO_090,G1,n,2,TRUE,FALSE,TRUE,2,2,2021-12-06,2021-11-11,2021-11-17,2022-03-25,2022-04-01,7,109,134,128,NA,NA,NA,NA,NA,NA,8.97,-29.92,2.23,0,1,1,2,0,NA,NA,NA,NA,NA,1,1,1,0,0
2022,285,5,3,9,BO_143,BO_004,G1,R,3,TRUE,TRUE,TRUE,3,"1,3",2021-12-06,2021-11-11,2021-11-17,2022-03-25,2022-05-20,56,109,134,128,NA,NA,NA,NA,NA,NA,NA,-28.6,2.33,2,0,2,0,2,NA,NA,1,2,2,1,1,1,1,1
2022,286,5,3,9,BO_168,BO_155,G1,n,6,TRUE,FALSE,TRUE,6,6,2021-12-06,2021-11-11,2021-11-17,2022-04-08,2022-05-20,42,123,148,142,19.188,208.346,26.999,1.57,17.1968152866242,0.058150301863031974,29.27,-27.28,4.58,2,4,6,1,0,NA,NA,0,0,0,1,1,1,1,0
2022,287,2,3,9,BO_187,BO_135,G1,n,7,TRUE,FALSE,TRUE,7,7,2021-12-06,2021-11-11,2021-11-17,2022-03-17,2022-04-21,35,101,126,120,26.231,366.946,75.901,6.34,11.971766561514196,0.08352986126664998,NA,NA,NA,0,0,0,4,0,NA,NA,NA,0,0,1,1,0,0,0
2022,288,1,3,9,BO_106,BO_131,G1,n,8,TRUE,FALSE,TRUE,8,8,2021-12-06,2021-11-11,2021-11-17,2022-04-01,2022-04-08,7,116,141,135,22.252,260.087,20.212,1.47,13.749659863945578,0.07272907183851178,18.36,-30.38,2.78,2,1,3,2,3,5.9875,2.202637623396096,1.5,4.5,4,1,1,1,1,1
2022,289,4,3,9,BO_033,BO_124,G1,n,2,TRUE,FALSE,TRUE,2,2,2021-12-06,2021-11-11,2021-11-17,2022-04-01,2022-04-08,7,116,141,135,19.792,211.113,NA,NA,NA,NA,NA,NA,NA,2,2,4,0,4,6.9125,NA,2,8,8,1,1,1,1,1
2022,290,4,3,9,BO_192,BO_021,G1,R,2,TRUE,TRUE,TRUE,2,"2,7,8",2021-12-06,2021-11-11,2021-11-17,2022-04-08,2022-05-12,34,123,148,142,20.626,291.353,NA,NA,NA,NA,NA,-28.6,3.95,0,6,6,0,0,NA,NA,NA,NA,NA,1,1,1,0,0
