Block,Transect,Sequence,Donor,Recipient,Replicated,Plant_ID,FitP,Rep_FitP,any_FitP,F_plant,F_multi,F_plant_notes,Germ_Date,Sow_Date,Fl_3.10,Fl_3.16,Fl_3.24,Fl_3.31,Fl_4.7,Fl_4.14,Fl_4.20,Fl_4.26,Fl_5.4,Fl_5.11,Fl_5.20,Fl_5.24,LEAF,flr_P,closed_fruits_F,open_fruits_F,damaged_fruits_F,total_fruits_F,nonfitness_fruits,seed_ct,mean_seeds_per_fruit,total_est_seed_production,FFD,days_germ2flower,days_sow2flower,LFD,fl_duration,surv_to_germ,surv_to_flower,surv_to_fruitprod,surv_to_seedprod
1,1,1,HR_008,HR_058,n,2,TRUE,FALSE,TRUE,2,2,NA,2021-12-06,2021-11-19,NA,NA,NA,2022-03-31,2022-04-07,2022-04-14,2022-04-20,2022-04-26,NA,NA,NA,NA,NA,2022-03-31,28,1,0,29,1,11,0.39285714285714285,11.392857142857142,2022-03-31,115,132,2022-04-26,26,1,1,1,1
1,1,2,HR_196,HR_183,n,2,TRUE,FALSE,TRUE,2,2,NA,2021-12-06,2021-11-19,NA,NA,NA,2022-03-31,2022-04-07,2022-04-14,2022-04-20,2022-04-26,NA,NA,NA,NA,NA,2022-03-31,16,0,0,16,1,11,0.6875,11,2022-03-31,115,132,2022-04-26,26,1,1,1,1
1,1,3,HR_085,HR_176,n,7,TRUE,FALSE,TRUE,7,7,NA,2021-11-19,2021-11-19,NA,NA,2022-03-24,2022-03-31,2022-04-07,2022-04-14,NA,2022-04-26,NA,NA,NA,NA,NA,2022-03-24,8,3,0,11,4,5,0.625,6.875,2022-03-24,125,125,2022-04-26,33,1,1,1,1
1,1,4,HR_006,HR_146,R,8,TRUE,TRUE,TRUE,8,"6,3,8",NA,2021-12-06,2021-11-19,NA,NA,2022-03-24,2022-03-31,2022-04-07,2022-04-14,2022-04-20,2022-04-26,NA,NA,NA,NA,NA,2022-03-24,0,NA,NA,0,NA,NA,0,0,2022-03-24,108,125,2022-04-26,33,1,1,0,0
1,1,5,HR_108,HR_177,n,3,TRUE,FALSE,TRUE,3,3,NA,2021-12-06,2021-11-19,NA,NA,2022-03-24,2022-03-31,2022-04-07,2022-04-14,2022-04-20,NA,NA,NA,NA,NA,NA,2022-03-24,14,0,0,14,1,37,2.642857142857143,37,2022-03-24,108,125,2022-04-20,27,1,1,1,1
1,1,6,HR_074,HR_115,n,6,TRUE,FALSE,TRUE,6,6,NA,2021-12-06,2021-11-19,NA,NA,NA,2022-03-31,2022-04-07,2022-04-14,2022-04-20,2022-04-26,NA,NA,NA,NA,NA,2022-03-31,12,1,0,13,0,24,2,26,2022-03-31,115,132,2022-04-26,26,1,1,1,1
1,1,7,HR_180,HR_036,n,4,TRUE,FALSE,TRUE,4,4,NA,2021-12-06,2021-11-19,NA,NA,NA,2022-03-31,2022-04-07,2022-04-14,NA,NA,NA,NA,NA,NA,NA,2022-03-31,8,1,0,9,0,8,1,9,2022-03-31,115,132,2022-04-14,14,1,1,1,1
1,1,8,HR_160,HR_033,n,5,TRUE,FALSE,TRUE,5,5,NA,2021-12-06,2021-11-19,NA,NA,2022-03-24,2022-03-31,2022-04-07,2022-04-14,2022-04-20,2022-04-26,NA,NA,NA,NA,NA,2022-03-31,18,6,0,24,0,21,1.1666666666666667,28,2022-03-24,108,125,2022-04-26,33,1,1,1,1
1,1,9,HR_070,HR_061,n,2,TRUE,FALSE,TRUE,2,2,NA,2021-12-06,2021-11-19,NA,NA,2022-03-24,2022-03-31,2022-04-07,2022-04-14,2022-04-20,2022-04-26,NA,NA,NA,NA,NA,2022-03-24,19,6,0,25,0,22,1.1578947368421053,28.947368421052634,2022-03-24,108,125,2022-04-26,33,1,1,1,1
1,1,10,HR_133,HR_158,n,4,TRUE,FALSE,TRUE,4,4,NA,2021-12-06,2021-11-19,NA,NA,NA,2022-03-31,2022-04-07,2022-04-14,2022-04-20,2022-04-26,NA,NA,NA,NA,NA,2022-03-31,27,6,0,33,2,69,2.5555555555555554,84.33333333333333,2022-03-31,115,132,2022-04-26,26,1,1,1,1
1,1,11,HR_108,HR_175,n,6,TRUE,FALSE,TRUE,6,6,NA,2021-12-06,2021-11-19,NA,NA,NA,2022-03-31,2022-04-07,2022-04-14,2022-04-20,NA,NA,NA,NA,NA,NA,2022-03-31,9,4,0,13,0,14,1.5555555555555556,20.22222222222222,2022-03-31,115,132,2022-04-20,20,1,1,1,1
1,1,12,HR_164,HR_005,n,4,TRUE,FALSE,TRUE,4,4,NA,2021-12-06,2021-11-19,NA,NA,NA,2022-03-31,2022-04-07,2022-04-14,2022-04-20,2022-04-26,2022-05-05,NA,NA,NA,NA,2022-03-31,25,4,0,29,0,42,1.68,48.72,2022-03-31,115,132,2022-05-05,35,1,1,1,1
1,1,13,HR_171,HR_057,n,4,TRUE,FALSE,TRUE,4,4,NA,2021-12-06,2021-11-19,NA,NA,NA,2022-03-31,NA,2022-04-14,2022-04-20,NA,NA,NA,NA,NA,NA,2022-03-31,2,3,0,5,3,2,1,5,2022-03-31,115,132,2022-04-20,20,1,1,1,1
1,1,14,HR_196,HR_170,n,5,TRUE,FALSE,TRUE,5,5,NA,2021-12-06,2021-11-19,NA,NA,NA,2022-03-31,2022-04-07,2022-04-14,2022-04-20,2022-04-26,NA,NA,NA,NA,NA,2022-03-31,25,2,0,27,9,53,2.12,57.24,2022-03-31,115,132,2022-04-26,26,1,1,1,1
1,1,15,HR_148,HR_114,n,7,TRUE,FALSE,TRUE,7,7,NA,2021-12-06,2021-11-19,NA,NA,NA,NA,2022-04-07,2022-04-14,2022-04-20,NA,NA,NA,NA,NA,NA,2022-04-07,8,0,0,8,2,5,0.625,5,2022-04-07,122,139,2022-04-20,13,1,1,1,1
1,1,16,HR_069,HR_108,n,1,TRUE,FALSE,TRUE,1,1,NA,2021-12-06,2021-11-19,NA,NA,NA,NA,2022-04-07,2022-04-14,2022-04-20,2022-04-26,NA,NA,NA,NA,NA,2022-04-07,13,0,0,13,0,21,1.6153846153846154,21,2022-04-07,122,139,2022-04-26,19,1,1,1,1
1,1,17,HR_175,HR_196,n,5,TRUE,FALSE,TRUE,5,5,NA,2021-12-06,2021-11-19,NA,NA,NA,NA,2022-04-07,2022-04-14,2022-04-20,2022-04-26,NA,NA,NA,NA,NA,2022-04-07,28,0,0,28,0,62,2.2142857142857144,62,2022-04-07,122,139,2022-04-26,19,1,1,1,1
1,1,18,HR_131,HR_046,n,6,TRUE,FALSE,TRUE,6,6,NA,2021-12-06,2021-11-19,NA,NA,NA,NA,2022-04-07,2022-04-14,2022-04-20,2022-04-26,2022-05-05,NA,NA,NA,2022-05-16,2022-04-07,16,1,0,17,0,6,0.375,6.375,2022-04-07,122,139,2022-05-05,28,1,1,1,1
1,1,19,HR_095,HR_020,n,8,TRUE,FALSE,TRUE,8,8,NA,2021-12-17,2021-11-19,NA,NA,NA,NA,2022-04-07,2022-04-14,2022-04-20,2022-04-26,NA,NA,NA,NA,NA,NA,4,0,0,4,0,7,1.75,7,2022-04-07,111,139,2022-04-26,19,1,1,1,1
1,1,20,HR_108,HR_016,n,4,TRUE,FALSE,TRUE,4,4,NA,2021-12-17,2021-11-19,NA,NA,NA,NA,2022-04-07,2022-04-14,2022-04-20,2022-04-26,NA,NA,NA,NA,NA,2022-04-07,7,0,0,7,0,0,0,0,2022-04-07,111,139,2022-04-26,19,1,1,1,0
1,1,21,HR_200,HR_010,n,5,TRUE,FALSE,TRUE,5,5,NA,2021-12-06,2021-11-19,NA,NA,NA,NA,2022-04-07,2022-04-14,2022-04-20,2022-04-26,NA,NA,NA,NA,NA,2022-04-07,6,3,0,9,0,1,0.16666666666666666,1.5,2022-04-07,122,139,2022-04-26,19,1,1,1,1
1,1,22,HR_164,HR_041,n,3,TRUE,FALSE,TRUE,3,3,NA,NA,2021-11-19,NA,NA,NA,NA,NA,2022-04-14,2022-04-20,NA,NA,NA,NA,NA,NA,2022-04-14,2,0,0,2,0,8,4,8,2022-04-14,NA,146,2022-04-20,6,0,1,1,1
1,1,23,HR_168,HR_148,R,5,TRUE,TRUE,TRUE,5,"5,6",NA,2021-12-06,2021-11-19,NA,NA,NA,NA,NA,2022-04-14,2022-04-20,2022-04-26,NA,NA,NA,NA,NA,2022-04-14,5,1,0,6,0,2,0.4,2.4000000000000004,2022-04-14,129,146,2022-04-26,12,1,1,1,1
1,1,24,HR_121,HR_105,n,7,TRUE,FALSE,TRUE,7,7,NA,2021-12-06,2021-11-19,NA,NA,NA,NA,NA,NA,2022-04-20,2022-04-26,2022-05-05,NA,NA,NA,NA,2022-04-20,3,1,0,4,0,13,4.333333333333333,17.333333333333332,2022-04-20,135,152,2022-05-05,15,1,1,1,1
1,1,25,HR_062,HR_134,n,4,TRUE,FALSE,TRUE,4,4,NA,2021-12-06,2021-11-19,NA,NA,NA,NA,NA,2022-04-14,2022-04-20,2022-04-26,NA,NA,NA,NA,NA,2022-04-14,7,0,0,7,0,2,0.2857142857142857,2,2022-04-14,129,146,2022-04-26,12,1,1,1,1
1,1,28,HR_005,HR_040,R,5,TRUE,TRUE,TRUE,5,"5,3,7",NA,2021-12-06,2021-11-19,NA,NA,NA,NA,2022-04-07,2022-04-14,2022-04-20,2022-04-26,NA,NA,NA,NA,NA,2022-04-14,5,1,0,6,0,2,0.4,2.4000000000000004,2022-04-07,122,139,2022-04-26,19,1,1,1,1
1,1,29,HR_149,HR_007,n,6,TRUE,FALSE,TRUE,6,6,NA,2021-12-06,2021-11-19,NA,NA,NA,NA,2022-04-07,2022-04-14,2022-04-20,2022-04-26,NA,NA,NA,NA,NA,2022-04-26,7,2,0,9,0,8,1.1428571428571428,10.285714285714285,2022-04-07,122,139,2022-04-26,19,1,1,1,1
1,1,30,HR_131,HR_113,n,5,TRUE,FALSE,TRUE,5,5,NA,2021-12-06,2021-11-19,NA,NA,NA,NA,2022-04-07,2022-04-14,2022-04-20,2022-04-26,2022-05-05,2022-05-11,NA,NA,NA,2022-04-20,27,0,0,27,0,6,0.2222222222222222,6,2022-04-07,122,139,2022-05-11,34,1,1,1,1
1,1,31,HR_157,HR_095,n,8,TRUE,FALSE,TRUE,8,8,NA,2021-12-06,2021-11-19,NA,NA,NA,NA,NA,2022-04-14,2022-04-20,2022-04-26,NA,NA,NA,NA,NA,2022-04-14,8,0,0,8,0,6,0.75,6,2022-04-14,129,146,2022-04-26,12,1,1,1,1
1,1,32,HR_131,HR_049,n,3,TRUE,FALSE,TRUE,3,3,NA,2021-12-06,2021-11-19,NA,NA,NA,NA,2022-04-07,2022-04-14,2022-04-20,2022-04-26,2022-05-05,2022-05-11,NA,NA,NA,2022-04-07,11,0,0,11,0,4,0.36363636363636365,4,2022-04-07,122,139,2022-05-11,34,1,1,1,1
1,1,33,HR_062,HR_136,n,3,TRUE,FALSE,TRUE,3,3,NA,2021-12-06,2021-11-19,NA,NA,NA,NA,NA,2022-04-14,2022-04-20,2022-04-26,NA,NA,NA,NA,NA,2022-04-14,13,0,0,13,0,3,0.23076923076923078,3,2022-04-14,129,146,2022-04-26,12,1,1,1,1
1,1,34,HR_110,HR_032,n,4,TRUE,FALSE,TRUE,4,4,NA,2021-12-06,2021-11-19,NA,NA,NA,NA,2022-04-07,2022-04-14,2022-04-20,2022-04-26,2022-05-05,NA,NA,NA,NA,2022-04-07,9,2,0,11,0,6,0.6666666666666666,7.333333333333333,2022-04-07,122,139,2022-05-05,28,1,1,1,1
1,1,35,HR_057,HR_110,n,6,TRUE,FALSE,TRUE,6,6,NA,2021-12-06,2021-11-19,NA,NA,NA,NA,2022-04-07,2022-04-14,2022-04-20,2022-04-26,NA,NA,NA,NA,NA,2022-04-07,7,2,0,9,0,8,1.1428571428571428,10.285714285714285,2022-04-07,122,139,2022-04-26,19,1,1,1,1
1,1,36,HR_059,HR_011,n,8,TRUE,FALSE,TRUE,8,8,NA,2021-12-06,2021-11-19,NA,NA,NA,NA,2022-04-07,2022-04-14,2022-04-20,2022-04-26,NA,NA,NA,NA,NA,2022-04-07,11,0,0,11,0,16,1.4545454545454546,16,2022-04-07,122,139,2022-04-26,19,1,1,1,1
1,1,37,HR_095,HR_178,n,6,TRUE,FALSE,TRUE,6,6,NA,2021-12-06,2021-11-19,NA,NA,NA,NA,2022-04-07,2022-04-14,2022-04-20,2022-04-26,2022-05-05,NA,NA,NA,NA,2022-04-07,10,7,0,17,0,11,1.1,18.700000000000003,2022-04-07,122,139,2022-05-05,28,1,1,1,1
1,1,38,HR_155,HR_047,n,2,TRUE,FALSE,TRUE,2,2,NA,2021-11-19,2021-11-19,NA,NA,NA,NA,2022-04-07,2022-04-14,2022-04-20,2022-04-26,NA,NA,NA,NA,NA,2022-04-07,9,0,0,9,0,8,0.8888888888888888,8,2022-04-07,139,139,2022-04-26,19,1,1,1,1
1,1,39,HR_070,HR_123,n,5,TRUE,FALSE,TRUE,5,5,NA,2021-12-06,2021-11-19,NA,NA,NA,NA,2022-04-07,2022-04-14,2022-04-20,2022-04-26,NA,NA,NA,NA,NA,2022-04-14,8,2,0,10,0,4,0.5,5,2022-04-07,122,139,2022-04-26,19,1,1,1,1
1,1,40,HR_053,HR_092,n,1,TRUE,FALSE,TRUE,1,1,NA,2021-12-06,2021-11-19,NA,NA,NA,NA,NA,2022-04-14,2022-04-20,2022-04-26,2022-05-05,NA,NA,NA,NA,2022-04-14,9,0,0,9,0,1,0.1111111111111111,1,2022-04-14,129,146,2022-05-05,21,1,1,1,1
1,1,41,HR_110,HR_039,n,1,TRUE,FALSE,TRUE,1,1,NA,2021-12-06,2021-11-19,NA,NA,NA,NA,2022-04-07,2022-04-14,2022-04-20,2022-04-26,NA,NA,NA,NA,NA,2022-04-07,5,0,0,5,0,7,1.4,7,2022-04-07,122,139,2022-04-26,19,1,1,1,1
1,1,42,HR_160,HR_173,n,5,TRUE,FALSE,TRUE,5,5,NA,2021-12-06,2021-11-19,NA,NA,NA,NA,NA,2022-04-14,NA,2022-04-26,NA,NA,NA,NA,NA,2022-04-14,1,0,0,1,0,0,0,0,2022-04-14,129,146,2022-04-26,12,1,1,1,0
1,1,43,HR_189,HR_018,n,8,TRUE,FALSE,TRUE,8,8,NA,2021-12-17,2021-11-19,NA,NA,NA,NA,2022-04-07,2022-04-14,2022-04-20,2022-04-26,NA,NA,NA,NA,NA,2022-04-07,0,0,0,0,0,NA,0,0,2022-04-07,111,139,2022-04-26,19,1,1,0,0
1,1,44,HR_115,HR_026,n,4,TRUE,FALSE,TRUE,4,4,NA,2021-12-06,2021-11-19,NA,NA,NA,NA,NA,2022-04-14,2022-04-20,NA,NA,NA,NA,NA,NA,NA,3,0,0,3,0,1,0.3333333333333333,1,2022-04-14,129,146,2022-04-20,6,1,1,1,1
1,1,45,HR_110,HR_037,n,5,TRUE,FALSE,TRUE,5,5,NA,2021-11-19,2021-11-19,NA,NA,NA,NA,2022-04-07,2022-04-14,2022-04-20,2022-04-26,2022-05-05,NA,NA,NA,NA,2022-04-14,8,0,0,8,0,11,1.375,11,2022-04-07,139,139,2022-05-05,28,1,1,1,1
1,1,46,HR_006,HR_162,R,2,TRUE,TRUE,TRUE,2,"5,2,8",NA,2021-12-06,2021-11-19,NA,NA,NA,NA,NA,2022-04-14,2022-04-20,2022-04-26,2022-05-05,NA,NA,NA,NA,2022-04-14,10,0,0,10,10,0,0,0,2022-04-14,129,146,2022-05-05,21,1,1,1,0
1,2,47,HR_100,HR_195,n,3,TRUE,FALSE,TRUE,3,3,NA,2021-11-19,2021-11-19,NA,NA,NA,NA,NA,2022-04-14,2022-04-20,NA,NA,NA,NA,NA,NA,2022-04-14,7,1,0,8,4,11,1.5714285714285714,12.571428571428571,2022-04-14,146,146,2022-04-20,6,1,1,1,1
1,2,48,HR_088,HR_014,n,6,TRUE,FALSE,TRUE,6,6,NA,2021-12-06,2021-11-19,NA,NA,NA,2022-03-31,2022-04-07,2022-04-14,2022-04-20,NA,NA,NA,NA,NA,NA,2022-03-31,0,0,0,0,0,NA,0,0,2022-03-31,115,132,2022-04-20,20,1,1,0,0
1,2,49,HR_148,HR_050,n,1,TRUE,FALSE,TRUE,1,1,NA,2021-11-19,2021-11-19,NA,NA,2022-03-24,2022-03-31,2022-04-07,2022-04-14,NA,NA,NA,NA,NA,NA,NA,2022-03-24,11,1,0,12,5,14,1.2727272727272727,15.272727272727273,2022-03-24,125,125,2022-04-14,21,1,1,1,1
1,2,50,HR_175,HR_027,n,8,TRUE,FALSE,TRUE,8,8,NA,2021-12-06,2021-11-19,NA,NA,2022-03-24,2022-03-31,2022-04-07,2022-04-14,2022-04-20,NA,NA,NA,NA,NA,NA,2022-03-24,0,0,0,0,0,NA,0,0,2022-03-24,108,125,2022-04-20,27,1,1,0,0
1,2,51,HR_157,HR_085,n,4,TRUE,FALSE,TRUE,4,4,NA,2021-12-06,2021-11-19,NA,NA,2022-03-24,2022-03-31,2022-04-07,2022-04-14,2022-04-20,2022-04-26,NA,NA,NA,NA,NA,2022-03-24,30,5,0,35,12,42,1.4,49,2022-03-24,108,125,2022-04-26,33,1,1,1,1
1,2,52,HR_141,HR_015,R,6,TRUE,TRUE,TRUE,6,"6,3,7",NA,2021-12-06,2021-11-19,NA,NA,NA,2022-03-31,2022-04-07,2022-04-14,2022-04-20,2022-04-26,NA,NA,NA,NA,NA,2022-03-31,5,7,0,12,0,5,1,12,2022-03-31,115,132,2022-04-26,26,1,1,1,1
1,2,53,HR_034,HR_112,R,3,TRUE,TRUE,TRUE,3,"5,3,7",NA,2021-12-06,2021-11-19,NA,NA,2022-03-24,2022-03-31,2022-04-07,2022-04-14,2022-04-20,2022-04-26,NA,NA,NA,NA,NA,2022-03-31,31,4,0,35,0,67,2.161290322580645,75.64516129032258,2022-03-24,108,125,2022-04-26,33,1,1,1,1
1,2,54,HR_005,HR_149,R,1,TRUE,TRUE,TRUE,1,"1,2,4",NA,2021-12-06,2021-11-19,NA,NA,NA,NA,2022-04-07,2022-04-14,2022-04-20,2022-04-26,2022-05-05,NA,NA,NA,NA,2022-04-07,29,0,0,29,0,5,0.1724137931034483,5,2022-04-07,122,139,2022-05-05,28,1,1,1,1
1,2,55,HR_027,HR_119,R,5,TRUE,TRUE,TRUE,5,"1,5,8",NA,2021-12-06,2021-11-19,NA,NA,2022-03-24,2022-03-31,2022-04-07,2022-04-14,2022-04-20,NA,NA,NA,NA,NA,NA,2022-03-24,14,1,0,15,0,29,2.0714285714285716,31.071428571428573,2022-03-24,108,125,2022-04-20,27,1,1,1,1
1,2,56,HR_085,HR_107,n,6,TRUE,FALSE,TRUE,6,6,NA,2021-11-19,2021-11-19,NA,NA,NA,2022-03-31,2022-04-07,2022-04-14,2022-04-20,2022-04-26,2022-05-05,NA,NA,NA,NA,2022-03-31,18,0,0,18,1,15,0.8333333333333334,15,2022-03-31,132,132,2022-05-05,35,1,1,1,1
1,2,57,HR_133,HR_072,n,7,TRUE,FALSE,TRUE,7,7,NA,2021-12-06,2021-11-19,NA,NA,2022-03-24,2022-03-31,2022-04-07,2022-04-14,2022-04-20,2022-04-26,NA,NA,NA,NA,NA,2022-03-31,19,0,0,19,10,20,1.0526315789473684,20,2022-03-24,108,125,2022-04-26,33,1,1,1,1
1,2,58,HR_133,HR_161,n,8,TRUE,FALSE,TRUE,8,8,NA,2021-12-06,2021-11-19,NA,NA,2022-03-24,2022-03-31,2022-04-07,2022-04-14,2022-04-20,2022-04-26,NA,NA,NA,NA,NA,2022-03-24,21,2,0,23,6,63,3,69,2022-03-24,108,125,2022-04-26,33,1,1,1,1
1,2,59,HR_085,HR_035,n,6,TRUE,FALSE,TRUE,6,6,NA,2021-12-06,2021-11-19,NA,NA,2022-03-24,2022-03-31,2022-04-07,2022-04-14,2022-04-20,NA,NA,NA,NA,NA,NA,2022-03-31,6,0,0,6,4,4,0.6666666666666666,4,2022-03-24,108,125,2022-04-20,27,1,1,1,1
1,2,60,HR_090,HR_126,n,7,TRUE,FALSE,TRUE,7,7,NA,2021-12-17,2021-11-19,NA,NA,2022-03-24,2022-03-31,2022-04-07,2022-04-14,2022-04-20,2022-04-26,NA,NA,NA,NA,NA,2022-03-24,21,0,0,21,0,36,1.7142857142857142,36,2022-03-24,97,125,2022-04-26,33,1,1,1,1
1,2,61,HR_053,HR_169,n,5,TRUE,FALSE,TRUE,5,5,NA,2021-12-06,2021-11-19,NA,NA,2022-03-24,2022-03-31,2022-04-07,2022-04-14,2022-04-20,2022-04-26,NA,NA,NA,NA,NA,2022-03-24,44,5,0,49,0,70,1.5909090909090908,77.95454545454545,2022-03-24,108,125,2022-04-26,33,1,1,1,1
1,2,62,HR_125,HR_034,n,5,TRUE,FALSE,TRUE,5,5,NA,2021-12-06,2021-11-19,NA,NA,NA,2022-03-31,2022-04-07,2022-04-14,2022-04-20,2022-04-26,NA,NA,NA,NA,NA,2022-03-31,22,6,0,28,1,36,1.6363636363636365,45.81818181818182,2022-03-31,115,132,2022-04-26,26,1,1,1,1
1,2,63,HR_164,HR_201,n,6,TRUE,FALSE,TRUE,6,6,NA,2021-12-06,2021-11-19,NA,NA,NA,2022-03-31,NA,2022-04-14,2022-04-20,NA,NA,NA,NA,NA,NA,2022-03-31,13,3,0,16,6,21,1.6153846153846154,25.846153846153847,2022-03-31,115,132,2022-04-20,20,1,1,1,1
1,2,64,HR_034,HR_080,R,1,TRUE,TRUE,TRUE,1,"1,5,6",NA,2021-12-06,2021-11-19,NA,NA,NA,2022-03-31,2022-04-07,NA,2022-04-20,2022-04-26,NA,NA,NA,NA,NA,2022-04-07,11,0,0,11,0,11,1,11,2022-03-31,115,132,2022-04-26,26,1,1,1,1
1,2,65,HR_155,HR_121,n,1,TRUE,FALSE,TRUE,1,1,NA,2021-12-06,2021-11-19,NA,NA,NA,2022-03-31,2022-04-07,2022-04-14,2022-04-20,NA,NA,NA,NA,NA,NA,2022-03-31,8,0,0,8,0,7,0.875,7,2022-03-31,115,132,2022-04-20,20,1,1,1,1
1,2,66,HR_168,HR_101,R,3,TRUE,TRUE,TRUE,3,"6,3,4",NA,2021-12-06,2021-11-19,NA,NA,NA,NA,2022-04-07,2022-04-14,2022-04-20,NA,NA,NA,NA,NA,NA,2022-04-07,7,2,0,9,7,13,1.8571428571428572,16.714285714285715,2022-04-07,122,139,2022-04-20,13,1,1,1,1
1,2,67,HR_053,HR_038,n,8,TRUE,FALSE,TRUE,8,8,NA,2021-12-06,2021-11-19,NA,NA,NA,2022-03-31,2022-04-07,2022-04-14,2022-04-20,NA,NA,NA,NA,NA,NA,2022-03-31,12,5,0,17,0,8,0.6666666666666666,11.333333333333332,2022-03-31,115,132,2022-04-20,20,1,1,1,1
1,2,68,HR_005,HR_180,R,6,TRUE,TRUE,TRUE,6,"2,6,7",NA,2021-12-06,2021-11-19,NA,NA,NA,NA,2022-04-07,2022-04-14,2022-04-20,NA,NA,NA,NA,NA,NA,2022-04-07,5,0,0,5,0,8,1.6,8,2022-04-07,122,139,2022-04-20,13,1,1,1,1
1,2,69,HR_139,HR_129,n,1,TRUE,FALSE,TRUE,1,1,NA,2021-12-06,2021-11-19,NA,NA,NA,NA,2022-04-07,2022-04-14,NA,NA,NA,NA,NA,NA,NA,2022-04-07,5,0,0,5,2,4,0.8,4,2022-04-07,122,139,2022-04-14,7,1,1,1,1
1,2,70,HR_157,HR_088,n,8,TRUE,FALSE,TRUE,8,8,NA,2021-12-06,2021-11-19,NA,NA,NA,NA,2022-04-07,NA,NA,NA,NA,NA,NA,NA,NA,NA,1,1,0,2,1,2,2,4,2022-04-07,122,139,2022-04-07,0,1,1,1,1
1,2,71,HR_006,HR_142,R,4,TRUE,TRUE,TRUE,4,"1,3,4",NA,2021-12-06,2021-11-19,NA,NA,NA,NA,2022-04-07,2022-04-14,2022-04-20,2022-04-26,NA,NA,NA,NA,NA,2022-04-26,3,0,0,3,0,0,0,0,2022-04-07,122,139,2022-04-26,19,1,1,1,0
1,2,72,HR_200,HR_153,n,4,TRUE,FALSE,TRUE,4,4,NA,2021-11-19,2021-11-19,NA,NA,NA,NA,2022-04-07,NA,2022-04-20,NA,NA,NA,NA,NA,NA,2022-04-07,2,0,0,2,5,2,1,2,2022-04-07,139,139,2022-04-20,13,1,1,1,1
1,2,73,HR_125,HR_086,n,1,TRUE,FALSE,TRUE,1,1,NA,2021-12-06,2021-11-19,NA,NA,NA,NA,2022-04-07,2022-04-14,2022-04-20,2022-04-26,NA,NA,NA,NA,NA,2022-04-07,2,2,0,4,3,2,1,4,2022-04-07,122,139,2022-04-26,19,1,1,1,1
1,2,74,HR_171,HR_073,n,3,TRUE,FALSE,TRUE,3,3,NA,2021-12-17,2021-11-19,NA,NA,NA,NA,2022-04-07,2022-04-14,NA,NA,NA,NA,NA,NA,NA,2022-04-07,3,0,0,3,1,0,0,0,2022-04-07,111,139,2022-04-14,7,1,1,1,0
1,2,75,HR_057,HR_006,n,6,TRUE,FALSE,TRUE,6,6,NA,2021-12-06,2021-11-19,NA,NA,NA,NA,2022-04-07,2022-04-14,2022-04-20,2022-04-26,NA,NA,NA,NA,NA,2022-04-07,7,1,0,8,2,7,1,8,2022-04-07,122,139,2022-04-26,19,1,1,1,1
1,2,76,HR_139,HR_062,n,5,TRUE,FALSE,TRUE,5,5,NA,2021-12-06,2021-11-19,NA,NA,NA,2022-03-31,2022-04-07,2022-04-14,NA,NA,NA,NA,NA,NA,NA,2022-03-31,3,2,0,5,4,0,0,0,2022-03-31,115,132,2022-04-14,14,1,1,1,0
1,2,77,HR_196,HR_054,n,1,TRUE,FALSE,TRUE,1,1,NA,2021-11-19,2021-11-19,NA,NA,NA,NA,2022-04-07,2022-04-14,2022-04-20,2022-04-26,NA,NA,NA,NA,2022-05-16,2022-04-07,12,0,0,12,1,6,0.5,6,2022-04-07,139,139,2022-04-26,19,1,1,1,1
1,2,78,HR_180,HR_023,n,2,TRUE,FALSE,TRUE,2,2,NA,2021-11-19,2021-11-19,NA,NA,NA,NA,2022-04-07,2022-04-14,2022-04-20,NA,NA,NA,NA,NA,NA,2022-04-07,3,0,0,3,1,7,2.3333333333333335,7,2022-04-07,139,139,2022-04-20,13,1,1,1,1
1,2,79,HR_195,HR_104,n,4,TRUE,FALSE,TRUE,4,4,NA,2021-12-06,2021-11-19,NA,NA,NA,NA,2022-04-07,2022-04-14,2022-04-20,2022-04-26,NA,NA,NA,NA,NA,2022-04-07,7,0,0,7,1,7,1,7,2022-04-07,122,139,2022-04-26,19,1,1,1,1
1,2,80,HR_027,HR_145,R,3,TRUE,TRUE,TRUE,3,"5,6,3",NA,2021-12-06,2021-11-19,NA,NA,NA,NA,2022-04-07,NA,NA,NA,NA,NA,NA,NA,NA,2022-04-07,1,0,0,1,0,0,0,0,2022-04-07,122,139,2022-04-07,0,1,1,1,0
1,2,81,HR_008,HR_012,n,7,TRUE,FALSE,TRUE,7,7,NA,2021-12-17,2021-11-19,NA,NA,NA,NA,2022-04-07,2022-04-14,2022-04-20,2022-04-26,NA,NA,NA,NA,NA,2022-04-07,7,0,0,7,0,6,0.8571428571428571,6,2022-04-07,111,139,2022-04-26,19,1,1,1,1
1,2,82,HR_070,HR_165,n,8,TRUE,FALSE,TRUE,8,8,NA,2021-12-06,2021-11-19,NA,NA,NA,NA,2022-04-07,2022-04-14,2022-04-20,2022-04-26,NA,NA,NA,NA,NA,2022-04-07,12,0,0,12,0,11,0.9166666666666666,11,2022-04-07,122,139,2022-04-26,19,1,1,1,1
1,2,83,HR_168,HR_064,R,8,TRUE,TRUE,TRUE,8,"6,7,8",NA,2021-12-06,2021-11-19,NA,NA,NA,NA,2022-04-07,2022-04-14,2022-04-20,2022-04-26,NA,NA,NA,NA,NA,2022-04-07,7,0,0,7,0,21,3,21,2022-04-07,122,139,2022-04-26,19,1,1,1,1
1,2,84,HR_066,HR_137,n,8,TRUE,FALSE,TRUE,8,8,NA,2021-11-19,2021-11-19,NA,NA,NA,NA,2022-04-07,2022-04-14,2022-04-20,2022-04-26,2022-05-05,NA,NA,NA,NA,2022-04-07,33,6,0,39,0,72,2.1818181818181817,85.09090909090908,2022-04-07,139,139,2022-05-05,28,1,1,1,1
1,2,85,HR_027,HR_043,R,4,TRUE,TRUE,TRUE,4,"1,5,4",NA,2021-12-06,2021-11-19,NA,NA,NA,NA,2022-04-07,2022-04-14,2022-04-20,NA,NA,NA,NA,NA,NA,2022-04-07,3,0,0,3,0,7,2.3333333333333335,7,2022-04-07,122,139,2022-04-20,13,1,1,1,1
1,2,86,HR_189,HR_051,n,3,TRUE,FALSE,TRUE,3,3,NA,2021-12-06,2021-11-19,NA,NA,NA,NA,2022-04-07,2022-04-14,2022-04-20,NA,NA,NA,NA,NA,NA,2022-04-14,5,0,0,5,0,0,0,0,2022-04-07,122,139,2022-04-20,13,1,1,1,0
1,2,87,HR_069,HR_133,n,6,TRUE,FALSE,TRUE,6,6,NA,2021-11-19,2021-11-19,NA,NA,NA,NA,2022-04-07,2022-04-14,2022-04-20,2022-04-26,NA,NA,NA,NA,NA,2022-04-14,6,0,0,6,0,11,1.8333333333333333,11,2022-04-07,139,139,2022-04-26,19,1,1,1,1
1,2,88,HR_066,HR_078,n,2,TRUE,FALSE,TRUE,2,2,NA,2021-12-06,2021-11-19,NA,NA,NA,NA,2022-04-07,2022-04-14,2022-04-20,NA,NA,NA,NA,NA,NA,2022-04-07,5,0,0,5,0,3,0.6,3,2022-04-07,122,139,2022-04-20,13,1,1,1,1
1,2,89,HR_175,HR_164,n,3,TRUE,FALSE,TRUE,3,3,NA,2021-12-06,2021-11-19,NA,NA,NA,NA,2022-04-07,2022-04-14,2022-04-20,2022-04-26,NA,NA,NA,NA,NA,2022-04-07,3,0,0,3,0,2,0.6666666666666666,2,2022-04-07,122,139,2022-04-26,19,1,1,1,1
1,2,90,HR_148,HR_109,n,8,TRUE,FALSE,TRUE,8,8,NA,2021-12-06,2021-11-19,NA,NA,NA,NA,2022-04-07,2022-04-14,2022-04-20,NA,NA,NA,NA,NA,NA,2022-04-07,9,0,0,9,0,9,1,9,2022-04-07,122,139,2022-04-20,13,1,1,1,1
1,2,91,HR_002,HR_071,R,7,TRUE,TRUE,TRUE,7,"5,2,7",NA,2021-12-06,2021-11-19,NA,NA,NA,NA,2022-04-07,2022-04-14,2022-04-20,2022-04-26,NA,NA,NA,NA,NA,2022-04-07,9,2,0,11,0,4,0.4444444444444444,4.888888888888888,2022-04-07,122,139,2022-04-26,19,1,1,1,1
1,2,92,HR_002,HR_059,R,5,TRUE,TRUE,TRUE,5,"1,5,8",NA,2021-11-19,2021-11-19,NA,NA,NA,NA,2022-04-07,2022-04-14,2022-04-20,2022-04-26,NA,NA,NA,NA,NA,2022-04-07,6,0,0,6,0,3,0.5,3,2022-04-07,139,139,2022-04-26,19,1,1,1,1
1,3,93,HR_074,HR_070,n,7,TRUE,FALSE,TRUE,7,7,NA,2021-12-06,2021-11-19,NA,NA,2022-03-24,2022-03-31,2022-04-07,2022-04-14,NA,NA,NA,NA,NA,NA,NA,2022-03-24,0,0,0,0,4,NA,0,0,2022-03-24,108,125,2022-04-14,21,1,1,0,0
1,3,94,HR_155,HR_009,n,8,TRUE,FALSE,TRUE,8,8,NA,2021-12-17,2021-11-19,NA,NA,2022-03-24,2022-03-31,2022-04-07,2022-04-14,2022-04-20,NA,NA,NA,NA,NA,NA,2022-03-24,11,1,0,12,21,22,2,24,2022-03-24,97,125,2022-04-20,27,1,1,1,1
1,3,95,HR_115,HR_131,n,6,TRUE,FALSE,TRUE,6,6,NA,2021-12-06,2021-11-19,NA,NA,2022-03-24,2022-03-31,2022-04-07,2022-04-14,2022-04-20,2022-04-27,NA,NA,NA,NA,NA,2022-03-24,16,4,0,20,20,13,0.8125,16.25,2022-03-24,108,125,2022-04-27,34,1,1,1,1
1,3,96,HR_066,HR_087,n,7,TRUE,FALSE,TRUE,7,7,NA,2021-12-06,2021-11-19,NA,NA,2022-03-24,2022-03-31,2022-04-07,2022-04-14,2022-04-20,NA,NA,NA,NA,NA,NA,2022-03-24,0,0,0,0,5,0,0,0,2022-03-24,108,125,2022-04-20,27,1,1,0,0
1,3,97,HR_147,HR_118,n,8,TRUE,FALSE,TRUE,8,8,NA,2021-12-06,2021-11-19,NA,2022-03-16,2022-03-24,2022-03-31,2022-04-07,2022-04-14,2022-04-20,2022-04-27,NA,NA,NA,NA,NA,2022-03-24,25,12,0,37,20,21,0.84,31.08,2022-03-16,100,117,2022-04-27,42,1,1,1,1
1,3,98,HR_088,HR_182,n,3,TRUE,FALSE,TRUE,3,3,NA,2021-12-06,2021-11-19,NA,NA,2022-03-24,2022-03-31,2022-04-07,2022-04-14,2022-04-20,NA,NA,NA,NA,NA,NA,2022-03-24,9,5,0,14,0,1,0.1111111111111111,1.5555555555555554,2022-03-24,108,125,2022-04-20,27,1,1,1,1
1,3,99,HR_034,HR_017,R,8,TRUE,TRUE,TRUE,8,"7,4,8",NA,2021-12-06,2021-11-19,NA,NA,2022-03-24,2022-03-31,2022-04-07,2022-04-14,NA,2022-04-27,2022-05-05,2022-05-11,NA,NA,NA,2022-03-24,13,4,0,17,0,4,0.3076923076923077,5.230769230769231,2022-03-24,108,125,2022-05-11,48,1,1,1,1
1,3,100,HR_064,HR_028,n,1,TRUE,FALSE,TRUE,1,1,NA,2021-11-19,2021-11-19,NA,NA,NA,2022-03-31,2022-04-07,2022-04-14,2022-04-20,2022-04-27,2022-05-05,NA,NA,NA,NA,2022-03-31,30,1,0,31,20,18,0.6,18.599999999999998,2022-03-31,132,132,2022-05-05,35,1,1,1,1
1,3,101,HR_135,HR_004,n,3,TRUE,FALSE,TRUE,3,3,NA,2021-12-06,2021-11-19,NA,NA,2022-03-24,2022-03-31,2022-04-07,NA,NA,NA,NA,NA,NA,NA,NA,2022-03-24,0,2,0,2,20,0,0,0,2022-03-24,108,125,2022-04-07,14,1,1,1,0
1,3,102,HR_090,HR_103,n,2,TRUE,FALSE,TRUE,2,2,NA,2021-12-06,2021-11-19,NA,NA,2022-03-24,2022-03-31,2022-04-07,2022-04-14,2022-04-20,NA,NA,NA,NA,NA,NA,2022-03-24,15,6,0,21,23,19,1.2666666666666666,26.599999999999998,2022-03-24,108,125,2022-04-20,27,1,1,1,1
1,3,103,HR_147,HR_021,n,4,TRUE,FALSE,TRUE,4,4,NA,2021-12-06,2021-11-19,NA,NA,NA,2022-03-31,2022-04-07,2022-04-14,2022-04-20,NA,NA,NA,NA,NA,NA,2022-03-31,12,10,0,22,23,13,1.0833333333333333,23.833333333333332,2022-03-31,115,132,2022-04-20,20,1,1,1,1
1,3,104,HR_149,HR_174,n,7,TRUE,FALSE,TRUE,7,7,NA,2021-11-19,2021-11-19,NA,NA,2022-03-24,2022-03-31,2022-04-07,2022-04-14,2022-04-20,NA,NA,NA,NA,NA,NA,2022-03-24,4,1,0,5,9,4,1,5,2022-03-24,125,125,2022-04-20,27,1,1,1,1
1,3,105,HR_156,HR_193,n,6,TRUE,FALSE,TRUE,6,6,NA,2021-12-06,2021-11-19,NA,NA,2022-03-24,2022-03-31,2022-04-07,2022-04-14,2022-04-20,2022-04-27,NA,NA,NA,NA,NA,2022-03-24,23,2,0,25,20,23,1,25,2022-03-24,108,125,2022-04-27,34,1,1,1,1
1,3,106,HR_135,HR_152,n,1,TRUE,FALSE,TRUE,1,1,NA,2021-12-06,2021-11-19,NA,NA,2022-03-24,2022-03-31,2022-04-07,2022-04-14,NA,NA,NA,NA,NA,NA,NA,2022-03-24,8,1,0,9,21,7,0.875,7.875,2022-03-24,108,125,2022-04-14,21,1,1,1,1
1,3,107,HR_147,HR_150,n,2,TRUE,FALSE,TRUE,2,2,NA,2021-11-19,2021-11-19,NA,NA,2022-03-24,2022-03-31,2022-04-07,2022-04-14,2022-04-20,2022-04-27,NA,NA,NA,NA,NA,2022-03-24,13,2,0,15,30,7,0.5384615384615384,8.076923076923077,2022-03-24,125,125,2022-04-27,34,1,1,1,1
1,3,108,HR_062,HR_116,n,5,TRUE,FALSE,TRUE,5,5,NA,NA,2021-11-19,NA,NA,NA,2022-03-31,2022-04-07,2022-04-14,2022-04-20,2022-04-27,2022-05-05,2022-05-11,NA,NA,NA,2022-03-31,25,14,0,39,20,12,0.48,18.72,2022-03-31,NA,132,2022-05-11,41,0,1,1,1
1,3,109,HR_064,HR_190,n,4,TRUE,FALSE,TRUE,4,4,NA,2021-12-06,2021-11-19,NA,NA,2022-03-24,2022-03-31,2022-04-07,2022-04-14,NA,NA,NA,NA,NA,NA,NA,2022-03-31,16,0,0,16,20,18,1.125,18,2022-03-24,108,125,2022-04-14,21,1,1,1,1
1,3,110,HR_064,HR_019,n,5,TRUE,FALSE,TRUE,5,5,Two fitness plants? 1 and 5 originally recorded,2021-12-06,2021-11-19,NA,NA,2022-03-24,2022-03-31,2022-04-07,2022-04-14,2022-04-20,NA,NA,NA,NA,NA,NA,2022-04-20,31,9,0,40,20,44,1.4193548387096775,56.7741935483871,2022-03-24,108,125,2022-04-20,27,1,1,1,1
1,3,111,HR_180,HR_179,n,7,TRUE,FALSE,TRUE,7,7,NA,2021-12-06,2021-11-19,NA,NA,2022-03-24,2022-03-31,2022-04-07,2022-04-14,2022-04-20,2022-04-27,NA,NA,NA,NA,NA,2022-03-24,21,2,0,23,40,20,0.9523809523809523,21.904761904761905,2022-03-24,108,125,2022-04-27,34,1,1,1,1
1,3,112,HR_189,HR_168,n,4,TRUE,FALSE,TRUE,4,4,NA,2021-12-17,2021-11-19,NA,NA,2022-03-24,2022-03-31,2022-04-07,2022-04-14,2022-04-20,NA,NA,NA,NA,NA,NA,2022-03-31,12,2,0,14,30,10,0.8333333333333334,11.666666666666668,2022-03-24,97,125,2022-04-20,27,1,1,1,1
1,3,113,HR_069,HR_156,n,5,TRUE,FALSE,TRUE,5,5,NA,2021-12-06,2021-11-19,NA,NA,2022-03-24,2022-03-31,2022-04-07,2022-04-14,2022-04-20,2022-04-27,NA,NA,NA,NA,NA,2022-03-24,41,2,0,43,20,23,0.5609756097560976,24.121951219512198,2022-03-24,108,125,2022-04-27,34,1,1,1,1
1,3,114,HR_088,HR_067,n,5,TRUE,FALSE,TRUE,5,5,NA,2021-12-17,2021-11-19,NA,NA,NA,2022-03-31,2022-04-07,2022-04-14,2022-04-20,2022-04-27,2022-05-05,2022-05-11,NA,NA,NA,2022-03-31,11,0,0,11,20,1,0.09090909090909091,1,2022-03-31,104,132,2022-05-11,41,1,1,1,1
1,3,115,HR_074,HR_066,n,7,TRUE,FALSE,TRUE,7,7,NA,2021-12-06,2021-11-19,NA,NA,NA,2022-03-31,2022-04-07,2022-04-14,2022-04-20,2022-04-27,NA,NA,NA,NA,NA,2022-03-31,4,4,0,8,0,6,1.5,12,2022-03-31,115,132,2022-04-27,27,1,1,1,1
1,3,116,HR_200,HR_159,n,3,TRUE,FALSE,TRUE,3,3,NA,2021-12-17,2021-11-19,NA,NA,2022-03-24,2022-03-31,2022-04-07,2022-04-14,2022-04-20,2022-04-27,NA,NA,NA,NA,NA,2022-03-24,18,10,0,28,20,11,0.6111111111111112,17.111111111111114,2022-03-24,97,125,2022-04-27,34,1,1,1,1
1,3,117,HR_100,HR_135,n,4,TRUE,FALSE,TRUE,4,4,NA,2021-12-06,2021-11-19,NA,NA,NA,2022-03-31,2022-04-07,2022-04-14,2022-04-20,2022-04-27,2022-05-05,2022-05-11,NA,NA,NA,2022-03-31,22,0,0,22,21,5,0.22727272727272727,5,2022-03-31,115,132,2022-05-11,41,1,1,1,1
1,3,118,HR_121,HR_141,n,5,TRUE,FALSE,TRUE,5,5,NA,2021-12-06,2021-11-19,NA,NA,NA,2022-03-31,2022-04-07,2022-04-14,2022-04-20,NA,NA,NA,NA,NA,NA,NA,28,3,0,31,22,110,3.9285714285714284,121.78571428571428,2022-03-31,115,132,2022-04-20,20,1,1,1,1
1,3,119,HR_195,HR_181,n,5,TRUE,FALSE,TRUE,5,5,NA,2021-11-19,2021-11-19,NA,NA,2022-03-24,2022-03-31,2022-04-07,2022-04-14,2022-04-20,2022-04-27,NA,NA,NA,NA,NA,2022-04-14,9,0,0,9,21,8,0.8888888888888888,8,2022-03-24,125,125,2022-04-27,34,1,1,1,1
1,3,120,HR_059,HR_155,n,7,TRUE,FALSE,TRUE,7,7,NA,2021-12-06,2021-11-19,NA,NA,NA,2022-03-31,2022-04-07,2022-04-14,2022-04-20,2022-04-27,NA,NA,NA,NA,NA,2022-03-31,20,3,0,23,27,34,1.7,39.1,2022-03-31,115,132,2022-04-27,27,1,1,1,1
1,3,121,HR_171,HR_001,n,7,TRUE,FALSE,TRUE,7,7,NA,2021-12-06,2021-11-19,NA,NA,NA,2022-03-31,2022-04-07,2022-04-14,2022-04-20,NA,NA,NA,NA,NA,NA,2022-03-31,9,0,0,9,25,14,1.5555555555555556,14,2022-03-31,115,132,2022-04-20,20,1,1,1,1
1,3,122,HR_115,HR_111,n,3,TRUE,FALSE,TRUE,3,3,NA,2021-11-19,2021-11-19,NA,NA,NA,NA,2022-04-07,2022-04-14,2022-04-20,NA,NA,NA,NA,NA,NA,2022-04-07,6,1,0,7,25,4,0.6666666666666666,4.666666666666666,2022-04-07,139,139,2022-04-20,13,1,1,1,1
1,3,123,HR_195,HR_068,n,2,TRUE,FALSE,TRUE,2,2,NA,2021-11-19,2021-11-19,NA,NA,NA,2022-03-31,2022-04-07,2022-04-14,2022-04-20,NA,NA,NA,NA,NA,NA,2022-04-20,5,0,0,5,20,4,0.8,4,2022-03-31,132,132,2022-04-20,20,1,1,1,1
1,3,124,HR_002,HR_056,R,7,TRUE,TRUE,TRUE,7,"2,6,7",NA,2021-12-06,2021-11-19,NA,NA,NA,2022-03-31,2022-04-07,2022-04-14,2022-04-20,NA,NA,NA,NA,NA,NA,2022-03-31,16,2,0,18,0,36,2.25,40.5,2022-03-31,115,132,2022-04-20,20,1,1,1,1
1,3,125,HR_095,HR_124,n,6,TRUE,FALSE,TRUE,6,6,NA,2021-12-06,2021-11-19,NA,NA,NA,2022-03-31,2022-04-07,2022-04-14,NA,NA,NA,NA,NA,NA,NA,2022-03-31,11,0,0,11,25,21,1.9090909090909092,21,2022-03-31,115,132,2022-04-14,14,1,1,1,1
1,3,126,HR_057,HR_147,n,7,TRUE,FALSE,TRUE,7,7,NA,2021-12-06,2021-11-19,NA,NA,NA,2022-03-31,2022-04-07,2022-04-14,2022-04-20,2022-04-27,NA,NA,NA,NA,NA,2022-03-31,14,2,0,16,21,10,0.7142857142857143,11.428571428571429,2022-03-31,115,132,2022-04-27,27,1,1,1,1
1,3,127,HR_156,HR_197,n,3,TRUE,FALSE,TRUE,3,3,NA,2021-12-06,2021-11-19,NA,NA,NA,NA,NA,2022-04-14,2022-04-20,NA,NA,NA,NA,NA,NA,NA,9,0,0,9,20,15,1.6666666666666667,15,2022-04-14,129,146,2022-04-20,6,1,1,1,1
1,3,128,HR_149,HR_065,n,6,TRUE,FALSE,TRUE,6,6,NA,2021-11-19,2021-11-19,NA,NA,NA,2022-03-31,2022-04-07,2022-04-14,2022-04-20,2022-04-27,NA,NA,NA,NA,NA,2022-03-31,37,0,0,37,30,51,1.3783783783783783,51,2022-03-31,132,132,2022-04-27,27,1,1,1,1
1,3,129,HR_141,HR_044,R,8,TRUE,TRUE,TRUE,8,"1,4,8",NA,2021-12-17,2021-11-19,NA,NA,NA,2022-03-31,2022-04-07,2022-04-14,2022-04-20,2022-04-27,NA,NA,NA,NA,NA,2022-03-31,19,0,0,19,0,34,1.7894736842105263,34,2022-03-31,104,132,2022-04-27,27,1,1,1,1
1,3,130,HR_139,HR_127,n,7,TRUE,FALSE,TRUE,7,7,NA,2021-12-06,2021-11-19,NA,NA,NA,2022-03-31,2022-04-07,2022-04-14,2022-04-20,NA,NA,NA,NA,NA,NA,2022-03-31,15,1,0,16,20,36,2.4,38.4,2022-03-31,115,132,2022-04-20,20,1,1,1,1
1,3,131,HR_100,HR_192,n,1,TRUE,FALSE,TRUE,1,1,NA,2021-12-06,2021-11-19,NA,NA,NA,NA,NA,2022-04-14,NA,NA,NA,NA,NA,NA,NA,2022-04-14,0,0,0,0,20,NA,0,0,2022-04-14,129,146,2022-04-14,0,1,1,0,0
1,3,132,HR_160,HR_079,n,4,TRUE,FALSE,TRUE,4,4,NA,2021-12-06,2021-11-19,NA,NA,NA,NA,2022-04-07,2022-04-14,2022-04-20,2022-04-27,NA,NA,NA,NA,NA,2022-04-14,11,0,0,11,21,9,0.8181818181818182,9,2022-04-07,122,139,2022-04-27,20,1,1,1,1
1,3,133,HR_090,HR_053,n,3,TRUE,FALSE,TRUE,3,3,NA,2021-12-06,2021-11-19,NA,NA,NA,NA,2022-04-07,2022-04-14,2022-04-20,NA,NA,NA,NA,NA,NA,2022-04-07,4,0,0,4,16,0,0,0,2022-04-07,122,139,2022-04-20,13,1,1,1,0
1,3,134,HR_141,HR_184,R,6,TRUE,TRUE,TRUE,6,"2,6,3",NA,2021-12-06,2021-11-19,NA,NA,NA,2022-03-31,2022-04-07,2022-04-14,2022-04-20,2022-04-27,2022-05-05,2022-05-11,NA,NA,NA,2022-03-31,7,3,0,10,0,5,0.7142857142857143,7.142857142857143,2022-03-31,115,132,2022-05-11,41,1,1,1,1
1,3,135,HR_121,HR_139,n,2,TRUE,FALSE,TRUE,2,2,NA,2021-12-06,2021-11-19,NA,NA,NA,2022-03-31,2022-04-07,2022-04-14,2022-04-20,2022-04-27,NA,NA,NA,NA,NA,2022-04-20,12,1,0,13,20,15,1.25,16.25,2022-03-31,115,132,2022-04-27,27,1,1,1,1
1,3,136,HR_059,HR_166,n,4,TRUE,FALSE,TRUE,4,4,NA,2021-12-06,2021-11-19,NA,NA,NA,NA,2022-04-07,2022-04-14,2022-04-20,2022-04-27,NA,NA,2022-05-20,2022-05-24,NA,NA,4,0,0,4,20,6,1.5,6,2022-04-07,122,139,2022-05-24,47,1,1,1,1
1,3,137,HR_008,HR_042,n,7,TRUE,FALSE,TRUE,7,7,NA,2021-12-06,2021-11-19,NA,NA,NA,NA,2022-04-07,2022-04-14,2022-04-20,2022-04-27,2022-05-05,NA,NA,NA,NA,2022-04-14,4,0,0,4,21,1,0.25,1,2022-04-07,122,139,2022-05-05,28,1,1,1,1
2,4,138,HR_085,HR_107,n,7,TRUE,FALSE,TRUE,7,7,NA,2021-12-06,2021-11-19,NA,NA,NA,2022-03-31,2022-04-07,2022-04-14,2022-04-20,2022-04-26,NA,2022-05-11,NA,NA,NA,2022-03-31,18,5,0,23,0,20,1.1111111111111112,25.555555555555557,2022-03-31,115,132,2022-05-11,41,1,1,1,1
2,4,139,HR_062,HR_136,n,3,TRUE,FALSE,TRUE,3,3,NA,2021-11-19,2021-11-19,NA,NA,NA,2022-03-31,2022-04-07,2022-04-14,2022-04-20,2022-04-27,2022-05-04,2022-05-11,2022-05-20,2022-05-24,NA,2022-04-20,0,0,0,0,0,NA,0,0,2022-03-31,132,132,2022-05-24,54,1,1,0,0
2,4,140,HR_002,HR_071,R,5,TRUE,TRUE,TRUE,5,"5,2,4",NA,2021-12-06,2021-11-19,NA,NA,NA,2022-03-31,2022-04-07,2022-04-14,2022-04-20,NA,NA,NA,NA,NA,NA,2022-03-31,17,1,0,18,0,11,0.6470588235294118,11.647058823529413,2022-03-31,115,132,2022-04-20,20,1,1,1,1
2,4,141,HR_180,HR_036,n,8,TRUE,FALSE,TRUE,8,8,NA,2021-11-19,2021-11-19,NA,NA,2022-03-24,2022-03-31,2022-04-07,2022-04-14,2022-04-20,NA,NA,NA,NA,NA,NA,2022-03-24,22,1,0,23,0,24,1.0909090909090908,25.09090909090909,2022-03-24,125,125,2022-04-20,27,1,1,1,1
2,4,142,HR_069,HR_108,n,2,TRUE,FALSE,TRUE,2,2,NA,2021-12-06,2021-11-19,NA,NA,NA,2022-03-31,2022-04-07,2022-04-14,2022-04-20,NA,NA,2022-05-11,NA,NA,2022-05-18,2022-04-07,7,0,0,7,0,1,0.14285714285714285,1,2022-03-31,115,132,2022-05-11,41,1,1,1,1
2,4,143,HR_135,HR_004,n,3,TRUE,FALSE,TRUE,3,3,NA,2021-12-06,2021-11-19,NA,NA,NA,2022-03-31,2022-04-07,NA,NA,NA,NA,2022-05-11,NA,NA,NA,2022-03-31,2,0,0,2,0,0,0,0,2022-03-31,115,132,2022-05-11,41,1,1,1,0
2,4,144,HR_149,HR_007,n,7,TRUE,FALSE,TRUE,7,7,NA,2021-11-19,2021-11-19,NA,NA,NA,2022-03-31,2022-04-07,2022-04-14,2022-04-20,NA,NA,NA,NA,NA,NA,2022-03-31,8,0,0,8,0,11,1.375,11,2022-03-31,132,132,2022-04-20,20,1,1,1,1
2,4,145,HR_053,HR_169,n,5,TRUE,FALSE,TRUE,5,5,NA,2021-12-06,2021-11-19,NA,NA,NA,2022-03-31,2022-04-07,2022-04-14,2022-04-20,2022-04-27,NA,NA,NA,NA,NA,2022-03-31,8,0,0,8,0,7,0.875,7,2022-03-31,115,132,2022-04-27,27,1,1,1,1
2,4,146,HR_108,HR_175,n,6,TRUE,FALSE,TRUE,6,6,NA,2021-12-06,2021-11-19,NA,NA,NA,2022-03-31,2022-04-07,2022-04-14,2022-04-20,NA,NA,NA,NA,NA,NA,2022-03-31,11,0,0,11,0,9,0.8181818181818182,9,2022-03-31,115,132,2022-04-20,20,1,1,1,1
2,4,147,HR_168,HR_064,R,4,TRUE,TRUE,TRUE,4,"2,7,4",NA,2021-12-06,2021-11-19,NA,NA,NA,2022-03-31,2022-04-07,2022-04-14,NA,NA,NA,NA,NA,NA,NA,2022-04-07,2,0,0,2,0,1,0.5,1,2022-03-31,115,132,2022-04-14,14,1,1,1,1
2,4,148,HR_157,HR_085,n,5,TRUE,FALSE,TRUE,5,5,NA,NA,2021-11-19,NA,NA,NA,NA,2022-04-07,NA,NA,NA,NA,NA,NA,NA,NA,2022-04-07,2,0,0,2,0,1,0.5,1,2022-04-07,NA,139,2022-04-07,0,0,1,1,1
2,4,149,HR_175,HR_164,n,1,TRUE,FALSE,TRUE,1,1,NA,2021-12-06,2021-11-19,NA,NA,NA,2022-03-31,2022-04-07,2022-04-14,2022-04-20,NA,NA,NA,NA,NA,NA,2022-03-31,4,0,0,4,0,6,1.5,6,2022-03-31,115,132,2022-04-20,20,1,1,1,1
2,4,150,HR_006,HR_146,R,7,TRUE,TRUE,TRUE,7,"1,5,7",NA,2021-12-06,2021-11-19,NA,NA,2022-03-24,2022-03-31,2022-04-07,2022-04-14,2022-04-20,NA,NA,NA,NA,NA,NA,2022-03-24,10,0,0,10,0,14,1.4,14,2022-03-24,108,125,2022-04-20,27,1,1,1,1
2,4,151,HR_189,HR_168,n,4,TRUE,FALSE,TRUE,4,4,NA,2021-12-06,2021-11-19,NA,NA,NA,2022-03-31,2022-04-07,2022-04-14,NA,NA,NA,NA,NA,NA,NA,2022-03-31,4,0,0,4,0,4,1,4,2022-03-31,115,132,2022-04-14,14,1,1,1,1
2,4,152,HR_057,HR_147,n,5,TRUE,FALSE,TRUE,5,5,NA,2021-12-06,2021-11-19,NA,NA,NA,2022-03-31,2022-04-07,2022-04-14,NA,NA,NA,NA,NA,NA,NA,2022-03-31,2,0,0,2,0,12,6,12,2022-03-31,115,132,2022-04-14,14,1,1,1,1
2,4,153,HR_059,HR_166,n,6,TRUE,FALSE,TRUE,6,6,NA,NA,2021-11-19,NA,NA,NA,NA,2022-04-07,2022-04-14,2022-04-20,2022-04-27,NA,NA,NA,NA,NA,2022-04-07,2,0,0,2,0,6,3,6,2022-04-07,NA,139,2022-04-27,20,0,1,1,1
2,4,154,HR_074,HR_070,n,5,TRUE,FALSE,TRUE,5,5,NA,2021-12-06,2021-11-19,NA,NA,NA,NA,2022-04-07,2022-04-14,2022-04-20,2022-04-27,2022-05-04,NA,NA,NA,NA,2022-04-07,6,1,0,7,0,0,0,0,2022-04-07,122,139,2022-05-04,27,1,1,1,0
2,4,155,HR_164,HR_005,n,8,TRUE,FALSE,TRUE,8,8,NA,2021-12-06,2021-11-19,NA,NA,NA,2022-03-31,2022-04-07,2022-04-14,2022-04-20,NA,NA,NA,NA,NA,NA,2022-03-31,12,0,0,12,0,9,0.75,9,2022-03-31,115,132,2022-04-20,20,1,1,1,1
2,4,156,HR_085,HR_035,n,8,TRUE,FALSE,TRUE,8,8,NA,2021-12-06,2021-11-19,NA,NA,NA,NA,2022-04-07,2022-04-14,NA,NA,2022-05-04,NA,NA,NA,NA,2022-03-31,7,0,0,7,0,6,0.8571428571428571,6,2022-04-07,122,139,2022-05-04,27,1,1,1,1
2,4,157,HR_008,HR_058,n,2,TRUE,FALSE,TRUE,2,2,NA,2021-12-06,2021-11-19,NA,NA,NA,NA,2022-04-07,2022-04-14,NA,NA,NA,NA,NA,NA,NA,2022-04-07,7,1,0,8,0,0,0,0,2022-04-07,122,139,2022-04-14,7,1,1,1,0
2,4,158,HR_008,HR_012,n,1,TRUE,FALSE,TRUE,1,1,NA,2021-12-06,2021-11-19,NA,NA,NA,NA,2022-04-07,2022-04-14,2022-04-20,NA,NA,NA,NA,NA,NA,2022-04-07,0,0,0,0,0,NA,0,0,2022-04-07,122,139,2022-04-20,13,1,1,0,0
2,4,159,HR_027,HR_145,R,6,TRUE,TRUE,TRUE,6,"1,6,3",NA,2021-11-19,2021-11-19,NA,NA,NA,NA,2022-04-07,2022-04-14,2022-04-20,NA,NA,NA,NA,NA,NA,2022-04-07,7,0,0,7,0,4,0.5714285714285714,4,2022-04-07,139,139,2022-04-20,13,1,1,1,1
2,4,160,HR_125,HR_034,n,7,TRUE,FALSE,TRUE,7,7,NA,2021-11-19,2021-11-19,NA,NA,NA,NA,2022-04-07,2022-04-14,NA,NA,NA,NA,NA,NA,NA,2022-04-07,3,0,0,3,0,6,2,6,2022-04-07,139,139,2022-04-14,7,1,1,1,1
2,4,161,HR_090,HR_053,n,7,TRUE,FALSE,TRUE,7,7,NA,2021-12-06,2021-11-19,NA,NA,NA,NA,2022-04-07,2022-04-14,2022-04-20,NA,NA,NA,NA,NA,NA,2022-04-07,5,1,0,6,0,1,0.2,1.2000000000000002,2022-04-07,122,139,2022-04-20,13,1,1,1,1
2,4,162,HR_135,HR_083,n,4,TRUE,FALSE,TRUE,4,4,NA,2021-12-06,2021-11-19,NA,NA,NA,NA,2022-04-07,2022-04-14,2022-04-20,NA,NA,NA,NA,NA,NA,2022-04-07,5,0,0,5,0,1,0.2,1,2022-04-07,122,139,2022-04-20,13,1,1,1,1
2,4,163,HR_141,HR_184,R,8,TRUE,TRUE,TRUE,8,"2,6,8",NA,2021-12-06,2021-11-19,NA,NA,NA,2022-03-31,2022-04-07,2022-04-14,2022-04-20,2022-04-27,NA,NA,NA,NA,NA,2022-03-31,6,0,0,6,0,6,1,6,2022-03-31,115,132,2022-04-27,27,1,1,1,1
2,4,164,HR_008,HR_042,n,8,TRUE,FALSE,TRUE,8,8,NA,2021-12-06,2021-11-19,NA,NA,NA,2022-03-31,2022-04-07,2022-04-14,2022-04-20,2022-04-27,NA,2022-05-11,NA,NA,NA,2022-03-31,11,0,0,11,0,1,0.09090909090909091,1,2022-03-31,115,132,2022-05-11,41,1,1,1,1
2,4,165,HR_088,HR_067,n,3,TRUE,FALSE,TRUE,3,3,NA,2021-12-06,2021-11-19,NA,NA,NA,2022-03-31,2022-04-07,2022-04-14,2022-04-20,2022-04-27,2022-05-04,NA,NA,NA,NA,2022-03-31,13,0,0,13,0,0,0,0,2022-03-31,115,132,2022-05-04,34,1,1,1,0
2,4,166,HR_069,HR_156,n,6,TRUE,FALSE,TRUE,6,6,NA,2021-12-06,2021-11-19,NA,NA,NA,2022-03-31,2022-04-07,2022-04-14,NA,NA,NA,NA,NA,NA,NA,2022-03-31,10,0,0,10,0,7,0.7,7,2022-03-31,115,132,2022-04-14,14,1,1,1,1
2,4,167,HR_147,HR_118,n,1,TRUE,FALSE,TRUE,1,1,NA,2021-12-06,2021-11-19,NA,NA,NA,2022-03-31,2022-04-07,2022-04-14,2022-04-20,NA,NA,NA,NA,NA,NA,2022-03-31,5,0,0,5,0,3,0.6,3,2022-03-31,115,132,2022-04-20,20,1,1,1,1
2,4,168,HR_100,HR_192,n,6,TRUE,FALSE,TRUE,6,6,NA,2021-12-06,2021-11-19,NA,NA,NA,2022-03-31,2022-04-07,2022-04-14,NA,2022-04-27,NA,NA,2022-05-20,NA,NA,2022-03-31,2,1,0,3,0,0,0,0,2022-03-31,115,132,2022-05-20,50,1,1,1,0
2,4,169,HR_121,HR_139,n,6,TRUE,FALSE,TRUE,6,6,NA,2021-12-06,2021-11-19,NA,NA,2022-03-24,2022-03-31,2022-04-07,2022-04-14,2022-04-20,NA,NA,NA,NA,NA,NA,2022-03-24,10,1,0,11,0,4,0.4,4.4,2022-03-24,108,125,2022-04-20,27,1,1,1,1
2,4,170,HR_066,HR_078,n,5,TRUE,FALSE,TRUE,5,5,NA,2021-12-06,2021-11-19,NA,NA,2022-03-24,2022-03-31,2022-04-07,2022-04-14,2022-04-20,NA,NA,NA,NA,NA,NA,2022-03-24,8,0,0,8,0,12,1.5,12,2022-03-24,108,125,2022-04-20,27,1,1,1,1
2,4,171,HR_034,HR_017,R,3,TRUE,TRUE,TRUE,3,"2,6,3",NA,2021-12-06,2021-11-19,NA,NA,NA,2022-03-31,2022-04-07,2022-04-14,2022-04-20,2022-04-27,2022-05-04,NA,NA,NA,NA,2022-03-31,15,0,0,15,0,4,0.26666666666666666,4,2022-03-31,115,132,2022-05-04,34,1,1,1,1
2,4,172,HR_059,HR_011,n,4,TRUE,FALSE,TRUE,4,4,NA,2021-12-06,2021-11-19,NA,NA,NA,2022-03-31,2022-04-07,2022-04-14,2022-04-20,NA,NA,NA,NA,NA,NA,2022-03-31,9,0,0,9,0,11,1.2222222222222223,11,2022-03-31,115,132,2022-04-20,20,1,1,1,1
2,4,173,HR_090,HR_126,n,8,TRUE,FALSE,TRUE,8,8,NA,2021-12-06,2021-11-19,NA,NA,2022-03-24,2022-03-31,2022-04-07,2022-04-14,2022-04-20,2022-04-27,NA,NA,NA,NA,NA,2022-03-24,29,4,0,33,0,16,0.5517241379310345,18.20689655172414,2022-03-24,108,125,2022-04-27,34,1,1,1,1
2,4,174,HR_034,HR_080,R,5,TRUE,TRUE,TRUE,5,"1,5,2",NA,2021-11-19,2021-11-19,NA,NA,NA,2022-03-31,2022-04-07,2022-04-14,NA,NA,NA,NA,2022-05-20,NA,NA,2022-03-31,5,1,0,6,0,1,0.2,1.2000000000000002,2022-03-31,132,132,2022-05-20,50,1,1,1,1
2,4,175,HR_147,HR_150,n,5,TRUE,FALSE,TRUE,5,5,NA,2021-12-06,2021-11-19,NA,NA,2022-03-24,2022-03-31,2022-04-07,2022-04-14,NA,NA,NA,NA,NA,NA,NA,2022-03-24,16,3,0,19,0,8,0.5,9.5,2022-03-24,108,125,2022-04-14,21,1,1,1,1
2,4,176,HR_131,HR_049,n,4,TRUE,FALSE,TRUE,4,4,NA,2021-12-17,2021-11-19,NA,NA,2022-03-24,2022-03-31,2022-04-07,2022-04-14,NA,NA,NA,NA,NA,NA,NA,2022-03-31,14,0,0,14,1,8,0.5714285714285714,8,2022-03-24,97,125,2022-04-14,21,1,1,1,1
2,4,177,HR_133,HR_158,n,7,TRUE,FALSE,TRUE,7,7,NA,2021-11-19,2021-11-19,NA,NA,2022-03-24,2022-03-31,2022-04-07,2022-04-14,2022-04-20,NA,NA,NA,NA,NA,NA,2022-03-24,8,2,0,10,0,3,0.375,3.75,2022-03-24,125,125,2022-04-20,27,1,1,1,1
2,4,178,HR_175,HR_196,n,1,TRUE,FALSE,TRUE,1,1,NA,2021-12-17,2021-11-19,NA,NA,NA,2022-03-31,2022-04-07,2022-04-14,NA,NA,NA,NA,NA,NA,NA,2022-03-31,10,0,0,10,0,15,1.5,15,2022-03-31,104,132,2022-04-14,14,1,1,1,1
2,4,179,HR_070,HR_061,n,3,TRUE,FALSE,TRUE,3,3,NA,2021-12-06,2021-11-19,NA,NA,NA,2022-03-31,2022-04-07,2022-04-14,2022-04-20,2022-04-27,NA,NA,NA,NA,NA,2022-03-31,0,0,0,0,0,NA,0,0,2022-03-31,115,132,2022-04-27,27,1,1,0,0
2,4,180,HR_005,HR_040,R,5,TRUE,TRUE,TRUE,5,"5,2,8",NA,2021-12-06,2021-11-19,NA,NA,NA,2022-03-31,2022-04-07,2022-04-14,2022-04-20,2022-04-27,NA,NA,NA,NA,NA,2022-03-31,17,0,0,17,0,14,0.8235294117647058,14,2022-03-31,115,132,2022-04-27,27,1,1,1,1
2,4,181,HR_110,HR_039,n,6,TRUE,FALSE,TRUE,6,6,NA,2021-12-06,2021-11-19,NA,NA,2022-03-24,2022-03-31,2022-04-07,2022-04-14,2022-04-20,NA,NA,NA,NA,NA,NA,2022-03-24,30,2,0,32,0,20,0.6666666666666666,21.333333333333332,2022-03-24,108,125,2022-04-20,27,1,1,1,1
2,4,182,HR_121,HR_141,n,4,TRUE,FALSE,TRUE,4,4,NA,2021-12-06,2021-11-19,NA,NA,NA,2022-03-31,2022-04-07,2022-04-14,NA,NA,NA,NA,NA,NA,NA,2022-03-31,9,0,0,9,0,5,0.5555555555555556,5,2022-03-31,115,132,2022-04-14,14,1,1,1,1
2,4,183,HR_156,HR_193,n,3,TRUE,FALSE,TRUE,3,3,NA,2021-12-06,2021-11-19,NA,NA,NA,2022-03-31,2022-04-07,2022-04-14,2022-04-20,2022-04-27,NA,NA,NA,NA,NA,2022-03-31,16,0,0,16,0,15,0.9375,15,2022-03-31,115,132,2022-04-27,27,1,1,1,1
2,5,184,HR_148,HR_050,n,6,TRUE,FALSE,TRUE,6,6,NA,2021-11-19,2021-11-19,NA,NA,2022-03-24,2022-03-31,2022-04-07,2022-04-14,2022-04-20,2022-04-27,NA,2022-05-11,NA,NA,NA,2022-03-24,48,5,0,53,0,62,1.2916666666666667,68.45833333333334,2022-03-24,125,125,2022-05-11,48,1,1,1,1
2,5,185,HR_155,HR_047,n,5,TRUE,FALSE,TRUE,5,5,NA,2021-12-06,2021-11-19,NA,NA,2022-03-24,2022-03-31,2022-04-07,2022-04-14,2022-04-20,NA,NA,NA,NA,NA,NA,2022-03-24,2,0,0,2,0,7,3.5,7,2022-03-24,108,125,2022-04-20,27,1,1,1,1
2,5,186,HR_090,HR_103,n,8,TRUE,FALSE,TRUE,8,8,NA,2021-12-06,2021-11-19,NA,NA,2022-03-24,2022-03-31,2022-04-07,2022-04-14,2022-04-20,2022-04-27,NA,NA,NA,NA,NA,2022-03-24,23,2,0,25,0,62,2.6956521739130435,67.3913043478261,2022-03-24,108,125,2022-04-27,34,1,1,1,1
2,5,187,HR_200,HR_153,n,1,TRUE,FALSE,TRUE,1,1,NA,2021-12-06,2021-11-19,NA,NA,2022-03-24,2022-03-31,2022-04-07,2022-04-14,NA,NA,NA,NA,NA,NA,NA,2022-03-24,0,0,0,0,0,NA,0,0,2022-03-24,108,125,2022-04-14,21,1,1,0,0
2,5,188,HR_196,HR_170,n,4,TRUE,FALSE,TRUE,4,4,NA,2021-12-06,2021-11-19,NA,NA,2022-03-24,2022-03-31,2022-04-07,2022-04-14,NA,NA,NA,NA,NA,NA,NA,2022-03-24,10,1,0,11,0,12,1.2,13.2,2022-03-24,108,125,2022-04-14,21,1,1,1,1
2,5,189,HR_139,HR_127,n,1,TRUE,FALSE,TRUE,1,1,NA,2021-12-06,2021-11-19,NA,NA,NA,2022-03-31,2022-04-07,2022-04-14,2022-04-20,NA,NA,NA,NA,NA,NA,2022-03-31,14,0,0,14,6,42,3,42,2022-03-31,115,132,2022-04-20,20,1,1,1,1
2,5,190,HR_135,HR_152,n,7,TRUE,FALSE,TRUE,7,7,NA,2021-12-06,2021-11-19,NA,NA,2022-03-24,2022-03-31,2022-04-07,2022-04-14,2022-04-20,NA,NA,NA,NA,NA,NA,2022-03-24,0,0,0,0,0,NA,0,0,2022-03-24,108,125,2022-04-20,27,1,1,0,0
2,5,191,HR_148,HR_109,n,8,TRUE,FALSE,TRUE,8,8,NA,2021-12-06,2021-11-19,NA,NA,2022-03-24,2022-03-31,2022-04-07,2022-04-14,NA,NA,NA,NA,NA,NA,NA,2022-03-24,1,0,0,1,0,0,0,0,2022-03-24,108,125,2022-04-14,21,1,1,1,0
2,5,192,HR_195,HR_181,n,6,TRUE,FALSE,TRUE,6,6,NA,2021-12-06,2021-11-19,NA,NA,NA,2022-03-31,2022-04-07,2022-04-14,2022-04-20,NA,NA,NA,NA,NA,NA,2022-03-31,15,0,0,15,0,16,1.0666666666666667,16,2022-03-31,115,132,2022-04-20,20,1,1,1,1
2,5,193,HR_057,HR_110,n,4,TRUE,FALSE,TRUE,4,4,NA,2021-12-06,2021-11-19,NA,NA,NA,2022-03-31,2022-04-07,2022-04-14,NA,NA,NA,NA,NA,NA,NA,2022-03-31,8,0,0,8,0,29,3.625,29,2022-03-31,115,132,2022-04-14,14,1,1,1,1
2,5,194,HR_085,HR_176,n,6,TRUE,FALSE,TRUE,6,6,NA,2021-12-06,2021-11-19,NA,NA,2022-03-24,2022-03-31,2022-04-07,2022-04-14,NA,NA,NA,NA,NA,NA,NA,2022-03-24,9,0,0,9,0,15,1.6666666666666667,15,2022-03-24,108,125,2022-04-14,21,1,1,1,1
2,5,195,HR_066,HR_087,n,3,TRUE,FALSE,TRUE,3,3,NA,2021-12-06,2021-11-19,NA,NA,2022-03-24,2022-03-31,2022-04-07,2022-04-14,NA,NA,NA,NA,NA,NA,NA,2022-03-24,5,0,0,5,0,4,0.8,4,2022-03-24,108,125,2022-04-14,21,1,1,1,1
2,5,196,HR_171,HR_073,n,5,TRUE,FALSE,TRUE,5,5,NA,2021-12-06,2021-11-19,NA,NA,2022-03-24,2022-03-31,2022-04-07,2022-04-14,NA,2022-04-27,NA,NA,NA,NA,NA,2022-03-31,16,2,0,18,0,24,1.5,27,2022-03-24,108,125,2022-04-27,34,1,1,1,1
2,5,197,HR_070,HR_123,n,6,TRUE,FALSE,TRUE,6,6,NA,2021-12-06,2021-11-19,NA,NA,2022-03-24,2022-03-31,2022-04-07,2022-04-14,NA,NA,NA,NA,NA,NA,NA,2022-03-24,7,1,0,8,0,12,1.7142857142857142,13.714285714285714,2022-03-24,108,125,2022-04-14,21,1,1,1,1
2,5,198,HR_171,HR_057,n,5,TRUE,FALSE,TRUE,5,5,NA,2021-12-06,2021-11-19,NA,NA,NA,2022-03-31,2022-04-07,2022-04-14,NA,NA,NA,NA,NA,NA,NA,2022-03-31,9,0,0,9,0,15,1.6666666666666667,15,2022-03-31,115,132,2022-04-14,14,1,1,1,1
2,5,199,HR_149,HR_065,n,4,TRUE,FALSE,TRUE,4,4,NA,2021-12-06,2021-11-19,NA,NA,NA,2022-03-31,2022-04-07,2022-04-14,2022-04-20,NA,NA,NA,NA,NA,NA,2022-03-31,14,0,0,14,0,29,2.0714285714285716,29.000000000000004,2022-03-31,115,132,2022-04-20,20,1,1,1,1
2,5,200,HR_160,HR_033,n,6,TRUE,FALSE,TRUE,6,6,NA,2021-12-06,2021-11-19,NA,NA,2022-03-24,2022-03-31,2022-04-07,2022-04-14,2022-04-20,2022-04-27,2022-05-05,NA,NA,NA,NA,2022-03-24,14,0,0,14,0,7,0.5,7,2022-03-24,108,125,2022-05-05,42,1,1,1,1
2,5,201,HR_196,HR_054,n,5,TRUE,FALSE,TRUE,5,5,NA,2021-12-06,2021-11-19,NA,NA,NA,2022-03-31,2022-04-07,NA,NA,NA,NA,NA,NA,NA,NA,NA,2,0,0,2,0,1,0.5,1,2022-03-31,115,132,2022-04-07,7,1,1,1,1
2,5,202,HR_027,HR_119,R,1,TRUE,TRUE,TRUE,1,"1,2,7",NA,2021-12-06,2021-11-19,NA,NA,NA,2022-03-31,2022-04-07,2022-04-14,2022-04-20,2022-04-27,NA,NA,NA,NA,NA,2022-03-31,11,0,0,11,0,31,2.8181818181818183,31,2022-03-31,115,132,2022-04-27,27,1,1,1,1
2,5,203,HR_133,HR_072,n,6,TRUE,FALSE,TRUE,6,6,NA,2021-12-06,2021-11-19,NA,NA,NA,2022-03-31,2022-04-07,2022-04-14,2022-04-20,2022-04-27,NA,NA,NA,NA,NA,2022-03-31,7,0,0,7,0,16,2.2857142857142856,16,2022-03-31,115,132,2022-04-27,27,1,1,1,1
2,5,204,HR_108,HR_177,n,6,TRUE,FALSE,TRUE,6,6,NA,2021-12-06,2021-11-19,NA,NA,NA,2022-03-31,2022-04-07,2022-04-14,2022-04-20,NA,NA,NA,NA,NA,NA,2022-03-31,10,0,0,10,0,17,1.7,17,2022-03-31,115,132,2022-04-20,20,1,1,1,1
2,5,205,HR_164,HR_201,n,6,TRUE,FALSE,TRUE,6,6,NA,2021-12-06,2021-11-19,NA,NA,NA,2022-03-31,2022-04-07,2022-04-14,2022-04-20,NA,NA,NA,NA,NA,NA,2022-03-31,13,1,0,14,0,5,0.38461538461538464,5.384615384615385,2022-03-31,115,132,2022-04-20,20,1,1,1,1
2,5,206,HR_196,HR_183,n,3,TRUE,FALSE,TRUE,3,3,NA,2021-12-06,2021-11-19,NA,NA,NA,2022-03-31,2022-04-07,2022-04-14,NA,NA,NA,NA,NA,NA,NA,2022-03-31,3,1,0,4,0,6,2,8,2022-03-31,115,132,2022-04-14,14,1,1,1,1
2,5,207,HR_125,HR_086,n,3,TRUE,FALSE,TRUE,3,3,NA,2021-12-17,2021-11-19,NA,NA,NA,NA,2022-04-07,NA,NA,NA,NA,NA,NA,NA,NA,2022-04-07,1,0,0,1,0,0,0,0,2022-04-07,111,139,2022-04-07,0,1,1,1,0
2,5,208,HR_062,HR_134,n,8,TRUE,FALSE,TRUE,8,8,NA,2021-12-06,2021-11-19,NA,NA,NA,2022-03-31,2022-04-07,2022-04-14,NA,NA,NA,NA,NA,NA,NA,2022-03-31,8,0,0,8,0,11,1.375,11,2022-03-31,115,132,2022-04-14,14,1,1,1,1
2,5,209,HR_057,HR_006,n,1,TRUE,FALSE,TRUE,1,1,NA,2021-12-17,2021-11-19,NA,NA,NA,NA,2022-04-07,2022-04-14,NA,NA,NA,NA,NA,NA,NA,2022-04-07,1,1,0,2,0,1,1,2,2022-04-07,111,139,2022-04-14,7,1,1,1,1
2,5,210,HR_156,HR_197,n,1,TRUE,FALSE,TRUE,1,1,NA,2021-12-17,2021-11-19,NA,NA,NA,NA,2022-04-07,2022-04-14,NA,NA,NA,NA,NA,NA,NA,NA,1,0,0,1,0,0,0,0,2022-04-07,111,139,2022-04-14,7,1,1,1,0
2,5,211,HR_069,HR_133,n,5,TRUE,FALSE,TRUE,5,5,NA,2021-12-17,2021-11-19,NA,NA,NA,2022-03-31,2022-04-07,2022-04-14,NA,NA,NA,NA,NA,NA,NA,2022-03-31,0,0,0,0,0,NA,0,0,2022-03-31,104,132,2022-04-14,14,1,1,0,0
2,5,212,HR_005,HR_180,R,8,TRUE,TRUE,TRUE,8,"2,4,8",NA,2021-12-06,2021-11-19,NA,NA,NA,2022-03-31,2022-04-07,2022-04-14,2022-04-20,NA,NA,NA,NA,NA,NA,2022-03-31,16,1,0,17,0,46,2.875,48.875,2022-03-31,115,132,2022-04-20,20,1,1,1,1
2,5,213,HR_115,HR_131,n,2,TRUE,FALSE,TRUE,2,2,NA,2021-12-06,2021-11-19,NA,NA,NA,2022-03-31,2022-04-07,2022-04-14,2022-04-20,2022-04-27,NA,NA,NA,NA,NA,2022-03-31,3,0,0,3,0,0,0,0,2022-03-31,115,132,2022-04-27,27,1,1,1,0
2,5,214,HR_141,HR_044,R,3,TRUE,TRUE,TRUE,3,"5,6,3",NA,2021-12-06,2021-11-19,NA,NA,NA,2022-03-31,2022-04-07,2022-04-14,2022-04-20,2022-04-27,NA,NA,NA,NA,NA,2022-03-31,13,1,0,14,0,4,0.3076923076923077,4.307692307692308,2022-03-31,115,132,2022-04-27,27,1,1,1,1
2,5,215,HR_147,HR_021,n,1,TRUE,FALSE,TRUE,1,1,NA,2021-12-17,2021-11-19,NA,NA,NA,2022-03-31,2022-04-07,2022-04-14,2022-04-20,NA,NA,NA,NA,NA,NA,2022-04-07,5,0,0,5,0,0,0,0,2022-03-31,104,132,2022-04-20,20,1,1,1,0
2,5,216,HR_095,HR_124,n,6,TRUE,FALSE,TRUE,6,6,NA,2021-12-17,2021-11-19,NA,NA,NA,2022-03-31,2022-04-07,2022-04-14,2022-04-20,NA,NA,NA,NA,NA,NA,2022-03-31,3,1,0,4,0,1,0.3333333333333333,1.3333333333333333,2022-03-31,104,132,2022-04-20,20,1,1,1,1
2,5,218,HR_195,HR_068,n,7,TRUE,FALSE,TRUE,7,7,NA,2021-12-17,2021-11-19,NA,NA,NA,2022-03-31,2022-04-07,NA,NA,NA,NA,NA,NA,NA,NA,2022-03-31,1,0,0,1,0,0,0,0,2022-03-31,104,132,2022-04-07,7,1,1,1,0
2,5,219,HR_074,HR_066,n,3,TRUE,FALSE,TRUE,3,3,NA,2021-12-06,2021-11-19,NA,NA,2022-03-24,2022-03-31,2022-04-07,2022-04-14,NA,2022-04-27,NA,NA,NA,NA,NA,2022-03-24,5,0,0,5,0,7,1.4,7,2022-03-24,108,125,2022-04-27,34,1,1,1,1
2,5,220,HR_006,HR_142,R,6,TRUE,TRUE,TRUE,6,"5,2,6",NA,2021-12-17,2021-11-19,NA,NA,2022-03-24,2022-03-31,2022-04-07,2022-04-14,NA,NA,NA,NA,NA,NA,NA,2022-03-24,5,0,0,5,0,10,2,10,2022-03-24,97,125,2022-04-14,21,1,1,1,1
2,5,221,HR_006,HR_162,R,6,TRUE,TRUE,TRUE,6,"1,2,6",NA,2021-12-17,2021-11-19,NA,NA,NA,2022-03-31,2022-04-07,2022-04-14,2022-04-20,2022-04-27,NA,NA,NA,NA,NA,2022-04-07,7,0,0,7,0,8,1.1428571428571428,8,2022-03-31,104,132,2022-04-27,27,1,1,1,1
2,5,222,HR_095,HR_020,n,6,TRUE,FALSE,TRUE,6,6,NA,2021-12-17,2021-11-19,NA,NA,2022-03-24,2022-03-31,2022-04-07,2022-04-14,NA,NA,NA,NA,NA,NA,NA,2022-03-24,5,0,0,5,0,7,1.4,7,2022-03-24,97,125,2022-04-14,21,1,1,1,1
2,5,223,HR_070,HR_165,n,5,TRUE,FALSE,TRUE,5,5,NA,2021-12-06,2021-11-19,NA,NA,2022-03-24,2022-03-31,2022-04-07,2022-04-14,2022-04-20,NA,NA,NA,NA,NA,NA,2022-03-24,15,2,0,17,0,39,2.6,44.2,2022-03-24,108,125,2022-04-20,27,1,1,1,1
2,5,224,HR_139,HR_062,n,2,TRUE,FALSE,TRUE,2,2,NA,2021-12-06,2021-11-19,NA,NA,2022-03-24,2022-03-31,2022-04-07,2022-04-14,2022-04-20,2022-04-27,2022-05-05,NA,NA,NA,NA,2022-03-24,25,1,0,26,0,20,0.8,20.8,2022-03-24,108,125,2022-05-05,42,1,1,1,1
2,5,225,HR_027,HR_043,R,1,TRUE,TRUE,TRUE,1,"1,2,7",NA,2021-12-06,2021-11-19,NA,NA,2022-03-24,2022-03-31,2022-04-07,2022-04-14,NA,NA,NA,NA,NA,NA,NA,2022-03-24,11,0,0,11,0,23,2.090909090909091,23,2022-03-24,108,125,2022-04-14,21,1,1,1,1
2,5,226,HR_131,HR_046,n,4,TRUE,FALSE,TRUE,4,4,NA,2021-12-06,2021-11-19,NA,NA,2022-03-24,2022-03-31,2022-04-07,2022-04-14,NA,NA,NA,NA,NA,NA,NA,2022-03-31,0,0,0,0,0,NA,0,0,2022-03-24,108,125,2022-04-14,21,1,1,0,0
2,5,227,HR_155,HR_009,n,6,TRUE,FALSE,TRUE,6,6,NA,2021-12-06,2021-11-19,NA,NA,2022-03-24,2022-03-31,2022-04-07,2022-04-14,2022-04-20,NA,NA,NA,NA,NA,NA,2022-03-31,19,1,0,20,0,23,1.2105263157894737,24.210526315789473,2022-03-24,108,125,2022-04-20,27,1,1,1,1
2,5,228,HR_171,HR_001,n,5,TRUE,FALSE,TRUE,5,5,NA,2021-12-06,2021-11-19,NA,NA,2022-03-24,2022-03-31,2022-04-07,2022-04-14,NA,NA,NA,NA,NA,NA,NA,2022-03-24,13,1,0,14,0,14,1.0769230769230769,15.076923076923077,2022-03-24,108,125,2022-04-14,21,1,1,1,1
2,5,229,HR_002,HR_056,R,7,TRUE,TRUE,TRUE,7,"3,7,4",NA,2021-11-19,2021-11-19,NA,NA,2022-03-24,2022-03-31,2022-04-07,2022-04-14,2022-04-20,2022-04-27,NA,NA,NA,NA,NA,2022-03-31,19,0,0,19,0,44,2.3157894736842106,44,2022-03-24,125,125,2022-04-27,34,1,1,1,1
2,6,230,HR_175,HR_027,n,5,TRUE,FALSE,TRUE,5,5,NA,2021-12-06,2021-11-19,NA,NA,NA,2022-03-31,2022-04-07,2022-04-14,2022-04-20,2022-04-27,NA,NA,NA,NA,NA,2022-03-31,20,7,0,27,5,44,2.2,59.400000000000006,2022-03-31,115,132,2022-04-27,27,1,1,1,1
2,6,231,HR_034,HR_112,R,7,TRUE,TRUE,TRUE,7,"1,7,8",NA,2021-12-17,2021-11-19,NA,NA,2022-03-24,2022-03-31,2022-04-07,NA,NA,NA,NA,NA,NA,NA,NA,2022-03-24,0,NA,NA,0,NA,NA,0,0,2022-03-24,97,125,2022-04-07,14,1,1,0,0
2,6,232,HR_064,HR_028,n,1,TRUE,FALSE,TRUE,1,1,NA,2021-12-06,2021-11-19,NA,NA,2022-03-24,2022-03-31,2022-04-07,2022-04-14,2022-04-20,NA,NA,NA,NA,NA,NA,NA,11,10,0,21,1,30,2.727272727272727,57.272727272727266,2022-03-24,108,125,2022-04-20,27,1,1,1,1
2,6,233,HR_053,HR_092,n,3,TRUE,FALSE,TRUE,3,3,NA,2021-12-06,2021-11-19,NA,NA,2022-03-24,2022-03-31,2022-04-07,2022-04-14,NA,NA,NA,NA,NA,NA,NA,2022-03-24,7,6,0,13,2,30,4.285714285714286,55.714285714285715,2022-03-24,108,125,2022-04-14,21,1,1,1,1
2,6,234,HR_064,HR_019,n,4,TRUE,FALSE,TRUE,4,4,Two plants - 4 and 8 - recorded originally,2021-12-17,2021-11-19,NA,NA,2022-03-24,2022-03-31,2022-04-07,2022-04-14,2022-04-20,NA,2022-05-05,2022-05-11,2022-05-20,NA,NA,2022-04-20,14,1,0,15,0,2,0.14285714285714285,2.142857142857143,2022-03-24,97,125,2022-05-20,57,1,1,1,1
2,6,235,HR_180,HR_023,n,3,TRUE,FALSE,TRUE,3,3,NA,2021-12-06,2021-11-19,NA,NA,2022-03-24,2022-03-31,2022-04-07,2022-04-14,NA,NA,NA,NA,NA,NA,NA,2022-03-24,5,2,0,7,1,10,2,14,2022-03-24,108,125,2022-04-14,21,1,1,1,1
2,6,236,HR_115,HR_111,n,4,TRUE,FALSE,TRUE,4,4,**Why is there no fitness plant here? 6 or 7?,2021-12-17,2021-11-19,NA,NA,NA,2022-03-31,2022-04-07,2022-04-14,NA,NA,NA,NA,NA,NA,2022-05-18,NA,6,0,0,6,1,3,0.5,3,2022-03-31,104,132,2022-04-14,14,1,1,1,1
2,6,237,HR_139,HR_129,n,7,TRUE,FALSE,TRUE,7,7,NA,2021-12-06,2021-11-19,NA,NA,2022-03-24,2022-03-31,2022-04-07,2022-04-14,NA,NA,NA,NA,NA,NA,NA,2022-03-24,9,2,0,11,2,17,1.8888888888888888,20.77777777777778,2022-03-24,108,125,2022-04-14,21,1,1,1,1
2,6,239,HR_200,HR_159,n,4,TRUE,FALSE,TRUE,4,4,NA,2021-12-17,2021-11-19,NA,NA,2022-03-24,2022-03-31,2022-04-07,2022-04-14,NA,NA,NA,NA,NA,NA,NA,2022-03-24,6,1,0,7,0,9,1.5,10.5,2022-03-24,97,125,2022-04-14,21,1,1,1,1
2,6,240,HR_100,HR_195,n,5,TRUE,FALSE,TRUE,5,5,NA,2021-12-17,2021-11-19,NA,NA,NA,2022-03-31,2022-04-07,2022-04-14,NA,NA,NA,NA,NA,NA,NA,2022-03-31,5,0,0,5,2,22,4.4,22,2022-03-31,104,132,2022-04-14,14,1,1,1,1
2,6,241,HR_168,HR_148,R,4,TRUE,TRUE,TRUE,4,"6,3,4",NA,2021-12-17,2021-11-19,NA,NA,2022-03-24,2022-03-31,2022-04-07,2022-04-14,NA,NA,NA,NA,NA,NA,NA,2022-03-24,8,1,0,9,0,28,3.5,31.5,2022-03-24,97,125,2022-04-14,21,1,1,1,1
2,6,242,HR_160,HR_079,n,1,TRUE,FALSE,TRUE,1,NA,Fitness plant chosen in field but never recorded.,2021-12-17,2021-11-19,NA,NA,NA,2022-03-31,2022-04-07,2022-04-14,2022-04-20,NA,NA,NA,NA,NA,NA,NA,7,0,0,7,0,4,0.5714285714285714,4,2022-03-31,104,132,2022-04-20,20,1,1,1,1
2,6,243,HR_168,HR_101,R,4,TRUE,TRUE,TRUE,4,"1,2,4",NA,2021-12-06,2021-11-19,NA,NA,2022-03-24,2022-03-31,2022-04-07,2022-04-14,2022-04-20,2022-04-27,NA,NA,NA,NA,NA,2022-03-24,38,3,0,41,0,80,2.1052631578947367,86.3157894736842,2022-03-24,108,125,2022-04-27,34,1,1,1,1
2,6,244,HR_110,HR_037,n,6,TRUE,FALSE,TRUE,6,6,NA,2021-12-06,2021-11-19,NA,NA,NA,2022-03-31,2022-04-07,2022-04-14,2022-04-20,2022-04-27,NA,NA,NA,NA,NA,2022-03-31,0,0,0,0,3,NA,0,0,2022-03-31,115,132,2022-04-27,27,1,1,0,0
2,6,245,HR_088,HR_182,n,6,TRUE,FALSE,TRUE,6,6,NA,2021-12-06,2021-11-19,NA,NA,NA,2022-03-31,2022-04-07,2022-04-14,2022-04-20,2022-04-27,NA,NA,NA,NA,NA,2022-03-31,14,1,0,15,3,3,0.21428571428571427,3.214285714285714,2022-03-31,115,132,2022-04-27,27,1,1,1,1
2,6,246,HR_155,HR_121,n,7,TRUE,FALSE,TRUE,7,7,NA,2021-12-17,2021-11-19,NA,NA,NA,2022-03-31,2022-04-07,2022-04-14,NA,NA,NA,NA,NA,NA,NA,2022-03-31,5,0,0,5,2,4,0.8,4,2022-03-31,104,132,2022-04-14,14,1,1,1,1
2,6,247,HR_074,HR_115,n,6,TRUE,FALSE,TRUE,6,6,NA,2021-12-06,2021-11-19,NA,NA,2022-03-24,2022-03-31,2022-04-07,2022-04-14,NA,NA,NA,NA,NA,NA,NA,2022-03-24,1,0,0,1,0,2,2,2,2022-03-24,108,125,2022-04-14,21,1,1,1,1
2,6,248,HR_088,HR_014,n,5,TRUE,FALSE,TRUE,5,5,NA,2021-12-06,2021-11-19,NA,NA,2022-03-24,2022-03-31,2022-04-07,2022-04-14,2022-04-20,NA,NA,NA,NA,NA,NA,2022-03-24,21,2,0,23,4,20,0.9523809523809523,21.904761904761905,2022-03-24,108,125,2022-04-20,27,1,1,1,1
2,6,249,HR_157,HR_095,n,6,TRUE,FALSE,TRUE,6,6,NA,2021-12-06,2021-11-19,NA,NA,2022-03-24,2022-03-31,2022-04-07,NA,NA,NA,NA,NA,NA,NA,NA,2022-03-31,6,3,0,9,1,5,0.8333333333333334,7.5,2022-03-24,108,125,2022-04-07,14,1,1,1,1
2,6,250,HR_064,HR_190,n,4,TRUE,FALSE,TRUE,4,4,NA,2021-12-06,2021-11-19,NA,NA,2022-03-24,2022-03-31,2022-04-07,2022-04-14,NA,NA,NA,NA,NA,NA,NA,2022-03-24,7,2,0,9,0,6,0.8571428571428571,7.7142857142857135,2022-03-24,108,125,2022-04-14,21,1,1,1,1
2,6,251,HR_115,HR_026,n,2,TRUE,FALSE,TRUE,2,2,NA,2021-12-06,2021-11-19,NA,NA,NA,2022-03-31,2022-04-07,2022-04-14,NA,NA,NA,NA,NA,NA,NA,2022-03-31,10,0,0,10,0,6,0.6,6,2022-03-31,115,132,2022-04-14,14,1,1,1,1
2,6,252,HR_002,HR_059,R,4,TRUE,TRUE,TRUE,4,"3,4,8",NA,2021-12-06,2021-11-19,NA,NA,NA,2022-03-31,2022-04-07,2022-04-14,2022-04-20,NA,NA,NA,NA,NA,NA,2022-03-31,8,0,0,8,0,7,0.875,7,2022-03-31,115,132,2022-04-20,20,1,1,1,1
2,6,253,HR_148,HR_114,n,7,TRUE,FALSE,TRUE,7,7,NA,2021-12-06,2021-11-19,NA,NA,NA,2022-03-31,2022-04-07,NA,NA,NA,NA,NA,NA,NA,NA,2022-03-31,8,0,0,8,1,16,2,16,2022-03-31,115,132,2022-04-07,7,1,1,1,1
2,6,254,HR_180,HR_179,n,6,TRUE,FALSE,TRUE,6,6,NA,2021-12-06,2021-11-19,NA,NA,2022-03-24,2022-03-31,2022-04-07,2022-04-14,2022-04-20,NA,2022-05-05,NA,NA,NA,NA,2022-03-24,7,0,0,7,3,3,0.42857142857142855,3,2022-03-24,108,125,2022-05-05,42,1,1,1,1
2,6,255,HR_100,HR_135,n,3,TRUE,FALSE,TRUE,3,3,NA,2021-12-06,2021-11-19,NA,NA,NA,2022-03-31,2022-04-07,2022-04-14,NA,NA,NA,NA,NA,NA,NA,NA,2,1,0,3,0,0,0,0,2022-03-31,115,132,2022-04-14,14,1,1,1,0
2,6,256,HR_108,HR_016,n,8,TRUE,FALSE,TRUE,8,8,NA,2021-12-06,2021-11-19,NA,NA,2022-03-24,2022-03-31,2022-04-07,2022-04-14,2022-04-20,2022-04-27,NA,NA,NA,NA,NA,2022-03-31,23,2,0,25,3,8,0.34782608695652173,8.695652173913043,2022-03-24,108,125,2022-04-27,34,1,1,1,1
2,6,257,HR_195,HR_104,n,2,TRUE,FALSE,TRUE,2,2,NA,2021-12-06,2021-11-19,NA,NA,2022-03-24,2022-03-31,2022-04-07,2022-04-14,2022-04-20,NA,NA,NA,NA,NA,NA,2022-03-24,4,1,0,5,1,2,0.5,2.5,2022-03-24,108,125,2022-04-20,27,1,1,1,1
2,6,258,HR_133,HR_161,n,7,TRUE,FALSE,TRUE,7,7,NA,2021-12-06,2021-11-19,NA,NA,2022-03-24,2022-03-31,2022-04-07,NA,NA,NA,NA,NA,NA,NA,NA,2022-03-24,9,0,0,9,0,6,0.6666666666666666,6,2022-03-24,108,125,2022-04-07,14,1,1,1,1
2,6,259,HR_131,HR_113,n,5,TRUE,FALSE,TRUE,5,5,NA,2021-12-06,2021-11-19,NA,NA,2022-03-24,2022-03-31,2022-04-07,2022-04-14,2022-04-20,NA,NA,NA,NA,NA,NA,2022-03-24,16,1,0,17,0,13,0.8125,13.8125,2022-03-24,108,125,2022-04-20,27,1,1,1,1
2,6,260,HR_053,HR_038,n,7,TRUE,FALSE,TRUE,7,7,NA,2021-12-06,2021-11-19,NA,NA,2022-03-24,2022-03-31,2022-04-07,2022-04-14,2022-04-20,NA,NA,NA,NA,NA,NA,2022-03-24,0,0,0,0,0,NA,0,0,2022-03-24,108,125,2022-04-20,27,1,1,0,0
2,6,261,HR_059,HR_155,n,4,TRUE,FALSE,TRUE,4,4,NA,2021-12-06,2021-11-19,NA,NA,2022-03-24,2022-03-31,2022-04-07,2022-04-14,2022-04-20,2022-04-27,NA,NA,NA,NA,NA,2022-03-24,11,1,0,12,0,9,0.8181818181818182,9.818181818181818,2022-03-24,108,125,2022-04-27,34,1,1,1,1
2,6,262,HR_157,HR_088,n,2,TRUE,FALSE,TRUE,2,2,NA,2021-12-06,2021-11-19,NA,NA,2022-03-24,2022-03-31,2022-04-07,2022-04-14,NA,2022-04-27,NA,NA,NA,NA,NA,2022-03-24,10,1,0,11,0,9,0.9,9.9,2022-03-24,108,125,2022-04-27,34,1,1,1,1
2,6,263,HR_121,HR_105,n,1,TRUE,FALSE,TRUE,1,1,NA,2021-12-06,2021-11-19,NA,NA,NA,2022-03-31,2022-04-07,2022-04-14,2022-04-20,NA,NA,NA,NA,NA,NA,2022-03-31,14,0,0,14,1,3,0.21428571428571427,3,2022-03-31,115,132,2022-04-20,20,1,1,1,1
2,6,264,HR_189,HR_051,n,6,TRUE,FALSE,TRUE,6,6,NA,2021-12-06,2021-11-19,NA,NA,2022-03-24,2022-03-31,2022-04-07,2022-04-14,NA,NA,NA,NA,NA,NA,NA,2022-03-31,7,0,0,7,2,6,0.8571428571428571,6,2022-03-24,108,125,2022-04-14,21,1,1,1,1
2,6,265,HR_141,HR_015,R,7,TRUE,TRUE,TRUE,7,"2,6,7",NA,2021-12-06,2021-11-19,NA,NA,2022-03-24,2022-03-31,2022-04-07,2022-04-14,2022-04-20,NA,NA,NA,NA,NA,NA,2022-03-24,14,4,0,18,21,18,1.2857142857142858,23.142857142857146,2022-03-24,108,125,2022-04-20,27,1,1,1,1
2,6,266,HR_095,HR_178,n,2,TRUE,FALSE,TRUE,2,2,NA,2021-12-06,2021-11-19,NA,NA,2022-03-24,2022-03-31,2022-04-07,2022-04-14,NA,NA,NA,NA,NA,NA,NA,2022-03-31,9,1,0,10,0,31,3.4444444444444446,34.44444444444444,2022-03-24,108,125,2022-04-14,21,1,1,1,1
2,6,267,HR_149,HR_174,n,7,TRUE,FALSE,TRUE,7,7,NA,2021-12-06,2021-11-19,NA,NA,2022-03-24,2022-03-31,2022-04-07,NA,NA,NA,2022-05-05,NA,NA,NA,NA,2022-03-24,4,0,0,4,3,1,0.25,1,2022-03-24,108,125,2022-05-05,42,1,1,1,1
2,6,268,HR_164,HR_041,n,6,TRUE,FALSE,TRUE,6,6,Two plants recorded originally - 5 and 6,2021-12-06,2021-11-19,NA,NA,2022-03-24,2022-03-31,2022-04-07,2022-04-14,2022-04-20,NA,NA,NA,NA,NA,NA,2022-04-07,17,34,0,51,0,58,3.411764705882353,174,2022-03-24,108,125,2022-04-20,27,1,1,1,1
2,6,269,HR_156,HR_025,n,3,TRUE,FALSE,TRUE,3,3,NA,NA,2021-11-19,NA,NA,NA,2022-03-31,2022-04-07,NA,2022-04-20,2022-04-27,NA,2022-05-11,2022-05-20,NA,NA,2022-03-31,7,2,0,9,0,9,1.2857142857142858,11.571428571428573,2022-03-31,NA,132,2022-05-20,50,0,1,1,1
2,6,270,HR_062,HR_116,n,3,TRUE,FALSE,TRUE,3,3,NA,2021-12-17,2021-11-19,NA,NA,2022-03-24,2022-03-31,2022-04-07,2022-04-14,2022-04-20,2022-04-27,2022-05-05,NA,NA,2022-05-24,NA,2022-03-24,19,5,0,24,0,2,0.10526315789473684,2.526315789473684,2022-03-24,97,125,2022-05-24,61,1,1,1,1
2,6,271,HR_066,HR_137,n,4,TRUE,FALSE,TRUE,4,4,NA,2021-12-06,2021-11-19,NA,NA,2022-03-24,2022-03-31,2022-04-07,2022-04-14,NA,NA,NA,NA,NA,NA,NA,2022-03-24,13,4,0,17,5,15,1.1538461538461537,19.615384615384613,2022-03-24,108,125,2022-04-14,21,1,1,1,1
2,6,272,HR_110,HR_032,n,3,TRUE,FALSE,TRUE,3,3,NA,2021-12-06,2021-11-19,NA,NA,2022-03-24,2022-03-31,2022-04-07,2022-04-14,2022-04-20,NA,NA,NA,NA,NA,NA,2022-03-16,1,0,0,1,4,0,0,0,2022-03-24,108,125,2022-04-20,27,1,1,1,0
2,6,273,HR_189,HR_018,n,4,TRUE,FALSE,TRUE,4,4,NA,2021-12-06,2021-11-19,NA,NA,2022-03-24,2022-03-31,2022-04-07,2022-04-14,2022-04-20,NA,NA,NA,NA,NA,NA,2022-03-16,0,0,0,0,12,NA,0,0,2022-03-24,108,125,2022-04-20,27,1,1,0,0
2,6,274,HR_005,HR_149,R,3,TRUE,TRUE,TRUE,3,"3,6,7",NA,2021-12-06,2021-11-19,NA,NA,2022-03-24,2022-03-31,2022-04-07,2022-04-14,2022-04-20,2022-04-27,NA,NA,NA,NA,NA,2022-03-16,0,2,0,2,0,0,0,0,2022-03-24,108,125,2022-04-27,34,1,1,1,0
3,7,275,HR_066,HR_078,n,3,TRUE,FALSE,TRUE,3,3,NA,2021-12-06,2021-11-19,NA,NA,2022-03-24,2022-03-31,2022-04-07,2022-04-14,NA,2022-04-27,NA,NA,NA,NA,NA,2022-03-24,13,4,0,17,0,38,2.923076923076923,49.692307692307686,2022-03-24,108,125,2022-04-27,34,1,1,1,1
3,7,276,HR_180,HR_023,n,3,TRUE,FALSE,TRUE,3,3,NA,2021-12-06,2021-11-19,NA,NA,2022-03-24,2022-03-31,2022-04-07,2022-04-14,NA,NA,NA,NA,NA,NA,NA,2022-03-16,35,3,0,38,32,193,5.514285714285714,209.54285714285714,2022-03-24,108,125,2022-04-14,21,1,1,1,1
3,7,277,HR_074,HR_070,n,2,TRUE,FALSE,TRUE,2,2,Two plants recorded - 2 and 6,2021-12-06,2021-11-19,NA,NA,2022-03-24,2022-03-31,2022-04-07,2022-04-14,2022-04-20,2022-04-27,NA,NA,NA,NA,NA,2022-04-07,23,2,0,25,0,71,3.0869565217391304,77.17391304347827,2022-03-24,108,125,2022-04-27,34,1,1,1,1
3,7,278,HR_160,HR_173,n,3,TRUE,FALSE,TRUE,3,3,NA,2021-12-06,2021-11-19,NA,NA,2022-03-24,2022-03-31,2022-04-07,NA,2022-04-20,2022-04-27,2022-05-05,2022-05-11,NA,NA,NA,2022-03-24,1,1,0,2,13,0,0,0,2022-03-24,108,125,2022-05-11,48,1,1,1,0
3,7,279,HR_100,HR_192,n,1,TRUE,FALSE,TRUE,1,1,Two fitness plants originally recorded - 1 and 7. F plant chosen as plant 1 - no collections from plant 7 ever made.,2021-12-06,2021-11-19,NA,NA,NA,2022-03-31,2022-04-07,2022-04-14,2022-04-20,2022-04-27,NA,NA,NA,NA,NA,2022-04-14,22,0,0,22,0,38,1.7272727272727273,38,2022-03-31,115,132,2022-04-27,27,1,1,1,1
3,7,280,HR_195,HR_104,n,5,TRUE,FALSE,TRUE,5,5,NA,2021-12-17,2021-11-19,NA,NA,2022-03-24,2022-03-31,2022-04-07,2022-04-14,NA,NA,NA,NA,NA,NA,NA,2022-03-24,3,1,0,4,6,1,0.3333333333333333,1.3333333333333333,2022-03-24,97,125,2022-04-14,21,1,1,1,1
3,7,281,HR_133,HR_161,n,4,TRUE,FALSE,TRUE,4,4,NA,2021-12-06,2021-11-19,NA,NA,2022-03-24,2022-03-31,2022-04-07,2022-04-14,NA,NA,NA,NA,NA,NA,NA,2022-03-31,2,0,0,2,17,6,3,6,2022-03-24,108,125,2022-04-14,21,1,1,1,1
3,7,282,HR_064,HR_028,n,6,TRUE,FALSE,TRUE,6,6,NA,2021-12-06,2021-11-19,NA,NA,2022-03-24,2022-03-31,2022-04-07,2022-04-14,2022-04-20,2022-04-27,NA,NA,NA,NA,NA,2022-03-24,59,0,0,59,30,156,2.6440677966101696,156,2022-03-24,108,125,2022-04-27,34,1,1,1,1
3,7,283,HR_002,HR_059,R,7,TRUE,TRUE,TRUE,7,"5,7,4",NA,2021-11-19,2021-11-19,NA,NA,2022-03-24,2022-03-31,2022-04-07,2022-04-14,2022-04-20,NA,2022-05-05,NA,NA,NA,NA,2022-03-24,29,0,0,29,1,41,1.4137931034482758,41,2022-03-24,125,125,2022-05-05,42,1,1,1,1
3,7,284,HR_164,HR_005,n,3,TRUE,FALSE,TRUE,3,3,NA,2021-12-06,2021-11-19,NA,NA,2022-03-24,2022-03-31,2022-04-07,2022-04-14,2022-04-20,NA,NA,NA,NA,NA,NA,2022-03-31,18,0,0,18,15,43,2.388888888888889,43,2022-03-24,108,125,2022-04-20,27,1,1,1,1
3,7,285,HR_070,HR_061,n,3,TRUE,FALSE,TRUE,3,3,NA,2021-12-06,2021-11-19,NA,NA,2022-03-24,2022-03-31,2022-04-07,2022-04-14,2022-04-20,2022-04-27,NA,NA,NA,NA,NA,2022-03-24,17,1,0,18,28,12,0.7058823529411765,12.705882352941178,2022-03-24,108,125,2022-04-27,34,1,1,1,1
3,7,286,HR_110,HR_032,n,1,TRUE,FALSE,TRUE,1,1,NA,2021-12-06,2021-11-19,NA,NA,2022-03-24,2022-03-31,2022-04-07,2022-04-14,2022-04-20,NA,NA,NA,NA,NA,NA,2022-03-24,2,0,0,2,7,17,8.5,17,2022-03-24,108,125,2022-04-20,27,1,1,1,1
3,7,287,HR_108,HR_175,n,7,TRUE,FALSE,TRUE,7,7,NA,2021-12-06,2021-11-19,NA,NA,2022-03-24,2022-03-31,2022-04-07,2022-04-14,2022-04-20,NA,NA,NA,NA,NA,NA,2022-03-24,24,2,0,26,2,65,2.7083333333333335,70.41666666666667,2022-03-24,108,125,2022-04-20,27,1,1,1,1
3,7,288,HR_005,HR_180,R,5,TRUE,TRUE,TRUE,5,"5,4,8",NA,2021-12-06,2021-11-19,NA,NA,2022-03-24,2022-03-31,2022-04-07,NA,NA,NA,NA,NA,NA,NA,NA,2022-03-31,1,0,0,1,0,0,0,0,2022-03-24,108,125,2022-04-07,14,1,1,1,0
3,7,289,HR_135,HR_152,n,2,TRUE,FALSE,TRUE,2,2,NA,2021-12-06,2021-11-19,NA,NA,2022-03-24,2022-03-31,2022-04-07,2022-04-14,2022-04-20,NA,NA,NA,NA,NA,NA,2022-03-24,6,2,0,8,5,4,0.6666666666666666,5.333333333333333,2022-03-24,108,125,2022-04-20,27,1,1,1,1
3,7,290,HR_059,HR_155,n,1,TRUE,FALSE,TRUE,1,1,NA,2021-12-06,2021-11-19,NA,NA,NA,2022-03-31,2022-04-07,2022-04-14,2022-04-20,NA,NA,NA,NA,NA,NA,2022-03-31,14,0,0,14,7,18,1.2857142857142858,18,2022-03-31,115,132,2022-04-20,20,1,1,1,1
3,7,291,HR_171,HR_057,n,2,TRUE,FALSE,TRUE,2,2,NA,2021-12-06,2021-11-19,NA,NA,2022-03-24,2022-03-31,2022-04-07,NA,2022-04-20,2022-04-27,NA,2022-05-11,NA,NA,NA,2022-03-24,8,1,0,9,16,7,0.875,7.875,2022-03-24,108,125,2022-05-11,48,1,1,1,1
3,7,292,HR_088,HR_067,n,5,TRUE,FALSE,TRUE,5,5,NA,2021-12-06,2021-11-19,NA,NA,2022-03-24,2022-03-31,2022-04-07,2022-04-14,NA,NA,NA,NA,NA,NA,NA,2022-03-24,14,1,0,15,6,23,1.6428571428571428,24.642857142857142,2022-03-24,108,125,2022-04-14,21,1,1,1,1
3,7,293,HR_034,HR_112,R,3,TRUE,TRUE,TRUE,3,"2,3,4",NA,2021-12-06,2021-11-19,NA,NA,2022-03-24,2022-03-31,2022-04-07,2022-04-14,NA,NA,NA,NA,NA,NA,NA,2022-03-24,24,1,0,25,0,53,2.2083333333333335,55.208333333333336,2022-03-24,108,125,2022-04-14,21,1,1,1,1
3,7,294,HR_062,HR_136,n,2,TRUE,FALSE,TRUE,2,2,NA,2021-12-17,2021-11-19,NA,NA,2022-03-24,2022-03-31,2022-04-07,NA,NA,NA,NA,NA,NA,NA,NA,2022-03-24,9,2,0,11,2,3,0.3333333333333333,3.6666666666666665,2022-03-24,97,125,2022-04-07,14,1,1,1,1
3,7,295,HR_131,HR_046,n,4,TRUE,FALSE,TRUE,4,4,NA,2021-12-06,2021-11-19,NA,NA,2022-03-24,2022-03-31,2022-04-07,2022-04-14,NA,NA,NA,NA,NA,NA,NA,2022-03-24,13,1,0,14,3,29,2.230769230769231,31.230769230769234,2022-03-24,108,125,2022-04-14,21,1,1,1,1
3,7,296,HR_002,HR_056,R,5,TRUE,TRUE,TRUE,5,"1,5,8",NA,2021-12-06,2021-11-19,NA,NA,2022-03-24,2022-03-31,2022-04-07,2022-04-14,2022-04-20,NA,NA,NA,NA,NA,NA,2022-03-24,0,0,0,0,0,NA,0,0,2022-03-24,108,125,2022-04-20,27,1,1,0,0
3,7,297,HR_200,HR_010,n,1,TRUE,FALSE,TRUE,1,1,NA,2021-12-06,2021-11-19,NA,NA,2022-03-24,2022-03-31,2022-04-07,NA,NA,NA,NA,NA,NA,NA,NA,2022-03-24,0,6,0,6,2,0,0,0,2022-03-24,108,125,2022-04-07,14,1,1,1,0
3,7,298,HR_006,HR_142,R,5,TRUE,TRUE,TRUE,5,"5,7,8",NA,2021-12-06,2021-11-19,NA,NA,2022-03-24,2022-03-31,2022-04-07,2022-04-14,2022-04-20,NA,NA,NA,NA,NA,NA,2022-03-24,18,4,0,22,0,37,2.0555555555555554,45.222222222222214,2022-03-24,108,125,2022-04-20,27,1,1,1,1
3,7,299,HR_066,HR_137,n,5,TRUE,FALSE,TRUE,5,5,NA,2021-12-06,2021-11-19,NA,NA,2022-03-24,2022-03-31,2022-04-07,NA,2022-04-20,NA,NA,NA,NA,NA,NA,2022-03-31,9,6,0,15,5,7,0.7777777777777778,11.666666666666666,2022-03-24,108,125,2022-04-20,27,1,1,1,1
3,7,300,HR_034,HR_017,R,3,TRUE,TRUE,TRUE,3,"1,5,3",NA,2021-12-06,2021-11-19,NA,NA,2022-03-24,2022-03-31,2022-04-07,2022-04-14,NA,NA,NA,NA,NA,NA,NA,2022-03-24,8,0,0,8,0,4,0.5,4,2022-03-24,108,125,2022-04-14,21,1,1,1,1
3,7,301,HR_008,HR_058,n,2,TRUE,FALSE,TRUE,2,2,NA,2021-12-06,2021-11-19,NA,NA,2022-03-24,2022-03-31,2022-04-07,NA,NA,NA,NA,NA,NA,NA,NA,2022-03-31,0,0,0,0,0,NA,0,0,2022-03-24,108,125,2022-04-07,14,1,1,0,0
3,7,302,HR_180,HR_179,n,5,TRUE,FALSE,TRUE,5,5,NA,2021-12-06,2021-11-19,NA,NA,2022-03-24,2022-03-31,2022-04-07,2022-04-14,2022-04-20,2022-04-27,NA,NA,NA,NA,NA,2022-03-31,13,0,0,13,12,6,0.46153846153846156,6,2022-03-24,108,125,2022-04-27,34,1,1,1,1
3,7,303,HR_196,HR_054,n,4,TRUE,FALSE,TRUE,4,4,NA,2021-12-06,2021-11-19,NA,NA,2022-03-24,2022-03-31,2022-04-07,2022-04-14,2022-04-20,2022-04-27,NA,NA,NA,NA,NA,2022-03-24,3,0,0,3,1,4,1.3333333333333333,4,2022-03-24,108,125,2022-04-27,34,1,1,1,1
3,7,304,HR_164,HR_201,n,4,TRUE,FALSE,TRUE,4,4,NA,2021-12-06,2021-11-19,NA,NA,2022-03-24,2022-03-31,2022-04-07,2022-04-14,NA,NA,NA,NA,NA,NA,NA,2022-03-24,8,0,0,8,10,4,0.5,4,2022-03-24,108,125,2022-04-14,21,1,1,1,1
3,7,305,HR_141,HR_015,R,2,TRUE,TRUE,TRUE,2,"1,2,6",NA,2021-12-06,2021-11-19,NA,NA,2022-03-24,2022-03-31,2022-04-07,2022-04-14,2022-04-20,NA,NA,NA,NA,NA,NA,2022-03-24,21,4,0,25,0,38,1.8095238095238095,45.23809523809524,2022-03-24,108,125,2022-04-20,27,1,1,1,1
3,7,306,HR_070,HR_165,n,3,TRUE,FALSE,TRUE,3,3,NA,2021-12-06,2021-11-19,NA,NA,2022-03-24,2022-03-31,2022-04-07,NA,2022-04-20,NA,NA,NA,NA,NA,NA,2022-03-24,12,1,0,13,10,4,0.3333333333333333,4.333333333333333,2022-03-24,108,125,2022-04-20,27,1,1,1,1
3,7,307,HR_141,HR_184,R,7,TRUE,TRUE,TRUE,7,"6,7,4",NA,2021-12-06,2021-11-19,NA,NA,2022-03-24,2022-03-31,2022-04-07,2022-04-14,NA,NA,NA,NA,NA,NA,NA,2022-03-24,0,NA,NA,0,NA,NA,0,0,2022-03-24,108,125,2022-04-14,21,1,1,0,0
3,7,308,HR_095,HR_124,n,8,TRUE,FALSE,TRUE,8,8,NA,2021-12-17,2021-11-19,NA,NA,2022-03-24,2022-03-31,2022-04-07,NA,2022-04-20,2022-04-27,NA,2022-05-11,NA,NA,NA,2022-03-31,3,0,0,3,0,3,1,3,2022-03-24,97,125,2022-05-11,48,1,1,1,1
3,7,309,HR_148,HR_114,n,3,TRUE,FALSE,TRUE,3,3,NA,2021-12-06,2021-11-19,NA,NA,2022-03-24,2022-03-31,2022-04-07,2022-04-14,2022-04-20,2022-04-27,NA,NA,NA,NA,NA,2022-03-24,11,3,0,14,10,22,2,28,2022-03-24,108,125,2022-04-27,34,1,1,1,1
3,7,310,HR_139,HR_127,n,2,TRUE,FALSE,TRUE,2,2,NA,2021-12-06,2021-11-19,NA,NA,2022-03-24,2022-03-31,2022-04-07,2022-04-14,2022-04-20,NA,NA,NA,NA,NA,NA,2022-03-24,10,2,0,12,11,11,1.1,13.200000000000001,2022-03-24,108,125,2022-04-20,27,1,1,1,1
3,7,311,HR_088,HR_182,n,7,TRUE,FALSE,TRUE,7,7,NA,2021-12-06,2021-11-19,NA,NA,2022-03-24,2022-03-31,2022-04-07,2022-04-14,NA,NA,NA,NA,NA,NA,NA,2022-03-24,6,0,0,6,0,4,0.6666666666666666,4,2022-03-24,108,125,2022-04-14,21,1,1,1,1
3,7,312,HR_057,HR_147,n,2,TRUE,FALSE,TRUE,2,2,NA,2021-12-06,2021-11-19,NA,NA,2022-03-24,2022-03-31,2022-04-07,2022-04-14,NA,NA,NA,NA,NA,NA,NA,2022-03-24,0,0,0,0,4,NA,0,0,2022-03-24,108,125,2022-04-14,21,1,1,0,0
3,7,313,HR_062,HR_134,n,5,TRUE,FALSE,TRUE,5,5,NA,2021-12-06,2021-11-19,NA,2022-03-16,2022-03-24,2022-03-31,2022-04-07,NA,NA,2022-04-27,NA,NA,NA,NA,NA,2022-03-16,0,0,0,0,0,NA,0,0,2022-03-16,100,117,2022-04-27,42,1,1,0,0
3,7,314,HR_149,HR_065,n,1,TRUE,FALSE,TRUE,1,1,NA,2021-12-06,2021-11-19,NA,NA,2022-03-24,2022-03-31,2022-04-07,2022-04-14,2022-04-20,NA,NA,NA,NA,NA,NA,2022-03-24,14,1,0,15,0,13,0.9285714285714286,13.928571428571429,2022-03-24,108,125,2022-04-20,27,1,1,1,1
3,7,315,HR_171,HR_001,n,5,TRUE,FALSE,TRUE,5,5,NA,2021-12-06,2021-11-19,NA,2022-03-16,2022-03-24,2022-03-31,2022-04-07,2022-04-14,NA,NA,NA,NA,NA,NA,NA,2022-03-16,18,5,0,23,21,51,2.8333333333333335,65.16666666666667,2022-03-16,100,117,2022-04-14,29,1,1,1,1
3,7,316,HR_196,HR_183,n,1,TRUE,FALSE,TRUE,1,1,NA,2021-12-06,2021-11-19,NA,NA,2022-03-24,2022-03-31,2022-04-07,2022-04-14,NA,NA,NA,NA,NA,NA,NA,2022-03-31,6,0,0,6,11,5,0.8333333333333334,5,2022-03-24,108,125,2022-04-14,21,1,1,1,1
3,7,317,HR_168,HR_148,R,7,TRUE,TRUE,TRUE,7,"1,7,4",NA,2021-12-06,2021-11-19,NA,NA,2022-03-24,2022-03-31,2022-04-07,NA,2022-04-20,NA,NA,NA,NA,NA,NA,2022-03-24,10,5,0,15,0,30,3,45,2022-03-24,108,125,2022-04-20,27,1,1,1,1
3,7,318,HR_069,HR_156,n,7,TRUE,FALSE,TRUE,7,7,NA,2021-12-06,2021-11-19,NA,NA,2022-03-24,2022-03-31,2022-04-07,2022-04-14,NA,NA,NA,NA,NA,NA,NA,2022-03-31,16,3,0,19,23,23,1.4375,27.3125,2022-03-24,108,125,2022-04-14,21,1,1,1,1
3,7,319,HR_131,HR_049,n,1,TRUE,FALSE,TRUE,1,1,NA,2021-12-17,2021-11-19,NA,NA,2022-03-24,2022-03-31,2022-04-07,2022-04-14,NA,NA,NA,NA,NA,NA,NA,2022-03-31,7,1,0,8,30,4,0.5714285714285714,4.571428571428571,2022-03-24,97,125,2022-04-14,21,1,1,1,1
3,7,320,HR_115,HR_131,n,1,TRUE,FALSE,TRUE,1,1,NA,2021-12-06,2021-11-19,NA,NA,NA,2022-03-31,2022-04-07,2022-04-14,2022-04-20,NA,NA,NA,NA,NA,NA,2022-03-31,22,0,0,22,10,28,1.2727272727272727,28,2022-03-31,115,132,2022-04-20,20,1,1,1,1
3,8,321,HR_121,HR_139,n,1,TRUE,FALSE,TRUE,1,1,NA,2021-11-19,2021-11-19,NA,NA,2022-03-24,2022-03-31,2022-04-07,NA,2022-04-20,2022-04-27,2022-05-05,NA,NA,NA,NA,2022-03-24,25,4,0,29,43,60,2.4,69.6,2022-03-24,125,125,2022-05-05,42,1,1,1,1
3,8,322,HR_064,HR_019,n,3,TRUE,FALSE,TRUE,3,3,NA,2021-12-17,2021-11-19,NA,NA,2022-03-24,2022-03-31,2022-04-07,NA,2022-04-20,2022-04-27,2022-05-05,2022-05-11,2022-05-20,NA,NA,2022-03-24,29,0,0,29,29,10,0.3448275862068966,10,2022-03-24,97,125,2022-05-20,57,1,1,1,1
3,8,323,HR_155,HR_121,n,1,TRUE,FALSE,TRUE,1,1,NA,2021-12-06,2021-11-19,NA,NA,2022-03-24,2022-03-31,2022-04-07,NA,NA,NA,NA,NA,NA,NA,NA,2022-03-24,0,0,0,0,5,NA,0,0,2022-03-24,108,125,2022-04-07,14,1,1,0,0
3,8,324,HR_147,HR_150,n,2,TRUE,FALSE,TRUE,2,2,NA,2021-12-06,2021-11-19,NA,NA,2022-03-24,2022-03-31,2022-04-07,NA,NA,NA,NA,NA,NA,NA,NA,2022-03-24,0,0,0,0,24,NA,0,0,2022-03-24,108,125,2022-04-07,14,1,1,0,0
3,8,325,HR_053,HR_092,n,2,TRUE,FALSE,TRUE,2,2,NA,2021-12-06,2021-11-19,NA,NA,2022-03-24,2022-03-31,2022-04-07,NA,NA,NA,NA,NA,NA,NA,NA,2022-03-24,5,3,0,8,20,16,3.2,25.6,2022-03-24,108,125,2022-04-07,14,1,1,1,1
3,8,326,HR_164,HR_041,n,6,TRUE,FALSE,TRUE,6,6,NA,2021-12-06,2021-11-19,NA,2022-03-16,2022-03-24,2022-03-31,2022-04-07,2022-04-14,NA,NA,NA,NA,NA,NA,NA,2022-03-16,15,3,0,18,42,50,3.3333333333333335,60,2022-03-16,100,117,2022-04-14,29,1,1,1,1
3,8,327,HR_160,HR_033,n,7,TRUE,FALSE,TRUE,7,7,NA,2021-12-06,2021-11-19,NA,NA,2022-03-24,2022-03-31,2022-04-07,NA,NA,NA,NA,NA,NA,NA,NA,2022-03-24,4,1,0,5,15,2,0.5,2.5,2022-03-24,108,125,2022-04-07,14,1,1,1,1
3,8,328,HR_053,HR_169,n,6,TRUE,FALSE,TRUE,6,6,NA,2021-12-06,2021-11-19,NA,NA,2022-03-24,2022-03-31,2022-04-07,2022-04-14,NA,2022-04-27,NA,NA,NA,NA,NA,2022-03-24,10,1,0,11,4,11,1.1,12.100000000000001,2022-03-24,108,125,2022-04-27,34,1,1,1,1
3,8,329,HR_133,HR_072,n,5,TRUE,FALSE,TRUE,5,5,NA,2021-12-06,2021-11-19,NA,NA,2022-03-24,2022-03-31,2022-04-07,2022-04-14,NA,NA,NA,NA,NA,NA,NA,2022-03-31,6,0,0,6,19,0,0,0,2022-03-24,108,125,2022-04-14,21,1,1,1,0
3,8,330,HR_108,HR_177,n,2,TRUE,FALSE,TRUE,2,2,NA,2021-12-06,2021-11-19,NA,NA,2022-03-24,2022-03-31,2022-04-07,2022-04-14,2022-04-20,NA,NA,NA,NA,NA,NA,2022-03-24,9,1,0,10,31,25,2.7777777777777777,27.77777777777778,2022-03-24,108,125,2022-04-20,27,1,1,1,1
3,8,331,HR_189,HR_051,n,8,TRUE,FALSE,TRUE,8,8,NA,2021-12-06,2021-11-19,NA,NA,2022-03-24,2022-03-31,2022-04-07,NA,NA,NA,NA,NA,NA,NA,NA,2022-03-24,14,5,0,19,11,2,0.14285714285714285,2.714285714285714,2022-03-24,108,125,2022-04-07,14,1,1,1,1
3,8,332,HR_175,HR_164,n,3,TRUE,FALSE,TRUE,3,3,NA,2021-12-06,2021-11-19,NA,NA,2022-03-24,2022-03-31,2022-04-07,2022-04-14,2022-04-20,NA,NA,NA,NA,NA,NA,2022-03-24,15,2,0,17,26,49,3.2666666666666666,55.53333333333333,2022-03-24,108,125,2022-04-20,27,1,1,1,1
3,8,333,HR_027,HR_119,R,6,TRUE,TRUE,TRUE,6,"5,6,3",NA,2021-12-06,2021-11-19,NA,NA,2022-03-24,2022-03-31,2022-04-07,2022-04-14,2022-04-20,NA,NA,NA,NA,NA,NA,2022-03-24,14,1,0,15,5,79,5.642857142857143,84.64285714285715,2022-03-24,108,125,2022-04-20,27,1,1,1,1
3,8,334,HR_121,HR_141,n,6,TRUE,FALSE,TRUE,6,6,NA,2021-12-06,2021-11-19,NA,NA,2022-03-24,2022-03-31,2022-04-07,2022-04-14,NA,NA,NA,NA,NA,NA,NA,2022-03-24,0,0,0,0,34,NA,0,0,2022-03-24,108,125,2022-04-14,21,1,1,0,0
3,8,335,HR_133,HR_158,n,3,TRUE,FALSE,TRUE,3,3,NA,2021-12-06,2021-11-19,NA,NA,2022-03-24,2022-03-31,2022-04-07,2022-04-14,NA,NA,NA,NA,NA,NA,NA,2022-03-24,0,0,0,0,25,NA,0,0,2022-03-24,108,125,2022-04-14,21,1,1,0,0
3,8,336,HR_115,HR_026,n,2,TRUE,FALSE,TRUE,2,2,NA,2021-12-06,2021-11-19,NA,NA,2022-03-24,2022-03-31,2022-04-07,2022-04-14,2022-04-20,NA,NA,NA,NA,NA,NA,2022-03-24,9,2,0,11,24,4,0.4444444444444444,4.888888888888888,2022-03-24,108,125,2022-04-20,27,1,1,1,1
3,8,337,HR_095,HR_178,n,6,TRUE,FALSE,TRUE,6,6,NA,2021-12-06,2021-11-19,NA,NA,2022-03-24,2022-03-31,2022-04-07,2022-04-14,2022-04-20,2022-04-27,NA,NA,2022-05-20,NA,NA,2022-03-24,22,2,0,24,48,24,1.0909090909090908,26.18181818181818,2022-03-24,108,125,2022-05-20,57,1,1,1,1
3,8,338,HR_008,HR_042,n,8,TRUE,FALSE,TRUE,8,8,NA,2021-12-17,2021-11-19,NA,NA,2022-03-24,2022-03-31,2022-04-07,2022-04-14,2022-04-20,NA,NA,NA,NA,NA,NA,2022-03-24,12,2,0,14,48,2,0.16666666666666666,2.333333333333333,2022-03-24,97,125,2022-04-20,27,1,1,1,1
3,8,339,HR_008,HR_012,n,1,TRUE,FALSE,TRUE,1,1,NA,2021-12-17,2021-11-19,NA,NA,2022-03-24,2022-03-31,2022-04-07,2022-04-14,2022-04-20,NA,NA,NA,NA,NA,NA,2022-03-24,17,0,0,17,37,33,1.9411764705882353,33,2022-03-24,97,125,2022-04-20,27,1,1,1,1
3,8,340,HR_200,HR_153,n,3,TRUE,FALSE,TRUE,3,3,NA,2021-12-06,2021-11-19,NA,NA,2022-03-24,2022-03-31,2022-04-07,NA,NA,NA,NA,NA,NA,NA,NA,2022-03-31,11,0,0,11,40,15,1.3636363636363635,14.999999999999998,2022-03-24,108,125,2022-04-07,14,1,1,1,1
3,8,341,HR_069,HR_133,n,5,TRUE,FALSE,TRUE,5,5,NA,2021-12-06,2021-11-19,NA,2022-03-16,2022-03-24,2022-03-31,2022-04-07,2022-04-14,2022-04-20,NA,NA,NA,NA,NA,NA,2022-03-16,12,4,0,16,20,21,1.75,28,2022-03-16,100,117,2022-04-20,35,1,1,1,1
3,8,342,HR_057,HR_110,n,1,TRUE,FALSE,TRUE,1,1,NA,2021-12-06,2021-11-19,NA,NA,2022-03-24,2022-03-31,2022-04-07,2022-04-14,2022-04-20,NA,NA,NA,NA,NA,NA,2022-03-31,9,0,0,9,51,8,0.8888888888888888,8,2022-03-24,108,125,2022-04-20,27,1,1,1,1
3,8,343,HR_027,HR_145,R,4,TRUE,TRUE,TRUE,4,"1,3,4",NA,2021-12-06,2021-11-19,NA,NA,2022-03-24,2022-03-31,2022-04-07,2022-04-14,2022-04-20,NA,NA,NA,NA,NA,NA,2022-03-24,3,0,0,3,0,4,1.3333333333333333,4,2022-03-24,108,125,2022-04-20,27,1,1,1,1
3,8,344,HR_115,HR_111,n,1,TRUE,FALSE,TRUE,1,1,NA,2021-12-06,2021-11-19,NA,NA,NA,2022-03-31,2022-04-07,2022-04-14,2022-04-20,2022-04-27,2022-05-05,NA,NA,NA,NA,2022-03-31,13,0,0,13,30,4,0.3076923076923077,4,2022-03-31,115,132,2022-05-05,35,1,1,1,1
3,8,345,HR_006,HR_162,R,7,TRUE,TRUE,TRUE,7,"2,7,8",NA,2021-12-06,2021-11-19,NA,NA,2022-03-24,2022-03-31,2022-04-07,NA,NA,2022-04-27,NA,NA,NA,NA,NA,2022-03-31,7,1,0,8,0,4,0.5714285714285714,4.571428571428571,2022-03-24,108,125,2022-04-27,34,1,1,1,1
3,8,346,HR_148,HR_109,n,3,TRUE,FALSE,TRUE,3,3,NA,2021-12-06,2021-11-19,NA,NA,2022-03-24,2022-03-31,2022-04-07,NA,NA,NA,NA,NA,NA,NA,NA,2022-03-24,5,1,0,6,29,7,1.4,8.399999999999999,2022-03-24,108,125,2022-04-07,14,1,1,1,1
3,8,348,HR_149,HR_007,n,3,TRUE,FALSE,TRUE,3,3,NA,2021-12-06,2021-11-19,NA,NA,2022-03-24,2022-03-31,2022-04-07,NA,NA,NA,NA,NA,NA,NA,NA,2022-03-24,1,2,0,3,30,0,0,0,2022-03-24,108,125,2022-04-07,14,1,1,1,0
3,8,349,HR_085,HR_176,n,8,TRUE,FALSE,TRUE,8,8,NA,2021-12-06,2021-11-19,NA,NA,2022-03-24,2022-03-31,2022-04-07,2022-04-14,2022-04-20,NA,NA,NA,NA,NA,NA,2022-03-31,17,5,0,22,30,18,1.0588235294117647,23.294117647058822,2022-03-24,108,125,2022-04-20,27,1,1,1,1
3,8,350,HR_168,HR_064,R,1,TRUE,TRUE,TRUE,1,"1,3,8",NA,2021-12-06,2021-11-19,NA,NA,2022-03-24,2022-03-31,2022-04-07,2022-04-14,NA,NA,NA,NA,NA,NA,NA,2022-03-31,6,0,0,6,0,0,0,0,2022-03-24,108,125,2022-04-14,21,1,1,1,0
3,8,351,HR_057,HR_006,n,1,TRUE,FALSE,TRUE,1,1,NA,2021-12-06,2021-11-19,NA,NA,NA,2022-03-31,2022-04-07,2022-04-14,NA,NA,NA,NA,NA,NA,NA,2022-03-31,5,0,0,5,20,2,0.4,2,2022-03-31,115,132,2022-04-14,14,1,1,1,1
3,8,352,HR_074,HR_115,n,6,TRUE,FALSE,TRUE,6,6,NA,2021-12-06,2021-11-19,NA,NA,2022-03-24,2022-03-31,NA,2022-04-14,NA,2022-04-27,2022-05-05,NA,NA,NA,NA,2022-04-07,10,0,0,10,0,8,0.8,8,2022-03-24,108,125,2022-05-05,42,1,1,1,1
3,8,353,HR_135,HR_083,n,5,TRUE,FALSE,TRUE,5,5,NA,2021-12-06,2021-11-19,NA,2022-03-16,2022-03-24,2022-03-31,2022-04-07,2022-04-14,NA,NA,NA,NA,NA,NA,NA,2022-03-16,13,3,0,16,21,21,1.6153846153846154,25.846153846153847,2022-03-16,100,117,2022-04-14,29,1,1,1,1
3,8,354,HR_059,HR_166,n,3,TRUE,FALSE,TRUE,3,3,NA,2021-12-06,2021-11-19,NA,NA,2022-03-24,2022-03-31,2022-04-07,2022-04-14,2022-04-20,NA,NA,NA,NA,NA,NA,2022-03-31,5,0,0,5,20,1,0.2,1,2022-03-24,108,125,2022-04-20,27,1,1,1,1
3,8,355,HR_157,HR_088,n,5,TRUE,FALSE,TRUE,5,5,NA,2021-12-06,2021-11-19,NA,NA,2022-03-24,2022-03-31,2022-04-07,2022-04-14,2022-04-20,NA,NA,NA,NA,NA,NA,2022-03-31,34,0,0,34,25,56,1.6470588235294117,56,2022-03-24,108,125,2022-04-20,27,1,1,1,1
3,8,356,HR_189,HR_168,n,2,TRUE,FALSE,TRUE,2,2,NA,2021-12-06,2021-11-19,NA,NA,2022-03-24,2022-03-31,2022-04-07,NA,2022-04-20,NA,NA,2022-05-11,2022-05-20,NA,NA,2022-03-16,9,1,0,10,25,10,1.1111111111111112,11.11111111111111,2022-03-24,108,125,2022-05-20,57,1,1,1,1
3,8,357,HR_195,HR_068,n,7,TRUE,FALSE,TRUE,7,7,NA,2021-12-06,2021-11-19,NA,2022-03-16,2022-03-24,2022-03-31,2022-04-07,2022-04-14,NA,NA,NA,NA,NA,NA,NA,2022-04-14,14,4,0,18,11,6,0.42857142857142855,7.7142857142857135,2022-03-16,100,117,2022-04-14,29,1,1,1,1
3,8,358,HR_195,HR_181,n,6,TRUE,FALSE,TRUE,6,6,NA,2021-12-06,2021-11-19,NA,NA,2022-03-24,2022-03-31,2022-04-07,2022-04-14,2022-04-20,NA,2022-05-05,NA,2022-05-20,NA,NA,2022-03-24,16,1,0,17,0,29,1.8125,30.8125,2022-03-24,108,125,2022-05-20,57,1,1,1,1
3,8,359,HR_125,HR_034,n,6,TRUE,FALSE,TRUE,6,6,Two plants recorded originally - 1 and 6,2021-12-06,2021-11-19,NA,NA,2022-03-24,2022-03-31,2022-04-07,NA,NA,NA,NA,NA,NA,NA,NA,NA,7,0,0,7,6,6,0.8571428571428571,6,2022-03-24,108,125,2022-04-07,14,1,1,1,1
3,8,360,HR_189,HR_018,n,6,TRUE,FALSE,TRUE,6,6,NA,2021-12-06,2021-11-19,2022-03-10,2022-03-16,2022-03-24,2022-03-31,2022-04-07,2022-04-14,2022-04-20,NA,NA,NA,NA,NA,NA,2022-03-10,20,0,0,20,20,32,1.6,32,2022-03-10,94,111,2022-04-20,41,1,1,1,1
3,8,361,HR_095,HR_020,n,7,TRUE,FALSE,TRUE,7,7,NA,2021-12-06,2021-11-19,NA,NA,2022-03-24,2022-03-31,2022-04-07,2022-04-14,NA,NA,NA,NA,NA,NA,NA,2022-03-31,0,0,0,0,8,NA,0,0,2022-03-24,108,125,2022-04-14,21,1,1,0,0
3,8,362,HR_062,HR_116,n,7,TRUE,FALSE,TRUE,7,7,NA,2021-12-06,2021-11-19,NA,2022-03-16,2022-03-24,2022-03-31,2022-04-07,2022-04-14,NA,NA,NA,NA,NA,NA,NA,2022-03-31,3,2,0,5,20,5,1.6666666666666667,8.333333333333334,2022-03-16,100,117,2022-04-14,29,1,1,1,1
3,8,363,HR_088,HR_014,n,1,TRUE,FALSE,TRUE,1,1,NA,2021-12-06,2021-11-19,NA,NA,2022-03-24,2022-03-31,2022-04-07,NA,NA,NA,NA,NA,NA,NA,NA,2022-03-24,6,4,0,10,31,6,1,10,2022-03-24,108,125,2022-04-07,14,1,1,1,1
3,8,364,HR_005,HR_040,R,8,TRUE,TRUE,TRUE,8,"2,4,8",NA,2021-12-06,2021-11-19,NA,NA,2022-03-24,2022-03-31,2022-04-07,2022-04-14,2022-04-20,NA,NA,NA,NA,NA,NA,2022-03-31,24,3,0,27,0,20,0.8333333333333334,22.5,2022-03-24,108,125,2022-04-20,27,1,1,1,1
3,8,365,HR_002,HR_071,R,5,TRUE,TRUE,TRUE,5,"1,5,3",NA,2021-12-06,2021-11-19,NA,NA,2022-03-24,NA,2022-04-07,2022-04-14,NA,NA,NA,NA,NA,NA,NA,2022-03-31,19,1,0,20,0,4,0.21052631578947367,4.2105263157894735,2022-03-24,108,125,2022-04-14,21,1,1,1,1
3,8,366,HR_160,HR_079,n,8,TRUE,FALSE,TRUE,8,8,NA,2021-12-06,2021-11-19,NA,2022-03-16,NA,2022-03-31,NA,NA,NA,NA,NA,NA,NA,NA,NA,2022-03-16,1,0,0,1,21,5,5,5,2022-03-16,100,117,2022-03-31,15,1,1,1,1
3,9,367,HR_156,HR_193,n,1,TRUE,FALSE,TRUE,1,1,NA,2021-12-06,2021-11-19,NA,NA,2022-03-24,2022-03-31,2022-04-07,2022-04-14,2022-04-20,2022-04-27,NA,2022-05-11,NA,NA,NA,2022-03-16,40,3,1,43,53,137,3.425,147.275,2022-03-24,108,125,2022-05-11,48,1,1,1,1
3,9,368,HR_108,HR_016,n,2,TRUE,FALSE,TRUE,2,2,NA,2021-12-06,2021-11-19,NA,NA,2022-03-24,2022-03-31,2022-04-07,NA,2022-04-20,NA,NA,NA,NA,NA,NA,2022-03-24,7,0,0,7,25,10,1.4285714285714286,10,2022-03-24,108,125,2022-04-20,27,1,1,1,1
3,9,369,HR_064,HR_190,n,7,TRUE,FALSE,TRUE,7,7,NA,2021-12-06,2021-11-19,NA,2022-03-16,2022-03-24,2022-03-31,NA,NA,NA,NA,NA,NA,NA,NA,NA,2022-03-24,8,2,0,10,10,18,2.25,22.5,2022-03-16,100,117,2022-03-31,15,1,1,1,1
3,9,370,HR_135,HR_004,n,4,TRUE,FALSE,TRUE,4,4,NA,2021-12-06,2021-11-19,NA,NA,2022-03-24,2022-03-31,2022-04-07,NA,NA,NA,NA,NA,NA,NA,NA,2022-03-16,6,2,0,8,20,13,2.1666666666666665,17.333333333333332,2022-03-24,108,125,2022-04-07,14,1,1,1,1
3,9,371,HR_131,HR_113,n,4,TRUE,FALSE,TRUE,4,4,NA,2021-12-06,2021-11-19,NA,NA,2022-03-24,2022-03-31,2022-04-07,2022-04-14,NA,NA,NA,NA,NA,NA,NA,2022-03-24,12,2,0,14,35,26,2.1666666666666665,30.333333333333332,2022-03-24,108,125,2022-04-14,21,1,1,1,1
3,9,372,HR_155,HR_009,n,7,TRUE,FALSE,TRUE,7,7,NA,2021-12-06,2021-11-19,NA,NA,2022-03-24,2022-03-31,2022-04-07,NA,NA,NA,NA,NA,NA,NA,NA,2022-03-24,7,5,0,12,42,16,2.2857142857142856,27.428571428571427,2022-03-24,108,125,2022-04-07,14,1,1,1,1
3,9,373,HR_090,HR_103,n,1,TRUE,FALSE,TRUE,1,1,NA,2021-12-06,2021-11-19,NA,NA,2022-03-24,2022-03-31,2022-04-07,NA,NA,NA,NA,NA,NA,NA,NA,2022-03-16,7,4,0,11,50,5,0.7142857142857143,7.857142857142858,2022-03-24,108,125,2022-04-07,14,1,1,1,1
3,9,374,HR_171,HR_073,n,4,TRUE,FALSE,TRUE,4,4,NA,2021-12-06,2021-11-19,NA,NA,2022-03-24,2022-03-31,2022-04-07,NA,NA,NA,NA,NA,NA,NA,NA,2022-03-16,11,4,0,15,56,12,1.0909090909090908,16.363636363636363,2022-03-24,108,125,2022-04-07,14,1,1,1,1
3,9,375,HR_005,HR_149,R,7,TRUE,TRUE,TRUE,7,"1,6,7",NA,2021-12-06,2021-11-19,NA,2022-03-16,2022-03-24,2022-03-31,2022-04-07,2022-04-14,NA,NA,NA,NA,NA,NA,NA,2022-03-16,8,1,0,9,20,1,0.125,1.125,2022-03-16,100,117,2022-04-14,29,1,1,1,1
3,9,376,HR_147,HR_021,n,8,TRUE,FALSE,TRUE,8,8,NA,2021-12-06,2021-11-19,NA,NA,2022-03-24,2022-03-31,2022-04-07,NA,2022-04-20,NA,NA,NA,NA,NA,NA,2022-03-24,7,1,0,8,43,11,1.5714285714285714,12.571428571428571,2022-03-24,108,125,2022-04-20,27,1,1,1,1
3,9,377,HR_125,HR_086,n,3,TRUE,FALSE,TRUE,3,3,NA,2021-12-06,2021-11-19,NA,NA,2022-03-24,2022-03-31,2022-04-07,NA,NA,NA,NA,NA,NA,NA,NA,2022-03-16,5,1,0,6,29,12,2.4,14.399999999999999,2022-03-24,108,125,2022-04-07,14,1,1,1,1
3,9,378,HR_121,HR_105,n,5,TRUE,FALSE,TRUE,5,5,NA,2021-12-06,2021-11-19,NA,NA,2022-03-24,2022-03-31,2022-04-07,NA,NA,NA,NA,NA,NA,NA,NA,2022-03-24,9,0,0,9,38,43,4.777777777777778,43,2022-03-24,108,125,2022-04-07,14,1,1,1,1
3,9,379,HR_069,HR_108,n,1,TRUE,FALSE,TRUE,1,1,NA,2021-12-06,2021-11-19,NA,NA,2022-03-24,2022-03-31,2022-04-07,2022-04-14,2022-04-20,2022-04-27,NA,NA,NA,NA,NA,2022-03-24,28,0,0,28,37,10,0.35714285714285715,10,2022-03-24,108,125,2022-04-27,34,1,1,1,1
3,9,380,HR_157,HR_085,n,8,TRUE,FALSE,TRUE,8,8,fruits from 4 were also collected multiple times,2021-12-06,2021-11-19,NA,2022-03-16,2022-03-24,2022-03-31,2022-04-07,2022-04-14,2022-04-20,NA,NA,NA,NA,NA,NA,2022-03-24,24,7,0,31,23,38,1.5833333333333333,49.08333333333333,2022-03-16,100,117,2022-04-20,35,1,1,1,1
3,9,381,HR_156,HR_197,n,4,TRUE,FALSE,TRUE,4,4,NA,2021-12-17,2021-11-19,NA,NA,2022-03-24,2022-03-31,2022-04-07,NA,NA,NA,NA,NA,NA,NA,NA,2022-03-24,4,0,0,4,35,5,1.25,5,2022-03-24,97,125,2022-04-07,14,1,1,1,1
3,9,382,HR_006,HR_146,R,5,TRUE,TRUE,TRUE,5,"5,2,6",NA,2021-12-06,2021-11-19,NA,NA,2022-03-24,2022-03-31,2022-04-07,2022-04-14,NA,NA,NA,NA,NA,NA,NA,2022-03-24,14,2,0,16,0,1,0.07142857142857142,1.1428571428571428,2022-03-24,108,125,2022-04-14,21,1,1,1,1
3,9,383,HR_157,HR_095,n,3,TRUE,FALSE,TRUE,3,3,NA,2021-12-06,2021-11-19,NA,NA,2022-03-24,2022-03-31,2022-04-07,2022-04-14,2022-04-20,NA,2022-05-05,2022-05-11,2022-05-20,NA,NA,2022-03-24,10,1,0,11,24,25,2.5,27.5,2022-03-24,108,125,2022-05-20,57,1,1,1,1
3,9,384,HR_090,HR_053,n,4,TRUE,FALSE,TRUE,4,4,NA,2021-12-06,2021-11-19,NA,NA,2022-03-24,2022-03-31,2022-04-07,2022-04-14,2022-04-20,NA,NA,NA,NA,NA,NA,2022-03-24,24,0,0,24,23,28,1.1666666666666667,28,2022-03-24,108,125,2022-04-20,27,1,1,1,1
3,9,385,HR_175,HR_196,n,6,TRUE,FALSE,TRUE,6,6,NA,2021-12-06,2021-11-19,NA,NA,NA,2022-03-31,2022-04-07,2022-04-14,2022-04-20,NA,NA,NA,NA,NA,NA,2022-03-31,17,0,0,17,23,29,1.7058823529411764,29,2022-03-31,115,132,2022-04-20,20,1,1,1,1
3,9,386,HR_168,HR_101,R,6,TRUE,TRUE,TRUE,6,"6,3,8",NA,2021-12-06,2021-11-19,NA,2022-03-16,2022-03-24,2022-03-31,2022-04-07,2022-04-14,2022-04-20,NA,NA,NA,NA,NA,NA,2022-03-16,2,0,0,2,0,6,3,6,2022-03-16,100,117,2022-04-20,35,1,1,1,1
3,9,387,HR_175,HR_027,n,3,TRUE,FALSE,TRUE,3,3,NA,2021-12-06,2021-11-19,NA,NA,2022-03-24,2022-03-31,2022-04-07,NA,NA,NA,NA,NA,NA,NA,NA,2022-03-24,2,2,0,4,22,7,3.5,14,2022-03-24,108,125,2022-04-07,14,1,1,1,1
3,9,388,HR_100,HR_135,n,2,TRUE,FALSE,TRUE,2,2,NA,2021-12-06,2021-11-19,NA,NA,2022-03-24,2022-03-31,2022-04-07,NA,2022-04-20,NA,NA,NA,NA,NA,NA,2022-03-31,9,0,0,9,25,7,0.7777777777777778,7,2022-03-24,108,125,2022-04-20,27,1,1,1,1
3,9,389,HR_066,HR_087,n,4,TRUE,FALSE,TRUE,4,4,NA,2021-12-06,2021-11-19,NA,NA,2022-03-24,2022-03-31,2022-04-07,2022-04-14,2022-04-20,2022-04-27,NA,NA,NA,NA,NA,2022-03-16,35,2,0,37,34,39,1.1142857142857143,41.22857142857143,2022-03-24,108,125,2022-04-27,34,1,1,1,1
3,9,390,HR_059,HR_011,n,8,TRUE,FALSE,TRUE,8,8,NA,2021-12-06,2021-11-19,NA,2022-03-16,2022-03-24,2022-03-31,2022-04-07,NA,NA,NA,NA,NA,NA,NA,NA,2022-03-16,35,1,0,36,38,72,2.057142857142857,74.05714285714285,2022-03-16,100,117,2022-04-07,22,1,1,1,1
3,9,391,HR_148,HR_050,n,7,TRUE,FALSE,TRUE,7,7,NA,2021-12-06,2021-11-19,NA,NA,2022-03-24,2022-03-31,2022-04-07,2022-04-14,NA,NA,NA,NA,NA,NA,NA,2022-03-24,15,0,0,15,20,21,1.4,21,2022-03-24,108,125,2022-04-14,21,1,1,1,1
3,9,392,HR_155,HR_047,n,7,TRUE,FALSE,TRUE,7,7,NA,2021-12-06,2021-11-19,NA,2022-03-16,2022-03-24,2022-03-31,2022-04-07,2022-04-14,NA,NA,NA,NA,NA,NA,NA,2022-03-16,16,1,0,17,36,32,2,34,2022-03-16,100,117,2022-04-14,29,1,1,1,1
3,9,393,HR_027,HR_043,R,4,TRUE,TRUE,TRUE,4,"3,4,8",NA,2021-12-06,2021-11-19,NA,NA,2022-03-24,2022-03-31,2022-04-07,NA,NA,NA,NA,NA,NA,NA,NA,2022-03-24,14,1,0,15,0,20,1.4285714285714286,21.42857142857143,2022-03-24,108,125,2022-04-07,14,1,1,1,1
3,9,394,HR_070,HR_123,n,8,TRUE,FALSE,TRUE,8,8,NA,2021-12-06,2021-11-19,NA,2022-03-16,2022-03-24,2022-03-31,2022-04-07,2022-04-14,NA,NA,NA,NA,2022-05-20,NA,NA,2022-03-16,21,4,0,25,16,23,1.0952380952380953,27.380952380952383,2022-03-16,100,117,2022-05-20,65,1,1,1,1
3,9,395,HR_141,HR_044,R,6,TRUE,TRUE,TRUE,6,"1,6,8",NA,2021-12-06,2021-11-19,NA,2022-03-16,NA,2022-03-31,2022-04-07,2022-04-14,2022-04-20,2022-04-27,NA,NA,NA,NA,NA,2022-03-16,4,0,0,4,0,9,2.25,9,2022-03-16,100,117,2022-04-27,42,1,1,1,1
3,9,396,HR_085,HR_035,n,3,TRUE,FALSE,TRUE,3,3,**Fitness plant updated to plant 3. Two fitness palnts - 1 and 3 recorded originally,2021-12-06,2021-11-19,NA,NA,2022-03-24,2022-03-31,2022-04-07,2022-04-14,2022-04-20,NA,NA,NA,NA,NA,NA,NA,8,3,0,11,14,16,2,22,2022-03-24,108,125,2022-04-20,27,1,1,1,1
3,9,397,HR_147,HR_118,n,1,TRUE,FALSE,TRUE,1,1,NA,2021-12-06,2021-11-19,NA,NA,2022-03-24,2022-03-31,2022-04-07,2022-04-14,NA,NA,NA,NA,NA,NA,NA,2022-03-16,15,5,0,20,13,17,1.1333333333333333,22.666666666666664,2022-03-24,108,125,2022-04-14,21,1,1,1,1
3,9,398,HR_090,HR_126,n,8,TRUE,FALSE,TRUE,8,8,NA,2021-12-17,2021-11-19,NA,NA,2022-03-24,NA,NA,NA,NA,NA,NA,NA,NA,NA,NA,NA,0,0,0,0,6,NA,0,0,2022-03-24,97,125,2022-03-24,0,1,1,0,0
3,9,399,HR_196,HR_170,n,7,TRUE,FALSE,TRUE,7,7,NA,2021-12-06,2021-11-19,2022-03-10,2022-03-16,2022-03-24,2022-03-31,2022-04-07,2022-04-14,2022-04-20,NA,NA,NA,NA,NA,2022-05-19,2022-03-10,27,4,0,31,36,55,2.037037037037037,63.14814814814815,2022-03-10,94,111,2022-04-20,41,1,1,1,1
3,9,400,HR_034,HR_080,R,4,TRUE,TRUE,TRUE,4,"5,3,4",NA,2021-12-06,2021-11-19,NA,NA,2022-03-24,2022-03-31,2022-04-07,2022-04-14,NA,NA,NA,NA,NA,NA,NA,2022-03-24,18,0,0,18,0,13,0.7222222222222222,13,2022-03-24,108,125,2022-04-14,21,1,1,1,1
3,9,401,HR_053,HR_038,n,7,TRUE,FALSE,TRUE,7,7,NA,2021-12-06,2021-11-19,NA,NA,2022-03-24,2022-03-31,2022-04-07,2022-04-14,2022-04-20,2022-04-27,NA,NA,NA,NA,NA,2022-04-07,28,26,0,54,27,34,1.2142857142857142,65.57142857142857,2022-03-24,108,125,2022-04-27,34,1,1,1,1
3,9,402,HR_074,HR_066,n,5,TRUE,FALSE,TRUE,5,5,NA,2021-12-06,2021-11-19,NA,2022-03-16,2022-03-24,2022-03-31,2022-04-07,2022-04-14,2022-04-20,NA,NA,NA,NA,NA,NA,2022-03-16,13,4,0,17,30,46,3.5384615384615383,60.15384615384615,2022-03-16,100,117,2022-04-20,35,1,1,1,1
3,9,403,HR_139,HR_062,n,5,TRUE,FALSE,TRUE,5,5,NA,2021-12-06,2021-11-19,2022-03-10,NA,NA,2022-03-31,2022-04-07,2022-04-14,NA,NA,NA,NA,NA,NA,NA,2022-03-10,0,0,0,0,8,NA,0,0,2022-03-10,94,111,2022-04-14,35,1,1,0,0
3,9,404,HR_139,HR_129,n,1,TRUE,FALSE,TRUE,1,1,NA,2021-12-06,2021-11-19,NA,NA,2022-03-24,2022-03-31,2022-04-07,2022-04-14,2022-04-20,NA,NA,NA,NA,NA,NA,2022-03-16,11,3,0,14,16,12,1.0909090909090908,15.272727272727272,2022-03-24,108,125,2022-04-20,27,1,1,1,1
3,9,405,HR_110,HR_039,n,2,TRUE,FALSE,TRUE,2,2,NA,2021-12-06,2021-11-19,NA,NA,2022-03-24,2022-03-31,2022-04-07,2022-04-14,NA,NA,NA,NA,NA,NA,NA,2022-03-16,21,3,0,24,30,50,2.380952380952381,57.14285714285714,2022-03-24,108,125,2022-04-14,21,1,1,1,1
3,9,406,HR_110,HR_037,n,6,TRUE,FALSE,TRUE,6,6,**Fitness Plant changed from 2 to 6. Two fitness palnts - 2 and 6 recorded originally,2021-12-06,2021-11-19,2022-03-10,2022-03-16,2022-03-24,2022-03-31,2022-04-07,2022-04-14,NA,NA,NA,NA,NA,NA,NA,2022-04-07,11,1,0,12,21,33,3,36,2022-03-10,94,111,2022-04-14,35,1,1,1,1
3,9,407,HR_085,HR_107,n,1,TRUE,FALSE,TRUE,1,1,NA,2021-12-06,2021-11-19,NA,NA,2022-03-24,2022-03-31,2022-04-07,NA,NA,NA,NA,NA,NA,NA,NA,2022-03-24,2,1,0,3,20,1,0.5,1.5,2022-03-24,108,125,2022-04-07,14,1,1,1,1
3,9,408,HR_200,HR_159,n,5,TRUE,FALSE,TRUE,5,5,Two plants recorded originally - 5 and 2,2021-12-06,2021-11-19,2022-03-10,2022-03-16,2022-03-24,2022-03-31,2022-04-07,NA,NA,NA,NA,NA,NA,NA,NA,2022-03-10,9,5,0,14,20,7,0.7777777777777778,10.88888888888889,2022-03-10,94,111,2022-04-07,28,1,1,1,1
3,9,409,HR_100,HR_195,n,7,TRUE,FALSE,TRUE,7,7,NA,2021-12-06,2021-11-19,NA,NA,2022-03-24,2022-03-31,2022-04-07,NA,2022-04-20,NA,NA,NA,NA,NA,NA,2022-03-24,9,6,0,15,7,18,2,30,2022-03-24,108,125,2022-04-20,27,1,1,1,1
3,9,410,HR_180,HR_036,n,8,TRUE,FALSE,TRUE,8,8,fruits from 2 were also collected multiple times,2021-12-06,2021-11-19,NA,2022-03-16,2022-03-24,2022-03-31,2022-04-07,2022-04-14,2022-04-20,NA,NA,NA,NA,NA,NA,2022-03-24,0,NA,NA,0,50,0,0,0,2022-03-16,100,117,2022-04-20,35,1,1,0,0
3,9,411,HR_149,HR_174,n,6,TRUE,FALSE,TRUE,6,6,NA,2021-12-06,2021-11-19,NA,2022-03-16,2022-03-24,2022-03-31,2022-04-07,2022-04-14,2022-04-20,2022-04-27,NA,NA,NA,2022-05-24,NA,2022-03-16,17,9,0,26,26,25,1.4705882352941178,38.23529411764706,2022-03-16,100,117,2022-05-24,69,1,1,1,1
