Location,Sequence,SegPos,Gen,Donor,Recipient,Fit_plant,latitude,longitude
1,1,1L,G1,BB_144,BB_207,,38.31522,-123.06908
1,1,1R,G2,BB_168,BB_046,,38.31522,-123.06908
1,2,2L,G1,BB_091,BB_098,,38.31522,-123.06908
1,2,2R,G1,BB_171,BB_157,,38.31522,-123.06908
1,3,3L,G2,BB_107,BB_123,,38.31522,-123.06908
1,3,3R,G1,BB_091,BB_139,3,38.31522,-123.06908
2,4,4L,G1,BB_005,BB_166,,38.31514,-123.06908
2,4,4R,G1,BB_169,BB_181,5,38.31514,-123.06908
2,5,5L,G2,BB_213,BB_132,3,38.31514,-123.06908
2,5,5R,G1,BB_173,BB_044,2,38.31514,-123.06908
2,6,6L,G1,BB_142,BB_150,5,38.31514,-123.06908
2,6,6R,G2,BB_174,BB_002,3,38.31514,-123.06908
3,7,7L,G2,BB_162,BB_154,,38.31512,-123.06909
3,7,7R,G2,BB_066,BB_052,4,38.31512,-123.06909
3,8,8L,G1,BB_023,BB_206,3,38.31512,-123.06909
3,8,8R,G1,BB_174,BB_068,4,38.31512,-123.06909
3,9,9L,G2,BB_213,BB_147,5,38.31512,-123.06909
3,9,9R,G1,BB_026,BB_053,5,38.31512,-123.06909
4,10,10L,G2,BB_108,BB_069,5,38.31509,-123.06911
4,10,10R,G1,BB_142,BB_086,1,38.31509,-123.06911
4,11,11L,G2,BB_217,BB_054,,38.31509,-123.06911
4,11,11R,G1,BB_011,BB_215,5,38.31509,-123.06911
4,12,12L,G1,BB_125,BB_051,5,38.31509,-123.06911
4,12,12R,G2,BB_177,BB_134,1,38.31509,-123.06911
5,13,13L,G1,BB_215,BB_148,3,38.31506,-123.06911
5,13,13R,G1,BB_215,BB_004,4,38.31506,-123.06911
5,14,14L,G2,BB_051,BB_143,1,38.31506,-123.06911
5,14,14R,G2,BB_194,BB_159,5,38.31506,-123.06911
5,15,15L,G1,BB_176,BB_017,1,38.31506,-123.06911
5,15,15R,G1,BB_196,BB_088,3,38.31506,-123.06911
6,16,16L,G1,BB_065,BB_013,4,38.31504,-123.06917
6,16,16R,G1,BB_107,BB_179,1,38.31504,-123.06917
6,17,17L,G1,BB_005,BB_166,2,38.31504,-123.06917
6,17,17R,G1,BB_215,BB_210,,38.31504,-123.06917
6,18,18L,G1,BB_169,BB_076,1,38.31504,-123.06917
6,18,18R,G2,BB_217,BB_205A,4,38.31504,-123.06917
7,19,19L,G1,BB_202,BB_025,1,38.31505,-123.06921
7,19,19R,G2,BB_130,BB_120,,38.31505,-123.06921
7,20,20L,G1,BB_142,BB_086,2,38.31505,-123.06921
7,20,20R,G1,BB_073,BB_092,4,38.31505,-123.06921
7,21,21L,G2,BB_065,BB_133,,38.31505,-123.06921
7,21,21R,G1,BB_162,BB_154,,38.31505,-123.06921
8,22,22L,G2,BB_051,BB_105,,38.31505,-123.06922
8,22,22R,G1,BB_014,BB_152,5,38.31505,-123.06922
8,23,23L,G1,BB_115,BB_020,4,38.31505,-123.06922
8,23,23R,G2,BB_011,BB_116,1,38.31505,-123.06922
8,24,24L,G2,BB_066,BB_019,2,38.31505,-123.06922
8,24,24R,G1,BB_005,BB_195,2,38.31505,-123.06922
9,25,25L,G1,BB_023,BB_190,3,38.31496,-123.06918
9,25,25R,G1,BB_141,BB_029,4,38.31496,-123.06918
9,26,26L,G1,BB_174,BB_010,1,38.31496,-123.06918
9,26,26R,G1,BB_169,BB_181,1,38.31496,-123.06918
9,27,27L,G2,BB_213,BB_132,2,38.31496,-123.06918
9,27,27R,G1,BB_115,BB_020,1,38.31496,-123.06918
10,28,28L,G2,BB_038,BB_149,2,38.31495,-123.06921
10,28,28R,G2,BB_141,BB_029,1,38.31495,-123.06921
10,29,29L,G1,BB_141,BB_029,5,38.31495,-123.06921
10,29,29R,G1,BB_100,BB_135,1,38.31495,-123.06921
10,30,30L,G2,BB_171,BB_039,4,38.31495,-123.06921
10,30,30R,G1,BB_091,BB_094,4,38.31495,-123.06921
11,31,31L,G1,BB_194,BB_159,3,38.31494,-123.06924
11,31,31R,G1,BB_015,BB_063,3,38.31494,-123.06924
11,32,32L,G1,BB_065,BB_192,5,38.31494,-123.06924
11,32,32R,G1,BB_215,BB_004,5,38.31494,-123.06924
11,33,33L,G1,BB_196,BB_088,2,38.31494,-123.06924
11,33,33R,G1,BB_198,BB_045,1,38.31494,-123.06924
12,34,34L,G2,BB_168,BB_058,2,38.31496,-123.06927
12,34,34R,G1,BB_175,BB_172,5,38.31496,-123.06927
12,35,35L,G1,BB_182,BB_103,3,38.31496,-123.06927
12,35,35R,G1,BB_055,BB_183,4,38.31496,-123.06927
12,36,36L,G2,BB_188,BB_009,4,38.31496,-123.06927
12,36,36R,G2,BB_215,BB_148,5,38.31496,-123.06927
13,37,37L,G1,BB_099,BB_032,2,38.31494,-123.06931
13,37,37R,G1,BB_125,BB_024,1,38.31494,-123.06931
13,38,38L,G1,BB_196,BB_089,1,38.31494,-123.06931
13,38,38R,G1,BB_202,BB_018,3,38.31494,-123.06931
13,39,39L,G1,BB_014,BB_102,4,38.31494,-123.06931
13,39,39R,G1,BB_107,BB_179,2,38.31494,-123.06931
14,40,40L,G1,BB_130,BB_048,2,38.31494,-123.06935
14,40,40R,G1,BB_023,BB_078,2,38.31494,-123.06935
14,41,41L,G2,BB_057,BB_200,2,38.31494,-123.06935
14,41,41R,G1,BB_144,BB_207,1,38.31494,-123.06935
14,42,42L,G1,BB_057,BB_121,2,38.31494,-123.06935
14,42,42R,G1,BB_188,BB_009,2,38.31494,-123.06935
15,43,43L,G1,BB_108,BB_189,3,38.3149,-123.06934
15,43,43R,G1,BB_202,BB_101,1,38.3149,-123.06934
15,44,44L,G1,BB_162,BB_154,4,38.3149,-123.06934
15,44,44R,G1,BB_057,BB_200,1,38.3149,-123.06934
15,45,45L,G2,BB_171,BB_157,2,38.3149,-123.06934
15,45,45R,G2,BB_182,BB_103,2,38.3149,-123.06934
16,46,46L,G1,BB_047,BB_071,1,38.31488,-123.06934
16,46,46R,G1,BB_177,BB_117,3,38.31488,-123.06934
16,47,47L,G1,BB_142,BB_093,2,38.31488,-123.06934
16,47,47R,G1,BB_107,BB_123,4,38.31488,-123.06934
16,48,48L,G1,BB_055,BB_119,5,38.31488,-123.06934
16,48,48R,G1,BB_073,BB_064,5,38.31488,-123.06934
17,49,49L,G1,BB_217,BB_205A,4,38.31486,-123.06934
17,49,49R,G2,BB_169,BB_076,2,38.31486,-123.06934
17,50,50L,G1,BB_107,BB_151,4,38.31486,-123.06934
17,50,50R,G2,BB_130,BB_120,1,38.31486,-123.06934
17,51,51L,G1,BB_066,BB_052,1,38.31486,-123.06934
17,51,51R,G1,BB_194,BB_159,2,38.31486,-123.06934
18,52,52L,G1,BB_188,BB_171,3,38.31483,-123.06932
18,52,52R,G1,BB_100,BB_031,1,38.31483,-123.06932
18,53,53L,G1,BB_051,BB_118,1,38.31483,-123.06932
18,53,53R,G2,BB_141,BB_037,3,38.31483,-123.06932
18,54,54L,G2,BB_055,BB_145,4,38.31483,-123.06932
18,54,54R,G1,BB_001,BB_074,4,38.31483,-123.06932
19,55,55L,G1,BB_108,BB_097,3,38.3148,-123.06935
19,55,55R,G2,BB_202,BB_018,4,38.3148,-123.06935
19,56,56L,G1,BB_075,BB_079,3,38.3148,-123.06935
19,56,56R,G1,BB_171,BB_157,,38.3148,-123.06935
19,57,57L,G2,BB_057,BB_200,,38.3148,-123.06935
19,57,57R,G2,BB_028,BB_083,,38.3148,-123.06935
20,58,58L,G1,BB_175,BB_104,3,38.31482,-123.06939
20,58,58R,G1,BB_014,BB_185,4,38.31482,-123.06939
20,59,59L,G2,BB_202,BB_018,1,38.31482,-123.06939
20,59,59R,G1,BB_125,BB_051,3,38.31482,-123.06939
20,60,60L,G2,BB_168,BB_046,2,38.31482,-123.06939
20,60,60R,G1,BB_141,BB_003,2,38.31482,-123.06939
21,61,61L,G2,BB_026,BB_153,5,38.3148,-123.0694
21,61,61R,G2,BB_167,BB_114,1,38.3148,-123.0694
21,62,62L,G1,BB_001,BB_043,5,38.3148,-123.0694
21,62,62R,G2,BB_142,BB_093,4,38.3148,-123.0694
21,63,63L,G1,BB_130,BB_120,,38.3148,-123.0694
21,63,63R,G1,BB_057,BB_121,1,38.3148,-123.0694
22,64,64L,G2,BB_169,BB_076,2,38.3148,-123.06955
22,64,64R,G1,BB_198,BB_035,,38.3148,-123.06955
22,65,65L,G1,BB_005,BB_195,,38.3148,-123.06955
22,65,65R,G1,BB_213,BB_147,3,38.3148,-123.06955
22,66,66L,G2,BB_169,BB_160,2,38.3148,-123.06955
22,66,66R,G1,BB_198,BB_035,5,38.3148,-123.06955
23,67,67L,G1,BB_066,BB_019,4,38.31483,-123.06957
23,67,67R,G2,BB_023,BB_206,1,38.31483,-123.06957
23,68,68L,G1,BB_099,BB_061,3,38.31483,-123.06957
23,68,68R,G1,BB_051,BB_105,3,38.31483,-123.06957
23,69,69L,G1,BB_169,BB_076,2,38.31483,-123.06957
23,69,69R,G2,BB_023,BB_078,1,38.31483,-123.06957
24,70,70L,G1,BB_176,BB_017,4,38.31481,-123.06961
24,70,70R,G2,BB_188,BB_171,2,38.31481,-123.06961
24,71,71L,G2,BB_028,BB_109,5,38.31481,-123.06961
24,71,71R,G1,BB_197,BB_199,1,38.31481,-123.06961
24,72,72L,G1,BB_073,BB_084,2,38.31481,-123.06961
24,72,72R,G1,BB_194,BB_214,2,38.31481,-123.06961
25,73,73L,G1,BB_175,BB_172,4,38.31482,-123.06959
25,73,73R,G2,BB_057,BB_121,2,38.31482,-123.06959
25,74,74L,G1,BB_174,BB_002,5,38.31482,-123.06959
25,74,74R,G2,BB_026,BB_153,3,38.31482,-123.06959
25,75,75L,G1,BB_026,BB_153,3,38.31482,-123.06959
25,75,75R,G2,BB_091,BB_098,3,38.31482,-123.06959
26,76,76L,G2,BB_176,BB_017,5,38.3149,-123.06961
26,76,76R,G1,BB_001,BB_072,5,38.3149,-123.06961
26,77,77L,G2,BB_108,BB_189,2,38.3149,-123.06961
26,77,77R,G1,BB_217,BB_016,,38.3149,-123.06961
26,78,78L,G1,BB_005,BB_034,,38.3149,-123.06961
26,78,78R,G1,BB_073,BB_064,,38.3149,-123.06961
27,79,79L,G1,BB_122,BB_126,1,38.31495,-123.06969
27,79,79R,G1,BB_038,BB_149,5,38.31495,-123.06969
27,80,80L,G1,BB_194,BB_163,5,38.31495,-123.06969
27,80,80R,G1,BB_065,BB_013,5,38.31495,-123.06969
27,81,81L,G1,BB_173,BB_095,4,38.31495,-123.06969
27,81,81R,G2,BB_115,BB_020,2,38.31495,-123.06969
28,82,82L,G1,BB_167,BB_008,1,38.31492,-123.06968
28,82,82R,G2,BB_176,BB_059,4,38.31492,-123.06968
28,83,83L,G1,BB_162,BB_080,2,38.31492,-123.06968
28,83,83R,G1,BB_014,BB_185,1,38.31492,-123.06968
28,84,84L,G1,BB_182,BB_021,3,38.31492,-123.06968
28,84,84R,G1,BB_014,BB_152,4,38.31492,-123.06968
29,85,85L,G2,BB_175,BB_104,2,38.31489,-123.06966
29,85,85R,G1,BB_125,BB_137,,38.31489,-123.06966
29,86,86L,G1,BB_038,BB_216,5,38.31489,-123.06966
29,86,86R,G2,BB_023,BB_190,3,38.31489,-123.06966
29,87,87L,G1,BB_197,BB_060,5,38.31489,-123.06966
29,87,87R,G1,BB_066,BB_052,1,38.31489,-123.06966
30,88,88L,G1,BB_171,BB_127,5,38.31483,-123.06966
30,88,88R,G1,BB_188,BB_171,,38.31483,-123.06966
30,89,89L,G1,BB_026,BB_153,,38.31483,-123.06966
30,89,89R,G1,BB_182,BB_201,,38.31483,-123.06966
30,90,90L,G1,BB_001,BB_074,2,38.31483,-123.06966
30,90,90R,G1,BB_073,BB_084,4,38.31483,-123.06966
31,91,91L,G1,BB_115,BB_020,5,38.31481,-123.06973
31,91,91R,G1,BB_091,BB_094,2,38.31481,-123.06973
31,92,92L,G2,BB_066,BB_019,3,38.31481,-123.06973
31,92,92R,G2,BB_055,BB_145,2,38.31481,-123.06973
31,93,93L,G2,BB_066,BB_087,,38.31481,-123.06973
31,93,93R,G2,BB_198,BB_138,4,38.31481,-123.06973
32,94,94L,G2,BB_171,BB_039,1,38.3148,-123.06974
32,94,94R,G1,BB_055,BB_119,2,38.3148,-123.06974
32,95,95L,G1,BB_011,BB_215,,38.3148,-123.06974
32,95,95R,G1,BB_107,BB_151,3,38.3148,-123.06974
32,96,96L,G1,BB_173,BB_044,4,38.3148,-123.06974
32,96,96R,G2,BB_144,BB_207,2,38.3148,-123.06974
33,97,97L,G1,BB_023,BB_078,3,38.31474,-123.06976
33,97,97R,G1,BB_194,BB_163,4,38.31474,-123.06976
33,98,98L,G2,BB_051,BB_143,,38.31474,-123.06976
33,98,98R,G1,BB_065,BB_192,5,38.31474,-123.06976
33,99,99L,G1,BB_169,BB_160,,38.31474,-123.06976
33,99,99R,G2,BB_028,BB_083,,38.31474,-123.06976
34,100,100L,G1,BB_176,BB_049,5,38.31469,-123.06968
34,100,100R,G2,BB_100,BB_135,2,38.31469,-123.06968
34,101,101L,G1,BB_215,BB_004,4,38.31469,-123.06968
34,101,101R,G2,BB_215,BB_210,2,38.31469,-123.06968
34,102,102L,G1,BB_141,BB_037,2,38.31469,-123.06968
34,102,102R,G1,BB_182,BB_201,1,38.31469,-123.06968
35,103,103L,G2,BB_182,BB_021,2,38.31466,-123.06969
35,103,103R,G2,BB_215,BB_148,3,38.31466,-123.06969
35,104,104L,G1,BB_055,BB_119,4,38.31466,-123.06969
35,104,104R,G1,BB_066,BB_019,4,38.31466,-123.06969
35,105,105L,G2,BB_168,BB_046,5,38.31466,-123.06969
35,105,105R,G1,BB_167,BB_008,1,38.31466,-123.06969
36,106,106L,G2,BB_014,BB_185,3,38.31464,-123.06971
36,106,106R,G1,BB_168,BB_046,3,38.31464,-123.06971
36,107,107L,G1,BB_174,BB_010,1,38.31464,-123.06971
36,107,107R,G1,BB_194,BB_159,3,38.31464,-123.06971
36,108,108L,G2,BB_202,BB_101,3,38.31464,-123.06971
36,108,108R,G1,BB_162,BB_154,1,38.31464,-123.06971
37,109,109L,G1,BB_144,BB_158,2,38.31461,-123.06969
37,109,109R,G1,BB_202,BB_018,3,38.31461,-123.06969
37,110,110L,G2,BB_026,BB_153,5,38.31461,-123.06969
37,110,110R,G1,BB_115,BB_077,5,38.31461,-123.06969
37,111,111L,G1,BB_217,BB_205A,4,38.31461,-123.06969
37,111,111R,G2,BB_057,BB_121,5,38.31461,-123.06969
38,112,112L,G1,BB_015,BB_063,2,38.31459,-123.06975
38,112,112R,G1,BB_066,BB_087,5,38.31459,-123.06975
38,113,113L,G1,BB_213,BB_147,2,38.31459,-123.06975
38,113,113R,G1,BB_213,BB_147,2,38.31459,-123.06975
38,114,114L,G1,BB_196,BB_089,5,38.31459,-123.06975
38,114,114R,G1,BB_011,BB_116,3,38.31459,-123.06975
39,115,115L,G1,BB_196,BB_088,2,38.31456,-123.06971
39,115,115R,G1,BB_065,BB_133,4,38.31456,-123.06971
39,116,116L,G1,BB_005,BB_034,2,38.31456,-123.06971
39,116,116R,G1,BB_168,BB_046,4,38.31456,-123.06971
39,117,117L,G1,BB_171,BB_039,5,38.31456,-123.06971
39,117,117R,G1,BB_075,BB_164,3,38.31456,-123.06971
40,118,118L,G2,BB_141,BB_029,5,38.31454,-123.06972
40,118,118R,G1,BB_202,BB_025,4,38.31454,-123.06972
40,119,119L,G2,BB_125,BB_051,1,38.31454,-123.06972
40,119,119R,G1,BB_182,BB_021,3,38.31454,-123.06972
40,120,120L,G1,BB_217,BB_054,2,38.31454,-123.06972
40,120,120R,G1,BB_055,BB_183,5,38.31454,-123.06972
41,121,121L,G1,BB_108,BB_189,3,38.31456,-123.06966
41,121,121R,G2,BB_213,BB_132,2,38.31456,-123.06966
41,122,122L,G1,BB_115,BB_187,5,38.31456,-123.06966
41,122,122R,G2,BB_177,BB_134,1,38.31456,-123.06966
41,123,123L,G1,BB_100,BB_113,4,38.31456,-123.06966
41,123,123R,G1,BB_162,BB_080,2,38.31456,-123.06966
42,124,124L,G1,BB_107,BB_151,5,38.31453,-123.06967
42,124,124R,G1,BB_177,BB_140,,38.31453,-123.06967
42,125,125L,G1,BB_038,BB_149,1,38.31453,-123.06967
42,125,125R,G2,BB_028,BB_109,1,38.31453,-123.06967
42,126,126L,G1,BB_188,BB_205B,,38.31453,-123.06967
42,126,126R,G2,BB_108,BB_189,2,38.31453,-123.06967
43,127,127L,G1,BB_130,BB_120,5,38.31451,-123.06965
43,127,127R,G1,BB_171,BB_039,2,38.31451,-123.06965
43,128,128L,G1,BB_174,BB_010,3,38.31451,-123.06965
43,128,128R,G1,BB_023,BB_206,1,38.31451,-123.06965
43,129,129L,G1,BB_162,BB_040,2,38.31451,-123.06965
43,129,129R,G1,BB_196,BB_089,1,38.31451,-123.06965
44,130,130L,G1,BB_122,BB_027,2,38.31449,-123.06962
44,130,130R,G1,BB_014,BB_152,1,38.31449,-123.06962
44,131,131L,G1,BB_198,BB_138,5,38.31449,-123.06962
44,131,131R,G1,BB_167,BB_114,1,38.31449,-123.06962
44,132,132L,G2,BB_215,BB_148,1,38.31449,-123.06962
44,132,132R,G1,BB_197,BB_199,1,38.31449,-123.06962
45,133,133L,G2,BB_026,BB_053,1,38.31442,-123.06953
45,133,133R,G2,BB_171,BB_039,5,38.31442,-123.06953
45,134,134L,G1,BB_057,BB_200,1,38.31442,-123.06953
45,134,134R,G1,BB_167,BB_110,5,38.31442,-123.06953
45,135,135L,G2,BB_100,BB_135,1,38.31442,-123.06953
45,135,135R,G2,BB_065,BB_013,4,38.31442,-123.06953
46,136,136L,G2,BB_196,BB_088,3,38.31441,-123.0695
46,136,136R,G1,BB_057,BB_146,,38.31441,-123.0695
46,137,137L,G2,BB_047,BB_193,4,38.31441,-123.0695
46,137,137R,G1,BB_028,BB_109,4,38.31441,-123.0695
46,138,138L,G1,BB_125,BB_137,2,38.31441,-123.0695
46,138,138R,G1,BB_177,BB_117,4,38.31441,-123.0695
47,139,139L,G1,BB_028,BB_209,2,38.31437,-123.06944
47,139,139R,G2,BB_051,BB_105,1,38.31437,-123.06944
47,140,140L,G2,BB_177,BB_134,2,38.31437,-123.06944
47,140,140R,G1,BB_196,BB_186,1,38.31437,-123.06944
47,141,141L,G1,BB_177,BB_134,3,38.31437,-123.06944
47,141,141R,G2,BB_198,BB_138,4,38.31437,-123.06944
48,142,142L,G1,BB_213,BB_132,,38.31436,-123.0694
48,142,142R,G2,BB_057,BB_200,5,38.31436,-123.0694
48,143,143L,G1,BB_198,BB_045,3,38.31436,-123.0694
48,143,143R,G1,BB_188,BB_009,3,38.31436,-123.0694
48,144,144L,G1,BB_217,BB_054,4,38.31436,-123.0694
48,144,144R,G2,BB_028,BB_083,,38.31436,-123.0694
49,145,145L,G1,BB_001,BB_043,1,38.31434,-123.06943
49,145,145R,G1,BB_175,BB_050,,38.31434,-123.06943
49,146,146L,G1,BB_075,BB_085,4,38.31434,-123.06943
49,146,146R,G1,BB_177,BB_140,,38.31434,-123.06943
49,147,147L,G1,BB_122,BB_208,3,38.31434,-123.06943
49,147,147R,G2,BB_217,BB_054,3,38.31434,-123.06943
50,148,148L,G1,BB_055,BB_145,2,38.31431,-123.06944
50,148,148R,G2,BB_057,BB_146,5,38.31431,-123.06944
50,149,149L,G1,BB_122,BB_126,1,38.31431,-123.06944
50,149,149R,G2,BB_171,BB_157,2,38.31431,-123.06944
50,150,150L,G1,BB_176,BB_059,1,38.31431,-123.06944
50,150,150R,G2,BB_188,BB_009,,38.31431,-123.06944
51,151,151L,G1,BB_173,BB_044,3,38.3143,-123.06956
51,151,151R,G2,BB_108,BB_189,3,38.3143,-123.06956
51,152,152L,G2,BB_142,BB_093,,38.3143,-123.06956
51,152,152R,G2,BB_196,BB_088,5,38.3143,-123.06956
51,153,153L,G1,BB_174,BB_002,1,38.3143,-123.06956
51,153,153R,G1,BB_055,BB_145,3,38.3143,-123.06956
52,154,154L,G2,BB_162,BB_154,,38.31432,-123.06963
52,154,154R,G2,BB_015,BB_111,1,38.31432,-123.06963
52,155,155L,G2,BB_023,BB_206,4,38.31432,-123.06963
52,155,155R,G1,BB_051,BB_143,5,38.31432,-123.06963
52,156,156L,G2,BB_023,BB_190,3,38.31432,-123.06963
52,156,156R,G1,BB_130,BB_007,5,38.31432,-123.06963
53,157,157L,G2,BB_115,BB_020,4,38.31435,-123.06964
53,157,157R,G1,BB_099,BB_032,,38.31435,-123.06964
53,158,158L,G2,BB_011,BB_116,2,38.31435,-123.06964
53,158,158R,G1,BB_065,BB_192,2,38.31435,-123.06964
53,159,159L,G1,BB_175,BB_104,1,38.31435,-123.06964
53,159,159R,G1,BB_057,BB_146,2,38.31435,-123.06964
54,160,160L,G1,BB_073,BB_064,5,38.31435,-123.06971
54,160,160R,G2,BB_167,BB_114,4,38.31435,-123.06971
54,161,161L,G2,BB_197,BB_060,2,38.31435,-123.06971
54,161,161R,G1,BB_141,BB_037,3,38.31435,-123.06971
54,162,162L,G1,BB_202,BB_101,5,38.31435,-123.06971
54,162,162R,G1,BB_130,BB_048,4,38.31435,-123.06971
55,163,163L,G1,BB_197,BB_211,5,38.3144,-123.06969
55,163,163R,G1,BB_167,BB_114,2,38.3144,-123.06969
55,164,164L,G2,BB_051,BB_143,4,38.3144,-123.06969
55,164,164R,G1,BB_075,BB_079,3,38.3144,-123.06969
55,165,165L,G1,BB_005,BB_166,,38.3144,-123.06969
55,165,165R,G1,BB_073,BB_092,2,38.3144,-123.06969
56,166,166L,G1,BB_001,BB_074,3,38.31441,-123.06973
56,166,166R,G1,BB_182,BB_103,,38.31441,-123.06973
56,167,167L,G2,BB_047,BB_131,1,38.31441,-123.06973
56,167,167R,G1,BB_176,BB_059,3,38.31441,-123.06973
56,168,168L,G1,BB_028,BB_109,3,38.31441,-123.06973
56,168,168R,G1,BB_144,BB_030,1,38.31441,-123.06973
57,169,169L,G2,BB_182,BB_103,1,38.31439,-123.06978
57,169,169R,G2,BB_177,BB_117,1,38.31439,-123.06978
57,170,170L,G1,BB_177,BB_117,3,38.31439,-123.06978
57,170,170R,G2,BB_169,BB_076,5,38.31439,-123.06978
57,171,171L,G1,BB_051,BB_118,3,38.31439,-123.06978
57,171,171R,G1,BB_144,BB_030,4,38.31439,-123.06978
58,172,172L,G1,BB_197,BB_211,4,38.31446,-123.06974
58,172,172R,G1,BB_011,BB_056,1,38.31446,-123.06974
58,173,173L,G1,BB_142,BB_093,2,38.31446,-123.06974
58,173,173R,G2,BB_055,BB_145,4,38.31446,-123.06974
58,174,174L,G2,BB_198,BB_045,4,38.31446,-123.06974
58,174,174R,G1,BB_122,BB_027,4,38.31446,-123.06974
59,175,175L,G2,BB_005,BB_166,4,38.31446,-123.06979
59,175,175R,G1,BB_065,BB_013,1,38.31446,-123.06979
59,176,176L,G1,BB_066,BB_019,1,38.31446,-123.06979
59,176,176R,G1,BB_091,BB_098,,38.31446,-123.06979
59,177,177L,G2,BB_196,BB_089,2,38.31446,-123.06979
59,177,177R,G1,BB_197,BB_199,4,38.31446,-123.06979
60,178,178L,G1,BB_001,BB_072,5,38.31443,-123.06982000000001
60,178,178R,G1,BB_173,BB_170,4,38.31443,-123.06982000000001
60,179,179L,G2,BB_026,BB_053,,38.31443,-123.06982000000001
60,179,179R,G2,BB_066,BB_019,5,38.31443,-123.06982000000001
60,180,180L,G1,BB_047,BB_071,,38.31443,-123.06982000000001
60,180,180R,G1,BB_175,BB_172,5,38.31443,-123.06982000000001
61,181,181L,G2,BB_142,BB_150,2,38.31451,-123.06982000000001
61,181,181R,G1,BB_215,BB_210,4,38.31451,-123.06982000000001
61,182,182L,G1,BB_141,BB_029,,38.31451,-123.06982000000001
61,182,182R,G1,BB_015,BB_218,1,38.31451,-123.06982000000001
61,183,183L,G1,BB_065,BB_133,2,38.31451,-123.06982000000001
61,183,183R,G1,BB_028,BB_083,,38.31451,-123.06982000000001
62,184,184L,G2,BB_066,BB_052,4,38.31448,-123.06985
62,184,184R,G1,BB_099,BB_161,1,38.31448,-123.06985
62,185,185L,G1,BB_015,BB_111,1,38.31448,-123.06985
62,185,185R,G1,BB_168,BB_058,3,38.31448,-123.06985
62,186,186L,G2,BB_176,BB_017,3,38.31448,-123.06985
62,186,186R,G1,BB_142,BB_093,3,38.31448,-123.06985
63,187,187L,G2,BB_107,BB_123,2,38.31446,-123.06985
63,187,187R,G1,BB_047,BB_131,3,38.31446,-123.06985
63,188,188L,G1,BB_167,BB_110,,38.31446,-123.06985
63,188,188R,G1,BB_122,BB_208,2,38.31446,-123.06985
63,189,189L,G1,BB_005,BB_034,4,38.31446,-123.06985
63,189,189R,G1,BB_215,BB_210,2,38.31446,-123.06985
64,190,190L,G1,BB_202,BB_025,3,38.31446,-123.06989
64,190,190R,G1,BB_066,BB_052,5,38.31446,-123.06989
64,191,191L,G1,BB_173,BB_095,1,38.31446,-123.06989
64,191,191R,G1,BB_142,BB_086,4,38.31446,-123.06989
64,192,192L,G1,BB_100,BB_113,5,38.31446,-123.06989
64,192,192R,G1,BB_217,BB_016,5,38.31446,-123.06989
65,193,193L,G1,BB_073,BB_084,3,38.31443,-123.06989
65,193,193R,G1,BB_198,BB_138,,38.31443,-123.06989
65,194,194L,G1,BB_115,BB_077,2,38.31443,-123.06989
65,194,194R,G2,BB_065,BB_133,,38.31443,-123.06989
65,195,195L,G2,BB_188,BB_009,,38.31443,-123.06989
65,195,195R,G1,BB_169,BB_160,5,38.31443,-123.06989
66,196,196L,G1,BB_014,BB_185,1,38.31441,-123.06989
66,196,196R,G2,BB_202,BB_101,,38.31441,-123.06989
66,197,197L,G2,BB_142,BB_093,3,38.31441,-123.06989
66,197,197R,G1,BB_168,BB_081,1,38.31441,-123.06989
66,198,198L,G1,BB_171,BB_157,5,38.31441,-123.06989
66,198,198R,G2,BB_217,BB_205A,5,38.31441,-123.06989
67,199,199L,G2,BB_169,BB_160,1,38.31436,-123.06985
67,199,199R,G1,BB_047,BB_193,1,38.31436,-123.06985
67,200,200L,G1,BB_175,BB_050,4,38.31436,-123.06985
67,200,200R,G1,BB_182,BB_201,2,38.31436,-123.06985
67,201,201L,G1,BB_099,BB_032,3,38.31436,-123.06985
67,201,201R,G1,BB_142,BB_150,5,38.31436,-123.06985
68,202,202L,G1,BB_108,BB_189,3,38.31437,-123.06992
68,202,202R,G1,BB_130,BB_007,,38.31437,-123.06992
68,203,203L,G1,BB_176,BB_017,,38.31437,-123.06992
68,203,203R,G2,BB_047,BB_193,,38.31437,-123.06992
68,204,204L,G1,BB_125,BB_024,2,38.31437,-123.06992
68,204,204R,G1,BB_162,BB_040,1,38.31437,-123.06992
69,205,205L,G2,BB_047,BB_131,1,38.31436,-123.06992
69,205,205R,G1,BB_168,BB_081,2,38.31436,-123.06992
69,206,206L,G1,BB_197,BB_211,4,38.31436,-123.06992
69,206,206R,G1,BB_075,BB_079,5,38.31436,-123.06992
69,207,207L,G1,BB_217,BB_054,2,38.31436,-123.06992
69,207,207R,G1,BB_130,BB_120,1,38.31436,-123.06992
70,208,208R,G2,BB_023,BB_190,,38.31433,-123.06995
70,209,209L,G1,BB_168,BB_046,2,38.31433,-123.06995
70,209,209R,G1,BB_015,BB_063,5,38.31433,-123.06995
70,210,210L,G1,BB_188,BB_205B,,38.31433,-123.06995
70,210,210R,G1,BB_167,BB_114,,38.31433,-123.06995
71,211,211L,G1,BB_174,BB_002,4,38.31431,-123.06992
71,211,211R,G1,BB_188,BB_171,,38.31431,-123.06992
71,212,212L,G1,BB_091,BB_098,3,38.31431,-123.06992
71,212,212R,G2,BB_011,BB_215,1,38.31431,-123.06992
71,213,213L,G1,BB_108,BB_097,5,38.31431,-123.06992
71,213,213R,G2,BB_196,BB_089,5,38.31431,-123.06992
72,214,214L,G1,BB_176,BB_059,,38.3143,-123.06992
72,214,214R,G1,BB_100,BB_031,,38.3143,-123.06992
72,215,215L,G2,BB_091,BB_139,2,38.3143,-123.06992
72,215,215R,G1,BB_047,BB_193,,38.3143,-123.06992
72,216,216L,G1,BB_168,BB_058,,38.3143,-123.06992
72,216,216R,G2,BB_100,BB_135,,38.3143,-123.06992
73,217,217L,G1,BB_177,BB_134,4,38.31429,-123.06987
73,217,217R,G1,BB_055,BB_183,1,38.31429,-123.06987
73,218,218L,G1,BB_075,BB_085,5,38.31429,-123.06987
73,218,218R,G2,BB_005,BB_166,,38.31429,-123.06987
73,219,219L,G2,BB_168,BB_058,,38.31429,-123.06987
73,219,219R,G1,BB_014,BB_102,,38.31429,-123.06987
74,220,220L,G2,BB_215,BB_004,2,38.31428,-123.06982000000001
74,220,220R,G2,BB_141,BB_037,,38.31428,-123.06982000000001
74,221,221L,G2,BB_057,BB_146,,38.31428,-123.06982000000001
74,221,221R,G2,BB_057,BB_121,4,38.31428,-123.06982000000001
74,222,222L,G1,BB_100,BB_135,4,38.31428,-123.06982000000001
74,222,222R,G1,BB_075,BB_164,4,38.31428,-123.06982000000001
75,223,223L,G2,BB_168,BB_058,,38.31424,-123.06983
75,223,223R,G1,BB_026,BB_070,2,38.31424,-123.06983
75,224,224L,G1,BB_125,BB_051,,38.31424,-123.06983
75,224,224R,G1,BB_026,BB_070,4,38.31424,-123.06983
75,225,225L,G1,BB_099,BB_161,,38.31424,-123.06983
75,225,225R,G2,BB_011,BB_056,,38.31424,-123.06983
76,226,226L,G2,BB_141,BB_029,2,38.31422,-123.0698
76,226,226R,G1,BB_047,BB_131,,38.31422,-123.0698
76,227,227L,G2,BB_107,BB_179,4,38.31422,-123.0698
76,227,227R,G1,BB_026,BB_153,,38.31422,-123.0698
76,228,228L,G1,BB_028,BB_209,,38.31422,-123.0698
76,228,228R,G1,BB_171,BB_127,,38.31422,-123.0698
77,229,229L,G2,BB_142,BB_150,,38.31425,-123.06976
77,229,229R,G1,BB_011,BB_116,2,38.31425,-123.06976
77,230,230L,G1,BB_168,BB_058,,38.31425,-123.06976
77,230,230R,G1,BB_011,BB_116,,38.31425,-123.06976
77,231,231L,G2,BB_213,BB_147,,38.31425,-123.06976
77,231,231R,G2,BB_047,BB_193,,38.31425,-123.06976
78,232,232L,G1,BB_023,BB_078,3,38.31422,-123.06963
78,232,232R,G2,BB_028,BB_109,,38.31422,-123.06963
78,233,233L,G2,BB_057,BB_146,,38.31422,-123.06963
78,233,233R,G1,BB_100,BB_135,5,38.31422,-123.06963
78,234,234L,G1,BB_066,BB_087,,38.31422,-123.06963
78,234,234R,G2,BB_202,BB_101,3,38.31422,-123.06963
79,235,235L,G1,BB_115,BB_077,1,38.31424,-123.06959
79,235,235R,G1,BB_047,BB_131,2,38.31424,-123.06959
79,236,236L,G1,BB_198,BB_045,3,38.31424,-123.06959
79,236,236R,G1,BB_144,BB_158,5,38.31424,-123.06959
79,237,237L,G1,BB_173,BB_095,4,38.31424,-123.06959
79,237,237R,G1,BB_196,BB_186,1,38.31424,-123.06959
80,238,238L,G2,BB_194,BB_214,,38.31424,-123.0656
80,238,238R,G2,BB_107,BB_123,4,38.31424,-123.0656
80,239,239L,G1,BB_141,BB_003,5,38.31424,-123.0656
80,239,239R,G1,BB_213,BB_204,1,38.31424,-123.0656
80,240,240L,G2,BB_073,BB_092,,38.31424,-123.0656
80,240,240R,G2,BB_107,BB_151,3,38.31424,-123.0656
81,241,241L,G2,BB_075,BB_079,,38.31419,-123.06956
81,241,241R,G1,BB_173,BB_170,5,38.31419,-123.06956
81,242,242L,G1,BB_047,BB_193,,38.31419,-123.06956
81,242,242R,G1,BB_047,BB_071,,38.31419,-123.06956
81,243,243L,G1,BB_176,BB_049,2,38.31419,-123.06956
81,243,243R,G2,BB_026,BB_053,3,38.31419,-123.06956
82,244,244L,G1,BB_173,BB_170,2,38.31419,-123.06951
82,244,244R,G1,BB_197,BB_060,3,38.31419,-123.06951
82,245,245L,G1,BB_162,BB_040,4,38.31419,-123.06951
82,245,245R,G1,BB_026,BB_053,2,38.31419,-123.06951
82,246,246L,G2,BB_011,BB_215,5,38.31419,-123.06951
82,246,246R,G2,BB_182,BB_103,,38.31419,-123.06951
83,247,247L,G1,BB_011,BB_056,3,38.31412,-123.06958
83,247,247R,G1,BB_175,BB_104,5,38.31412,-123.06958
83,248,248L,G1,BB_015,BB_218,,38.31412,-123.06958
83,248,248R,G2,BB_174,BB_002,4,38.31412,-123.06958
83,249,249L,G1,BB_100,BB_031,3,38.31412,-123.06958
83,249,249R,G2,BB_196,BB_089,5,38.31412,-123.06958
84,250,250L,G1,BB_177,BB_140,,38.3141,-123.0696
84,250,250R,G1,BB_217,BB_205A,2,38.3141,-123.0696
84,251,251L,G2,BB_175,BB_104,4,38.3141,-123.0696
84,251,251R,G1,BB_107,BB_179,5,38.3141,-123.0696
84,252,252L,G1,BB_182,BB_103,1,38.3141,-123.0696
84,252,252R,G1,BB_108,BB_069,,38.3141,-123.0696
85,253,253L,G1,BB_038,BB_042,,38.31403,-123.06953
85,253,253R,G1,BB_188,BB_009,1,38.31403,-123.06953
85,254,254L,G2,BB_023,BB_206,,38.31403,-123.06953
85,254,254R,G1,BB_001,BB_072,,38.31403,-123.06953
85,255,255L,G1,BB_091,BB_139,,38.31403,-123.06953
85,255,255R,G2,BB_175,BB_172,,38.31403,-123.06953
86,256,256L,G1,BB_015,BB_111,2,38.31403,-123.06956
86,256,256R,G2,BB_176,BB_059,4,38.31403,-123.06956
86,257,257L,G1,BB_122,BB_027,,38.31403,-123.06956
86,257,257R,G1,BB_142,BB_150,3,38.31403,-123.06956
86,258,258L,G1,BB_028,BB_083,1,38.31403,-123.06956
86,258,258R,G1,BB_026,BB_070,,38.31403,-123.06956
87,259,259L,G2,BB_075,BB_164,5,38.31396,-123.06951
87,259,259R,G1,BB_198,BB_138,,38.31396,-123.06951
87,260,260L,G1,BB_194,BB_214,1,38.31396,-123.06951
87,260,260R,G1,BB_065,BB_133,3,38.31396,-123.06951
87,261,261L,G2,BB_217,BB_054,3,38.31396,-123.06951
87,261,261R,G1,BB_107,BB_123,,38.31396,-123.06951
88,262,262L,G2,BB_194,BB_214,,38.31395,-123.06953
88,262,262R,G1,BB_213,BB_132,,38.31395,-123.06953
88,263,263L,G1,BB_217,BB_016,5,38.31395,-123.06953
88,263,263R,G1,BB_014,BB_102,,38.31395,-123.06953
88,264,264L,G1,BB_169,BB_076,,38.31395,-123.06953
88,264,264R,G1,BB_171,BB_127,,38.31395,-123.06953
89,265,265L,G2,BB_176,BB_059,,38.31392,-123.06953
89,265,265R,G1,BB_174,BB_068,,38.31392,-123.06953
89,266,266L,G2,BB_065,BB_013,,38.31392,-123.06953
89,266,266R,G2,BB_038,BB_149,3,38.31392,-123.06953
89,267,267L,G2,BB_011,BB_215,,38.31392,-123.06953
89,267,267R,G1,BB_125,BB_137,,38.31392,-123.06953
90,268,268L,G2,BB_125,BB_024,4,38.3139,-123.06945
90,268,268R,G1,BB_091,BB_139,4,38.3139,-123.06945
90,269,269L,G2,BB_065,BB_133,5,38.3139,-123.06945
90,269,269R,G1,BB_038,BB_042,4,38.3139,-123.06945
90,270,270L,G2,BB_217,BB_205A,3,38.3139,-123.06945
90,270,270R,G1,BB_051,BB_143,,38.3139,-123.06945
91,271,271L,G2,BB_065,BB_013,4,38.31388,-123.06945
91,271,271R,G1,BB_182,BB_021,2,38.31388,-123.06945
91,272,272L,G1,BB_038,BB_149,5,38.31388,-123.06945
91,272,272R,G1,BB_171,BB_039,2,38.31388,-123.06945
91,273,273L,G1,BB_028,BB_209,2,38.31388,-123.06945
91,273,273R,G1,BB_213,BB_204,5,38.31388,-123.06945
92,274,274L,G1,BB_141,BB_003,1,38.31383,-123.06949
92,274,274R,G2,BB_026,BB_070,4,38.31383,-123.06949
92,275,275L,G1,BB_177,BB_134,1,38.31383,-123.06949
92,275,275R,G1,BB_144,BB_158,,38.31383,-123.06949
92,276,276L,G1,BB_162,BB_080,1,38.31383,-123.06949
92,276,276R,G1,BB_099,BB_061,4,38.31383,-123.06949
93,277,277L,G1,BB_038,BB_216,2,38.31384,-123.06947
93,277,277R,G2,BB_107,BB_179,1,38.31384,-123.06947
93,278,278L,G2,BB_198,BB_045,2,38.31384,-123.06947
93,278,278R,G1,BB_197,BB_060,1,38.31384,-123.06947
93,279,279L,G1,BB_167,BB_110,4,38.31384,-123.06947
93,279,279R,G1,BB_194,BB_214,4,38.31384,-123.06947
94,280,280L,G2,BB_176,BB_017,,38.31378,-123.06947
94,280,280R,G2,BB_130,BB_120,,38.31378,-123.06947
94,281,281L,G1,BB_202,BB_018,3,38.31378,-123.06947
94,281,281R,G1,BB_130,BB_048,5,38.31378,-123.06947
94,282,282L,G2,BB_130,BB_048,,38.31378,-123.06947
94,282,282R,G2,BB_197,BB_060,,38.31378,-123.06947
95,283,283L,G1,BB_175,BB_050,2,38.31374,-123.06946
95,283,283R,G1,BB_015,BB_111,,38.31374,-123.06946
95,284,284L,G1,BB_026,BB_053,1,38.31374,-123.06946
95,284,284R,G1,BB_099,BB_161,,38.31374,-123.06946
95,285,285L,G1,BB_115,BB_187,,38.31374,-123.06946
95,285,285R,G1,BB_169,BB_181,5,38.31374,-123.06946
96,286,286L,G1,BB_023,BB_190,,38.31371,-123.06944
96,286,286R,G1,BB_023,BB_190,,38.31371,-123.06944
96,287,287L,G1,BB_194,BB_163,2,38.31371,-123.06944
96,287,287R,G1,BB_108,BB_097,4,38.31371,-123.06944
96,288,288L,G1,BB_055,BB_145,1,38.31371,-123.06944
96,288,288R,G2,BB_213,BB_147,3,38.31371,-123.06944
97,289,289L,G1,BB_057,BB_146,1,38.31367,-123.0694
97,289,289R,G1,BB_122,BB_208,5,38.31367,-123.0694
97,290,290L,G2,BB_107,BB_179,3,38.31367,-123.0694
97,290,290R,G1,BB_075,BB_164,1,38.31367,-123.0694
97,291,291L,G1,BB_141,BB_037,1,38.31367,-123.0694
97,291,291R,G2,BB_066,BB_052,4,38.31367,-123.0694
98,292,292L,G1,BB_051,BB_105,,38.31363,-123.06937
98,292,292R,G1,BB_188,BB_205B,5,38.31363,-123.06937
98,293,293L,G1,BB_091,BB_094,2,38.31363,-123.06937
98,293,293R,G1,BB_215,BB_148,5,38.31363,-123.06937
98,294,294L,G1,BB_108,BB_069,,38.31363,-123.06937
98,294,294R,G1,BB_066,BB_087,,38.31363,-123.06937
99,295,295L,G2,BB_197,BB_060,5,38.31359,-123.06928
99,295,295R,G2,BB_198,BB_138,5,38.31359,-123.06928
99,296,296L,G1,BB_011,BB_056,,38.31359,-123.06928
99,296,296R,G1,BB_073,BB_092,,38.31359,-123.06928
99,297,297L,G1,BB_198,BB_035,,38.31359,-123.06928
99,297,297R,G1,BB_144,BB_207,1,38.31359,-123.06928
100,298,298L,G1,BB_168,BB_081,4,38.31353,-123.06927
100,298,298R,G2,BB_066,BB_087,4,38.31353,-123.06927
100,299,299L,G2,BB_196,BB_088,,38.31353,-123.06927
100,299,299R,G1,BB_051,BB_143,5,38.31353,-123.06927
100,300,300L,G1,BB_176,BB_049,1,38.31353,-123.06927
100,300,300R,G1,BB_057,BB_121,1,38.31353,-123.06927
101,301,301L,G2,BB_174,BB_002,4,38.31353,-123.06926
101,301,301R,G1,BB_213,BB_132,1,38.31353,-123.06926
101,302,302L,G1,BB_075,BB_085,4,38.31353,-123.06926
101,302,302R,G2,BB_005,BB_166,1,38.31353,-123.06926
101,303,303L,G2,BB_142,BB_150,3,38.31353,-123.06926
101,303,303R,G1,BB_130,BB_007,3,38.31353,-123.06926
102,304,304L,G1,BB_011,BB_215,5,38.31343,-123.06924
102,304,304R,G1,BB_099,BB_061,3,38.31343,-123.06924
102,305,305L,G2,BB_091,BB_098,3,38.31343,-123.06924
102,305,305R,G1,BB_028,BB_083,,38.31343,-123.06924
102,306,306L,G1,BB_115,BB_187,,38.31343,-123.06924
102,306,306R,G2,BB_167,BB_114,1,38.31343,-123.06924
103,307,307L,G1,BB_100,BB_113,4,38.31345,-123.06918
103,307,307R,G1,BB_108,BB_069,,38.31345,-123.06918
103,308,308L,G1,BB_196,BB_186,3,38.31345,-123.06918
103,308,308R,G2,BB_028,BB_209,4,38.31345,-123.06918
103,309,309L,G2,BB_115,BB_020,2,38.31345,-123.06918
103,309,309R,G2,BB_038,BB_149,5,38.31345,-123.06918
104,310,310L,G1,BB_057,BB_200,2,38.31341,-123.06912
104,310,310R,G1,BB_167,BB_008,,38.31341,-123.06912
104,311,311L,G1,BB_215,BB_148,1,38.31341,-123.06912
104,311,311R,G1,BB_005,BB_195,,38.31341,-123.06912
104,312,312L,G1,BB_213,BB_204,5,38.31341,-123.06912
104,312,312R,G2,BB_162,BB_080,3,38.31341,-123.06912
105,313,313L,G1,BB_174,BB_068,2,38.31337,-123.06906
105,313,313R,G2,BB_198,BB_045,2,38.31337,-123.06906
105,314,314L,G1,BB_028,BB_109,5,38.31337,-123.06906
105,314,314R,G1,BB_202,BB_101,,38.31337,-123.06906
105,315,315L,G1,BB_107,BB_123,3,38.31337,-123.06906
105,315,315R,G2,BB_107,BB_151,,38.31337,-123.06906
106,316,316L,G1,BB_122,BB_126,2,38.3134,-123.06904
106,316,316R,G1,BB_038,BB_042,4,38.3134,-123.06904
106,317,317L,G2,BB_202,BB_018,3,38.3134,-123.06904
106,317,317R,G1,BB_023,BB_206,4,38.3134,-123.06904
106,318,318L,G1,BB_001,BB_043,,38.3134,-123.06904
106,318,318R,G1,BB_051,BB_118,,38.3134,-123.06904
107,319,319L,G1,BB_051,BB_105,1,38.31355,-123.06918
107,319,319R,G1,BB_015,BB_218,1,38.31355,-123.06918
107,320,320L,G1,BB_169,BB_160,4,38.31355,-123.06918
107,320,320R,G2,BB_015,BB_111,3,38.31355,-123.06918
107,321,321L,G1,BB_038,BB_216,2,38.31355,-123.06918
107,321,321R,G1,BB_125,BB_024,3,38.31355,-123.06918
108,322,322L,G1,BB_144,BB_030,3,38.31358,-123.06918
