,Site:  Hastings Ranch 2021-22,,,,,Plant ID,,,,,,,,,,"D-dead; G- gopher; UR-uprooted (plug pushed up); B- buried; PR- paddle replaced; DP-deer poop; T-trampled by deer; (3)- Tripplet (3 Cotyledons); *-cotyledons missing; M -= Missing P-pig; ?-unsure; M- missing; C-regrew cotyledons, (n=2)- double",,
Block (1-3),Transect (1-12),Sequence (1-396),Pollen Donor ID,Maternal Sibship,mm/dd,1,2,3,4,5,6,7,8,9,10,Notes 12/6,Notes 12/17,Oak leaves removed when ontop of seedlings
1,1,1,HR_8,HR_58,Germ Date,2022-12-06,2022-12-06,2022-12-06,2022-12-06,2022-12-17,2022-12-17,2022-12-06,2022-12-06,,,,,
1,1,1,HR_8,HR_58,Flow Date,,,,,,,,,,,,,
1,1,2,HR_196,HR_183,Germ Date,2022-12-06,2022-12-06,2022-12-06,2022-12-17,2022-12-06,2022-12-06,2022-12-06,2022-12-06,,,,*-4,
1,1,2,HR_196,HR_183,Flow Date,,,,,,,,,,,,,
1,1,3,HR_085,HR_176,Germ Date,2022-12-06,2022-12-06,2022-12-06,2022-12-06,2022-12-06,2022-12-06,2022-11-19,2022-12-06,,,,,
1,1,3,HR_085,HR_176,Flow Date,,,,,,,,,,,,,
1,1,4,HR_6,HR_146,Germ Date,2022-12-06,2022-12-06,2022-12-06,2022-11-19,2022-12-06,2022-12-06,2022-12-06,2022-12-06,,,,,
1,1,4,HR_6,HR_146,Flow Date,,,,,,,,,,,,,
1,1,5,HR_108,HR_177,Germ Date,2022-12-06,2022-12-06,2022-12-06,2022-12-06,2022-12-17,2022-12-06,2022-12-06,2022-12-06,,,,*-5,
1,1,5,HR_108,HR_177,Flow Date,,,,,,,,,,,,,
1,1,6,HR_74,HR_115,Germ Date,2022-12-06,2022-12-06,2022-12-17,2022-12-17,2022-12-06,2022-12-06,,,,,,,
1,1,6,HR_74,HR_115,Flow Date,,,,,,,,,,,,,
1,1,7,HR_180,HR_36,Germ Date,,2022-12-06,,2022-12-06,2022-12-06,2022-12-06,2022-12-06,2022-12-06,,,,,
1,1,7,HR_180,HR_36,Flow Date,,,,,,,,,,,,,
1,1,8,HR_160,HR_33,Germ Date,2022-12-06,2022-12-06,2022-12-06,2022-12-06,2022-12-06,2022-12-06,2022-12-06,,,,,,
1,1,8,HR_160,HR_33,Flow Date,,,,,,,,,,,,,
1,1,9,HR_70,HR_61,Germ Date,2022-12-06,2022-12-06,2022-12-06,2022-12-06,2022-12-06,2022-12-06,2022-12-06,2022-12-17,,,,D-7,
1,1,9,HR_70,HR_61,Flow Date,,,,,,,,,,,,,
1,1,10,HR_133,HR_158,Germ Date,2022-12-06,2022-12-06,2022-12-06,2022-12-06,2022-12-06,2022-12-06,2022-12-06,2022-12-17,,,,,
1,1,10,HR_133,HR_158,Flow Date,,,,,,,,,,,,,
1,1,11,HR_108,HR_175,Germ Date,2022-12-06,2022-12-06,2022-12-06,2022-11-19,2022-12-06,2022-12-06,2022-12-06,2022-12-06,,,,,
1,1,11,HR_108,HR_175,Flow Date,,,,,,,,,,,,,
1,1,12,HR_164,HR_5,Germ Date,2022-12-06,2022-11-19,2022-12-06,2022-12-06,2022-12-06,2022-12-06,2022-12-06,2022-12-06,,,,,
1,1,12,HR_164,HR_5,Flow Date,,,,,,,,,,,,,
1,1,13,HR_171,HR_57,Germ Date,2022-12-06,2022-12-06,2022-12-06,2022-12-06,2022-12-06,2022-12-06,2022-11-19,2022-12-06,,,,,
1,1,13,HR_171,HR_57,Flow Date,,,,,,,Dead 12/6,,,,,,
1,1,14,HR_196,HR_170,Germ Date,,2022-12-06,2022-12-06,12/6 *,2022-12-06,2022-12-06,2022-12-06,2022-12-17,,,,*-8,
1,1,14,HR_196,HR_170,Flow Date,,,,,,,,,,,,,
1,1,15,HR_148,HR_114,Germ Date,2022-12-06,2022-11-19,2022-12-06,2022-12-06,2022-12-06,2022-12-06,2022-12-06,2022-12-06,,,D-2,,
1,1,15,HR_148,HR_114,Flow Date,,,,,,,,,,,,,
1,1,16,HR_69,HR_108,Germ Date,2022-12-06,,2022-12-06,2022-12-06,,2022-11-19,2022-12-17,2022-12-06,,,*-4;D-6,*-7,
1,1,16,HR_69,HR_108,Flow Date,,,,,,,,,,,,,
1,1,17,HR_175,HR_196,Germ Date,2022-12-06,2022-12-06,2022-11-19,2022-12-06,2022-12-06,,2022-12-17,,,,"*-2,4;D-3",*-7,
1,1,17,HR_175,HR_196,Flow Date,,,,,,,,,,,,,
1,1,18,HR_131,HR_46,Germ Date,2022-12-06,2022-12-06,2022-12-17,2022-12-06,2022-12-17,2022-12-06,2022-12-17,2022-12-06,,,"*-1,2","*-3,5,7,8",
1,1,18,HR_131,HR_46,Flow Date,,,,,,,,,,,,,
1,1,19,HR_95,HR_20,Germ Date,2022-12-17,2022-12-06,2022-12-17,,2022-12-06,2022-12-17,2022-12-17,2022-12-17,,,,"*-3,6,7",
1,1,19,HR_95,HR_20,Flow Date,,,,,,,,,,,,,
1,1,20,HR_108,HR_16,Germ Date,,2022-12-17,2022-11-19,2022-12-17,,2022-12-06,2022-12-06,2022-12-17,,,*-6,"*-2,8;D-3",
1,1,20,HR_108,HR_16,Flow Date,,,,,,,,,,,,,
1,1,21,HR_200,HR_10,Germ Date,2022-12-06,,,2022-12-06,2022-12-06,2022-12-06,2022-12-17,2022-12-06,,,"?-1;G-2,3,8;M-2-3;*-5",,
1,1,21,HR_200,HR_10,Flow Date,,,,,,,,2022-12-06,,,,,
1,1,22,HR_164,HR_41,Germ Date,,2022-12-17,,,,2022-11-19,,,,,D-6;G-7,*-2,
1,1,22,HR_164,HR_41,Flow Date,,,,,,,,,,,,,
1,1,23,HR_168,HR_148,Germ Date,,,,2022-11-19,2022-12-06,2022-12-06,,,,,"*-5,6",*-4,
1,1,23,HR_168,HR_148,Flow Date,,,,,,,,,,,,,
1,1,24,HR_121,HR_105,Germ Date,2022-12-06,,2022-11-19,2022-11-19,2022-12-06,,2022-12-06,,,,"D-3;*-5,7",,
1,1,24,HR_121,HR_105,Flow Date,,,,,,,,,,,,,
1,1,25,HR_62,HR_134,Germ Date,,,,2022-12-06,,,2022-11-19,,,,*-4,,
1,1,25,HR_62,HR_134,Flow Date,,,,,,,,,,,,,
1,1,26,HR_135,HR_83,Germ Date,2022-12-17,2022-12-17,2022-12-06,2022-12-17,,,,,,,*-3,*-4,
1,1,26,HR_135,HR_83,Flow Date,,,,,,,,,,,,,
1,1,27,HR_156,HR_25,Germ Date,,,2022-12-17,,,,2022-12-17,,,,"P-1,2,3,4,5,6,7,8","?-3,7",
1,1,27,HR_156,HR_25,Flow Date,,,,,,,,,,,,,
1,1,28,HR_5,HR_40,Germ Date,2022-12-06,2022-12-06,2022-12-06,2022-12-06,2022-12-06,2022-12-06,2022-12-06,2022-11-19,,,*-4;(3)-6;D-8,,
1,1,28,HR_5,HR_40,Flow Date,,,,,,,,Dead 12/6,,,,,
1,1,29,HR_149,HR_7,Germ Date,2022-12-06,2022-11-19,2022-12-06,2022-11-19,2022-12-06,2022-12-06,2022-12-06,2022-12-06,,,D-4,,
1,1,29,HR_149,HR_7,Flow Date,,,,,,,,,,,,,
1,1,30,HR_131,HR_113,Germ Date,2022-12-17,,2022-12-17,2022-12-17,2022-12-06,2022-12-06,2022-12-06,2022-11-19,,,D-8,"*-1,3,4",
1,1,30,HR_131,HR_113,Flow Date,,,,,,,,,,,,,
1,1,31,HR_157,HR_95,Germ Date,2022-12-06,2022-12-06,2022-11-19,2022-11-19,2022-12-06,2022-12-06,2022-12-17,2022-12-06,,,,*-7,
1,1,31,HR_157,HR_95,Flow Date,,,,,,,,,,,,,
1,1,32,HR_131,HR_49,Germ Date,2022-12-06,2022-12-06,2022-12-06,2022-12-06,2022-12-06,2022-12-06,2022-12-06,2022-12-06,,,,,
1,1,32,HR_131,HR_49,Flow Date,,,,,,,,,,,,,
1,1,33,HR_62,HR_136,Germ Date,2022-12-17,2022-12-17,2022-12-06,2022-12-06,2022-12-17,2022-12-06,2022-12-06,2022-12-06,,,,,
1,1,33,HR_62,HR_136,Flow Date,,,,,,,,,,,,,
1,1,34,HR_110,HR_32,Germ Date,2022-11-19,2022-12-06,2022-12-06,2022-12-06,2022-11-19,2022-12-06,2022-12-06,2022-12-06,,,,,
1,1,34,HR_110,HR_32,Flow Date,,,,,,,,,,,,,
1,1,35,HR_57,HR_110,Germ Date,2022-12-06,2022-12-06,2022-11-19,2022-12-06,2022-12-06,2022-12-06,2022-12-06,2022-12-06,,,,,
1,1,35,HR_57,HR_110,Flow Date,,,,,,,,,,,,,
1,1,36,HR_59,HR_11,Germ Date,2022-12-06,2022-12-06,,2022-12-06,2022-12-06,2022-12-06,2022-11-19,2022-12-06,,,,,
1,1,36,HR_59,HR_11,Flow Date,,,,,,,,,,,,,
1,1,37,HR_95,HR_178,Germ Date,2022-12-06,2022-12-06,2022-12-06,2022-12-06,2022-12-06,2022-12-06,2022-11-19,2022-12-06,,,,,
1,1,37,HR_95,HR_178,Flow Date,,,,,,,,,,,,,
1,1,38,HR_155,HR_47,Germ Date,2022-11-19,2022-11-19,2022-12-06,2022-12-06,2022-12-06,2022-12-06,2022-12-06,2022-12-06,,,,,
1,1,38,HR_155,HR_47,Flow Date,,,,,,,,,,,,,
1,1,39,HR_70,HR_123,Germ Date,2022-12-06,2022-12-06,2022-12-06,2022-12-17,2022-12-06,,2022-12-06,2022-12-06,,,,*-4,
1,1,39,HR_70,HR_123,Flow Date,,,,,,,,,,,,,
1,1,40,HR_53,HR_92,Germ Date,2022-12-06,2022-12-06,,2022-12-06,,,2022-12-06,,,,,,
1,1,40,HR_53,HR_92,Flow Date,,,,,,,,,,,,,
1,1,41,HR_110,HR_39,Germ Date,2022-12-06,2022-12-06,2022-12-06,2022-12-06,2022-12-06,2022-12-06,2022-12-06,2022-12-06,,,,,
1,1,41,HR_110,HR_39,Flow Date,,,,,,,,,,,,,
1,1,42,HR_160,HR_173,Germ Date,2022-12-06,2022-12-06,2022-12-06,2022-12-06,2022-12-06,2022-12-06,2022-12-06,2022-12-06,,,,PR-7,
1,1,42,HR_160,HR_173,Flow Date,,,,,,,,,,,,,
1,1,43,HR_189,HR_18,Germ Date,2022-12-06,2022-12-06,2022-12-17,2022-12-06,2022-11-19,2022-12-06,2022-12-06,2022-12-17,,,,,
1,1,43,HR_189,HR_18,Flow Date,,,,,,,,,,,,,
1,1,44,HR_115,HR_26,Germ Date,2022-11-19,2022-11-19,2022-12-06,2022-12-06,2022-11-19,2022-12-06,2022-11-19,2022-11-19,,,,,
1,1,44,HR_115,HR_26,Flow Date,,,,,,,,,,,,,
1,1,45,HR_110,HR_37,Germ Date,2022-11-19,2022-12-06,2022-11-19,2022-12-06,2022-11-19,2022-11-19,2022-11-19,2022-11-19,,,,,
1,1,45,HR_110,HR_37,Flow Date,,,,,,,,,,,,,
1,1,46,HR_6,HR_162,Germ Date,2022-12-06,2022-12-06,2022-12-06,2022-11-19,2022-12-06,2022-11-19,2022-12-06,2022-11-19,,,,,
1,1,46,HR_6,HR_162,Flow Date,,,,,,,,,,,,,
1,2,47,HR_100,HR_195,Germ Date,2022-11-19,12/6 *,2022-11-19,2022-12-06,2022-12-06,2022-12-06,2022-12-06,2022-12-06,,,,,
1,2,47,HR_100,HR_195,Flow Date,,,,,,,,,,,,,
1,2,48,HR_88,HR_14,Germ Date,2022-11-19,2022-11-19,2022-11-19,2022-12-06,,2022-12-06,2022-12-06,2022-12-17,,,D-1,,
1,2,48,HR_88,HR_14,Flow Date,,,,,,,,,,,,,
1,2,49,HR_148,HR_50,Germ Date,2022-11-19,2022-12-06,2022-11-19,2022-12-06,2022-12-06,2022-12-06,2022-12-06,2022-12-06,,,,,
1,2,49,HR_148,HR_50,Flow Date,,,,,,,,,,,,,
1,2,50,HR_175,HR_27,Germ Date,2022-11-19,2022-12-06,2022-11-19,2022-11-19,2022-12-06,2022-12-06,2022-12-06,2022-12-06,,,D-4,,
1,2,50,HR_175,HR_27,Flow Date,,,,,,,,,,,,,
1,2,51,HR_157,HR_85,Germ Date,2022-12-06,2022-12-06,2022-12-06,2022-12-06,2022-12-06,2022-12-06,2022-12-06,2022-11-19,,,,,
1,2,51,HR_157,HR_85,Flow Date,,,,,,,,,,,,,
1,2,52,HR_141,HR_15,Germ Date,2022-11-19,2022-12-06,2022-12-06,2022-12-06,2022-12-06,2022-12-06,2022-12-06,2022-12-06,,,D-1,,
1,2,52,HR_141,HR_15,Flow Date,,,,,,,,,,,,,
1,2,53,HR_34,HR_112,Germ Date,2022-12-06,,2022-12-06,2022-11-19,2022-12-06,2022-12-06,2022-12-06,,,,,,
1,2,53,HR_34,HR_112,Flow Date,,,,,,,,,,,,,
1,2,54,HR_5,HR_149,Germ Date,2022-12-06,2022-11-19,2022-12-06,2022-11-19,2022-12-06,2022-12-17,2022-12-06,2022-11-19,,,,*-6,
1,2,54,HR_5,HR_149,Flow Date,,,,,,,,,,,,,
1,2,55,HR_027,HR_119,Germ Date,2022-12-06,2022-12-06,2022-12-06,2022-12-06,2022-12-06,2022-12-06,2022-12-06,2022-12-06,,,,,
1,2,55,HR_027,HR_119,Flow Date,,,,,,,,,,,,,
1,2,56,HR_085,HR_107,Germ Date,2022-11-19,2022-12-06,2022-12-06,,2022-12-06,2022-11-19,2022-12-06,2022-12-06,,,,,
1,2,56,HR_085,HR_107,Flow Date,,,,,,,,,,,,,
1,2,57,HR_133,HR_72,Germ Date,2022-12-06,2022-12-06,2022-12-06,2022-12-06,2022-12-06,2022-12-06,2022-12-06,2022-12-06,,,,,
1,2,57,HR_133,HR_72,Flow Date,,,,,,,,,,,,,
1,2,58,HR_133,HR_161,Germ Date,2022-12-17,2022-12-06,2022-12-06,2022-12-06,2022-12-06,2022-12-06,2022-12-06,2022-12-06,,,,,
1,2,58,HR_133,HR_161,Flow Date,,,,,,,,,,,,,
1,2,59,HR_085,HR_35,Germ Date,2022-11-19,2022-12-06,2022-12-06,2022-12-06,2022-12-06,2022-12-06,2022-12-06,2022-12-06,,,,*-1,
1,2,59,HR_085,HR_35,Flow Date,,,,,,,,,,,,,
1,2,60,HR_90,HR_126,Germ Date,2022-11-19,2022-12-17,2022-11-19,2022-11-19,2022-12-06,2022-11-19,2022-12-17,2022-12-17,,,"D-1,3,6","*-2,8;?-7",
1,2,60,HR_90,HR_126,Flow Date,,,,,,,,,,,,,
1,2,61,HR_53,HR_169,Germ Date,2022-12-06,2022-11-19,2022-11-19,2022-12-06,2022-12-06,2022-12-06,2022-12-06,2022-12-06,,,D-2,,
1,2,61,HR_53,HR_169,Flow Date,,,,,,,,,,,,,
1,2,62,HR_125,HR_34,Germ Date,2022-12-06,2022-12-06,2022-12-06,2022-12-06,2022-12-06,2022-12-06,,2022-12-06,,,,,
1,2,62,HR_125,HR_34,Flow Date,,,,,,,,,,,,,
1,2,63,HR_164,HR_201,Germ Date,2022-12-06,2022-12-17,2022-12-06,2022-12-06,2022-12-06,2022-12-06,,2022-12-06,,,*-8,PR-2,
1,2,63,HR_164,HR_201,Flow Date,,,,,,,,,,,,,
1,2,64,HR_34,HR_80,Germ Date,2022-12-06,2022-12-17,2022-12-06,2022-12-06,2022-12-17,2022-12-06,2022-11-19,2022-12-17,,,*-7,?-2;D-3;*-8,
1,2,64,HR_34,HR_80,Flow Date,,,,,,,,,,,,,
1,2,65,HR_155,HR_121,Germ Date,2022-12-06,2022-11-19,2022-12-06,,2022-12-06,2022-12-17,2022-12-06,2022-12-06,,,D-2,"*-2,6",
1,2,65,HR_155,HR_121,Flow Date,,,,,,,,,,,,,
1,2,66,HR_168,HR_101,Germ Date,2022-11-19,2022-11-19,2022-12-06,2022-12-06,2022-12-17,2022-12-06,2022-12-06,2022-12-17,,,D-1,"*-5,8",
1,2,66,HR_168,HR_101,Flow Date,,,,,,,,,,,,,
1,2,67,HR_53,HR_38,Germ Date,2022-12-17,,2022-12-17,2022-12-06,2022-12-06,2022-12-06,2022-12-06,2022-12-06,,,,*-7,
1,2,67,HR_53,HR_38,Flow Date,,,,,,,,,,,,,
1,2,68,HR_5,HR_180,Germ Date,,2022-12-06,,,,2022-12-06,2022-12-06,2022-12-06,,,,D-8,
1,2,68,HR_5,HR_180,Flow Date,,,,,,,,,,,,,
1,2,69,HR_139,HR_129,Germ Date,2022-12-06,2022-12-06,2022-12-06,2022-12-06,2022-12-06,2022-12-06,2022-12-06,,,,,*-2;D-3,
1,2,69,HR_139,HR_129,Flow Date,,,,,,,,,,,,,
1,2,70,HR_157,HR_88,Germ Date,2022-12-06,2022-12-06,2022-12-17,2022-12-06,2022-12-06,2022-12-17,2022-12-17,2022-12-06,,,*-8,"*-2,6,7",
1,2,70,HR_157,HR_88,Flow Date,,,,,,,,,,,,,
1,2,71,HR_6,HR_142,Germ Date,2022-12-06,2022-12-06,2022-12-06,2022-12-06,2022-12-06,2022-12-17,2022-12-17,2022-12-17,,,,"*-4,7,8",
1,2,71,HR_6,HR_142,Flow Date,,,,,,,,,,,,,
1,2,72,HR_200,HR_153,Germ Date,2022-12-06,2022-12-06,2022-12-06,2022-11-19,2022-11-19,2022-12-06,2022-12-06,2022-12-06,,,,*-5,
1,2,72,HR_200,HR_153,Flow Date,,,,,,,,,,,,,
1,2,73,HR_125,HR_86,Germ Date,2022-12-06,2022-12-17,2022-12-17,,2022-12-06,2022-12-06,2022-12-06,2022-12-06,,,,,
1,2,73,HR_125,HR_86,Flow Date,,,,,,,,,,,,,
1,2,74,HR_171,HR_73,Germ Date,2022-12-06,2022-12-06,2022-12-17,2022-11-19,2022-12-06,2022-12-06,2022-11-19,2022-11-19,,,,,
1,2,74,HR_171,HR_73,Flow Date,,,,,,,,,,,,,
1,2,75,HR_57,HR_6,Germ Date,2022-12-06,2022-12-06,2022-12-06,2022-12-06,2022-12-06,2022-12-06,2022-12-06,2022-12-06,,,,,
1,2,75,HR_57,HR_6,Flow Date,,,,,,,,,,,,,
1,2,76,HR_139,HR_62,Germ Date,2022-12-06,2022-12-06,2022-12-06,2022-12-06,2022-12-06,2022-11-19,2022-11-19,,,,,,
1,2,76,HR_139,HR_62,Flow Date,,,,,,,,,,,,,
1,2,77,HR_196,HR_54,Germ Date,2022-11-19,2022-12-06,2022-12-06,2022-11-19,2022-12-06,2022-12-06,2022-12-06,2022-12-06,,,,*-5,
1,2,77,HR_196,HR_54,Flow Date,,,,,,,,,,,,,
1,2,78,HR_180,HR_23,Germ Date,2022-12-06,2022-11-19,2022-12-06,2022-12-06,2022-12-06,2022-12-06,,2022-11-19,,,,,
1,2,78,HR_180,HR_23,Flow Date,,,,,,,,,,,,,
1,2,79,HR_195,HR_104,Germ Date,2022-12-06,2022-12-06,2022-12-06,2022-12-06,2022-12-06,2022-12-06,2022-12-06,2022-11-19,,,,,
1,2,79,HR_195,HR_104,Flow Date,,,,,,,,,,,,,
1,2,80,HR_027,HR_145,Germ Date,2022-11-19,2022-11-19,2022-12-06,2022-12-06,2022-12-06,2022-11-19,2022-11-19,2022-12-06,,,D-1,,
1,2,80,HR_027,HR_145,Flow Date,,,,,,,,,,,,,
1,2,81,HR_8,HR_12,Germ Date,2022-12-17,2022-12-17,2022-12-17,2022-12-06,2022-12-17,2022-12-06,2022-12-17,2022-12-17,,,,*-5;?-5,
1,2,81,HR_8,HR_12,Flow Date,,,,,,,,,,,,,
1,2,82,HR_70,HR_165,Germ Date,2022-12-06,2022-12-06,2022-12-06,2022-12-06,2022-12-06,2022-12-06,2022-12-06,2022-12-06,,,,,
1,2,82,HR_70,HR_165,Flow Date,,,,,,,,,,,,,
1,2,83,HR_168,HR_64,Germ Date,2022-11-19,2022-12-06,2022-11-19,2022-12-06,2022-12-06,2022-11-19,2022-11-19,2022-12-06,,,,,
1,2,83,HR_168,HR_64,Flow Date,,,,,,,,,,,,,
1,2,84,HR_66,HR_137,Germ Date,2022-12-06,2022-12-06,2022-12-06,2022-12-06,2022-12-06,2022-12-06,2022-12-06,2022-11-19,,,,,
1,2,84,HR_66,HR_137,Flow Date,,,,,,,,,,,,,
1,2,85,HR_027,HR_43,Germ Date,2022-12-06,2022-11-19,2022-12-06,2022-12-06,2022-12-06,2022-11-19,2022-12-06,2022-12-06,,,,,
1,2,85,HR_027,HR_43,Flow Date,,,,,,,,,,,,,
1,2,86,HR_189,HR_51,Germ Date,2022-12-06,2022-12-06,2022-12-06,2022-12-06,2022-12-06,2022-12-06,2022-12-17,2022-12-06,,,,,
1,2,86,HR_189,HR_51,Flow Date,,,,,,,,,,,,,
1,2,87,HR_69,HR_133,Germ Date,2022-11-19,2022-11-19,2022-11-19,2022-12-06,2022-12-06,2022-11-19,,2022-12-06,,,,,
1,2,87,HR_69,HR_133,Flow Date,,,,,,,,,,,,,
1,2,88,HR_66,HR_78,Germ Date,2022-12-06,2022-12-06,2022-12-06,2022-12-06,2022-11-19,2022-12-06,2022-12-06,2022-11-19,,,,,
1,2,88,HR_66,HR_78,Flow Date,,,,,,,,,,,,,
1,2,89,HR_175,HR_164,Germ Date,2022-12-06,2022-12-06,2022-12-06,2022-12-06,2022-11-19,2022-11-19,2022-12-06,2022-12-06,,,,,
1,2,89,HR_175,HR_164,Flow Date,,,,,,,,,,,,,
1,2,90,HR_148,HR_109,Germ Date,2022-12-06,2022-12-06,2022-12-06,2022-12-06,2022-12-06,2022-11-19,2022-12-06,2022-12-06,,,,,
1,2,90,HR_148,HR_109,Flow Date,,,,,,,,,,,,,
1,2,91,HR_002,HR_71,Germ Date,2022-11-19,2022-11-19,2022-11-19,2022-11-19,2022-11-19,2022-11-19,2022-12-06,2022-12-06,,,D-1,,
1,2,91,HR_002,HR_71,Flow Date,,,,,,,,,,,,,
1,2,92,HR_002,HR_59,Germ Date,2022-11-19,2022-11-19,2022-11-19,2022-11-19,2022-11-19,2022-11-19,2022-12-06,2022-11-19,,,,,
1,2,92,HR_002,HR_59,Flow Date,,,,,,,,,,,,,
1,3,93,HR_74,HR_70,Germ Date,2022-12-17,,,,2022-12-17,2022-11-19,2022-12-06,2022-12-06,,,,"*-1,6",
1,3,93,HR_74,HR_70,Flow Date,,,,,,,,,,,,,
1,3,94,HR_155,HR_9,Germ Date,2022-12-06,2022-11-19,2022-11-19,2022-12-06,2022-12-06,2022-12-06,2022-12-06,2022-12-17,,,"D-2,3",,
1,3,94,HR_155,HR_9,Flow Date,,,,,,,,,,,,,
1,3,95,HR_115,HR_131,Germ Date,,,,,,2022-12-06,2022-12-06,2022-12-06,,,,,
1,3,95,HR_115,HR_131,Flow Date,,,,,,,,,,,,,
1,3,96,HR_66,HR_87,Germ Date,2022-12-06,2022-11-19,2022-12-06,2022-12-06,2022-12-06,2022-11-19,2022-12-06,2022-12-06,,,,,
1,3,96,HR_66,HR_87,Flow Date,,,,,,,,,,,,,
1,3,97,HR_147,HR_118,Germ Date,2022-12-06,2022-12-06,2022-12-06,2022-12-06,2022-12-06,2022-12-06,2022-12-06,2022-12-06,,,,,
1,3,97,HR_147,HR_118,Flow Date,,,,,,,,,,,,,
1,3,98,HR_88,HR_182,Germ Date,2022-12-06,,2022-12-06,2022-12-06,2022-11-19,2022-12-06,2022-12-06,2022-12-06,,,D-5,,
1,3,98,HR_88,HR_182,Flow Date,,,,,,,,,,,,,
1,3,99,HR_34,HR_17,Germ Date,2022-11-19,2022-12-06,2022-12-06,2022-12-06,2022-12-06,2022-12-06,2022-12-06,2022-12-06,,,,*-1,
1,3,99,HR_34,HR_17,Flow Date,,,,,,,,,,,,,
1,3,100,HR_64,HR_28,Germ Date,2022-11-19,2022-11-19,2022-11-19,2022-12-06,2022-11-19,2022-11-19,2022-12-06,2022-12-06,,,M-2;G-2,,
1,3,100,HR_64,HR_28,Flow Date,,,,,,,,,,,,,
1,3,101,HR_135,HR_4,Germ Date,2022-11-19,2022-12-06,2022-12-06,2022-12-06,2022-12-06,2022-12-06,,2022-12-06,,,,*-1,
1,3,101,HR_135,HR_4,Flow Date,,,,,,,,,,,,,
1,3,102,HR_90,HR_103,Germ Date,2022-12-06,2022-12-06,2022-12-06,2022-12-06,2022-12-06,2022-11-19,2022-12-06,2022-12-06,,,?-7,,
1,3,102,HR_90,HR_103,Flow Date,,,,,,,,,,,,,
1,3,103,HR_147,HR_21,Germ Date,2022-12-06,2022-12-06,2022-11-19,2022-12-06,2022-12-17,2022-11-19,,2022-11-19,,,,*-8,
1,3,103,HR_147,HR_21,Flow Date,,,,,,,,,,,,,
1,3,104,HR_149,HR_174,Germ Date,2022-12-06,2022-11-19,2022-12-06,,,2022-11-19,2022-11-19,2022-11-19,,,"D-2,6;*-7",C-7*-8,
1,3,104,HR_149,HR_174,Flow Date,,,,,,,,,,,,,
1,3,105,HR_156,HR_193,Germ Date,2022-11-19,2022-12-06,2022-11-19,2022-12-06,2022-12-06,2022-12-06,2022-11-19,2022-11-19,,,"D-1,7;*-4",*-3;C-4,
1,3,105,HR_156,HR_193,Flow Date,,,,,,,,,,,,,
1,3,106,HR_135,HR_152,Germ Date,2022-12-06,2022-12-06,2022-12-17,2022-12-06,,2022-11-19,2022-12-06,2022-11-19,,,"*-6,7",*-3,
1,3,106,HR_135,HR_152,Flow Date,,,,,,,,,,,,,
1,3,107,HR_147,HR_150,Germ Date,2022-12-06,2022-11-19,2022-12-06,2022-12-06,2022-11-19,2022-12-17,2022-12-06,2022-12-06,,,,,
1,3,107,HR_147,HR_150,Flow Date,,,,,,,,,,,,,
1,3,108,HR_62,HR_116,Germ Date,2022-12-06,,,2022-12-06,,2022-12-17,2022-11-19,,,,,D-6;*-7,
1,3,108,HR_62,HR_116,Flow Date,,,,,,,,,,,,,
1,3,109,HR_64,HR_190,Germ Date,2022-12-06,2022-12-06,2022-12-06,2022-12-06,2022-12-06,2022-12-17,2022-12-06,2022-12-06,,,*-5,*-6,
1,3,109,HR_64,HR_190,Flow Date,,,,,,,,,,,,,
1,3,110,HR_64,HR_19,Germ Date,2022-11-19,,2022-12-06,2022-12-06,2022-12-06,2022-12-06,2022-12-06,2022-12-06,,,,,
1,3,110,HR_64,HR_19,Flow Date,,,,,,,,,,,,,
1,3,111,HR_180,HR_179,Germ Date,2022-12-17,2022-12-17,2022-12-06,2022-12-06,2022-12-06,2022-12-17,2022-12-06,,,,"*-3,4",,
1,3,111,HR_180,HR_179,Flow Date,,,,,,,,,,,,,
1,3,112,HR_189,HR_168,Germ Date,2022-12-06,2022-11-19,2022-12-06,2022-12-17,2022-12-06,2022-12-06,2022-12-06,2022-12-06,,,"*-1,6",*-4;D-8,
1,3,112,HR_189,HR_168,Flow Date,,,,,,,,,,,,,
1,3,113,HR_69,HR_156,Germ Date,2022-11-19,2022-12-06,2022-12-06,2022-11-19,2022-12-06,2022-11-19,2022-12-06,2022-12-06,,,"*-2,3;(3)-3",?-4;*-6,
1,3,113,HR_69,HR_156,Flow Date,,,,,,,,,,,,,
1,3,114,HR_88,HR_67,Germ Date,2022-12-06,,,2022-12-06,2022-12-17,2022-12-17,2022-12-06,2022-12-06,,,,,
1,3,114,HR_88,HR_67,Flow Date,,,,,,,,,,,,,
1,3,115,HR_74,HR_66,Germ Date,2022-12-17,2022-11-19,2022-12-06,2022-12-06,2022-12-06,2022-12-06,2022-12-06,2022-12-17,,,,*-8,
1,3,115,HR_74,HR_66,Flow Date,,,,,,,,,,,,,
1,3,116,HR_200,HR_159,Germ Date,,2022-12-06,2022-12-17,,2022-12-06,2022-12-17,2022-12-17,2022-12-06,,,,,
1,3,116,HR_200,HR_159,Flow Date,,,,,,,,,,,,,
1,3,117,HR_100,HR_135,Germ Date,2022-12-17,2022-12-17,2022-12-06,2022-12-06,2022-12-06,2022-11-19,2022-12-06,,,,,,
1,3,117,HR_100,HR_135,Flow Date,,,,,,,,,,,,,
1,3,118,HR_121,HR_141,Germ Date,2022-12-17,2022-12-17,2022-12-06,2022-12-06,2022-12-06,2022-12-06,2022-12-06,,,,,"*-1,2",
1,3,118,HR_121,HR_141,Flow Date,,,,,,,,,,,,,
1,3,119,HR_195,HR_181,Germ Date,2022-12-17,2022-12-06,2022-12-06,2022-12-06,2022-11-19,2022-12-06,2022-12-06,2022-12-06,,,,*-1,
1,3,119,HR_195,HR_181,Flow Date,,,,,,,,,,,,,
1,3,120,HR_59,HR_155,Germ Date,2022-12-06,2022-12-17,2022-11-19,2022-12-06,2022-12-06,2022-12-06,2022-12-06,2022-12-06,,,,*-3,
1,3,120,HR_59,HR_155,Flow Date,,,,,,,,,,,,,
1,3,121,HR_171,HR_1,Germ Date,2022-12-06,2022-12-06,2022-12-06,2022-11-19,2022-11-19,2022-11-19,2022-12-06,2022-12-06,,,,*-6,
1,3,121,HR_171,HR_1,Flow Date,,,,,,,,,,,,,
1,3,122,HR_115,HR_111,Germ Date,2022-12-06,2022-12-17,2022-11-19,2022-12-06,2022-12-06,2022-12-06,2022-12-06,2022-12-06,,,,*-2,
1,3,122,HR_115,HR_111,Flow Date,,,,,,,,,,,,,
1,3,123,HR_195,HR_68,Germ Date,2022-12-06,2022-11-19,2022-12-06,2022-12-06,2022-12-06,2022-12-06,2022-12-17,2022-12-06,,,*-6,,
1,3,123,HR_195,HR_68,Flow Date,,,,,,,,,,,,,
1,3,124,HR_002,HR_56,Germ Date,2022-12-06,2022-12-06,2022-11-19,2022-12-06,2022-12-06,2022-12-06,2022-12-06,2022-12-06,,,,,
1,3,124,HR_002,HR_56,Flow Date,,,,,,,,,,,,,
1,3,125,HR_95,HR_124,Germ Date,,2022-12-17,2022-12-17,2022-12-06,2022-12-17,2022-12-06,2022-12-17,2022-12-17,,,,,
1,3,125,HR_95,HR_124,Flow Date,,,,,,,,,,,,,
1,3,126,HR_57,HR_147,Germ Date,,,2022-12-06,2022-12-06,2022-11-19,2022-12-06,2022-12-06,2022-12-06,,,"*-4,6,8",,
1,3,126,HR_57,HR_147,Flow Date,,,,,,,,,,,,,
1,3,127,HR_156,HR_197,Germ Date,2022-12-06,2022-12-06,2022-12-06,2022-11-19,2022-12-17,2022-12-06,2022-12-06,2022-12-06,,,G-1;D-1,,
1,3,127,HR_156,HR_197,Flow Date,,,,,,,,,,,,,
1,3,128,HR_149,HR_65,Germ Date,2022-12-06,2022-12-06,2022-11-19,2022-12-06,2022-12-06,2022-11-19,2022-12-06,2022-12-06,,,,,
1,3,128,HR_149,HR_65,Flow Date,,,,,,,,,,,,,
1,3,129,HR_141,HR_44,Germ Date,2022-12-06,2022-12-06,2022-12-06,2022-12-06,2022-12-06,2022-12-06,2022-12-06,2022-12-17,,,,,
1,3,129,HR_141,HR_44,Flow Date,,,,,,,,,,,,,
1,3,130,HR_139,HR_127,Germ Date,2022-12-06,2022-12-06,2022-12-06,2022-12-06,2022-11-19,2022-12-06,2022-12-06,2022-12-06,,,,,
1,3,130,HR_139,HR_127,Flow Date,,,,,,,,,,,,,
1,3,131,HR_100,HR_192,Germ Date,2022-12-06,2022-12-06,2022-12-06,2022-11-19,2022-12-06,2022-11-19,2022-12-06,2022-12-06,,,,,
1,3,131,HR_100,HR_192,Flow Date,,,,,,,,,,,,,
1,3,132,HR_160,HR_79,Germ Date,2022-12-06,2022-12-06,2022-12-17,2022-12-06,2022-12-06,2022-12-06,2022-12-06,2022-12-06,,,,,
1,3,132,HR_160,HR_79,Flow Date,,,,,,,,,,,,,
1,3,133,HR_90,HR_53,Germ Date,2022-11-19,2022-12-06,2022-12-06,2022-12-06,2022-12-06,2022-12-06,2022-12-06,2022-12-17,,,,,
1,3,133,HR_90,HR_53,Flow Date,,,,,,,,,,,,,
1,3,134,HR_141,HR_184,Germ Date,2022-12-06,2022-12-06,2022-12-06,2022-12-06,2022-12-06,2022-12-06,2022-12-17,2022-12-06,,,,,
1,3,134,HR_141,HR_184,Flow Date,,,,,,,,,,,,,
1,3,135,HR_121,HR_139,Germ Date,2022-12-06,2022-12-06,2022-12-06,2022-12-17,2022-12-06,2022-12-06,2022-12-06,2022-12-06,,,,,
1,3,135,HR_121,HR_139,Flow Date,,,,,,,,,,,,,
1,3,136,HR_59,HR_166,Germ Date,2022-12-06,2022-12-06,2022-12-06,2022-12-06,2022-12-06,2022-12-06,2022-12-06,2022-12-06,,,,,
1,3,136,HR_59,HR_166,Flow Date,,,,,,,,,,,,,
1,3,137,HR_8,HR_42,Germ Date,2022-12-06,2022-12-06,2022-12-06,2022-12-06,2022-12-17,,2022-12-06,2022-12-06,,,,,
1,3,137,HR_8,HR_42,Flow Date,,,,,,,,,,,,,
2,4,138,HR_085,HR_107,Germ Date,2022-12-06,,2022-12-06,2022-12-06,2022-11-19,2022-12-06,2022-12-06,2022-12-06,,,,,
2,4,138,HR_085,HR_107,Flow Date,,,,,,,,,,,,,
2,4,139,HR_62,HR_136,Germ Date,2022-12-06,2022-12-06,2022-11-19,2022-12-06,2022-12-06,2022-12-17,2022-12-06,2022-12-06,,,,,
2,4,139,HR_62,HR_136,Flow Date,,,,,,,,,,,,,
2,4,140,HR_002,HR_71,Germ Date,2022-11-19,2022-12-06,2022-11-19,2022-11-19,2022-12-06,2022-12-06,2022-11-19,2022-12-17,,,,,
2,4,140,HR_002,HR_71,Flow Date,,,,,,,,,,,,,
2,4,141,HR_180,HR_36,Germ Date,2022-12-06,2022-12-06,2022-12-06,2022-12-06,2022-12-06,,2022-12-06,2022-11-19,,,,,
2,4,141,HR_180,HR_36,Flow Date,,,,,,,,,,,,,
2,4,142,HR_69,HR_108,Germ Date,2022-12-06,2022-12-06,2022-12-06,2022-12-06,2022-12-17,2022-12-06,2022-12-06,2022-12-06,,,,,
2,4,142,HR_69,HR_108,Flow Date,,,,,,,,,,,,,
2,4,143,HR_135,HR_4,Germ Date,2022-12-17,2022-12-06,2022-12-06,2022-12-06,2022-12-06,2022-12-06,2022-12-06,2022-12-06,,,,,
2,4,143,HR_135,HR_4,Flow Date,,,,,,,,,,,,,
2,4,144,HR_149,HR_7,Germ Date,2022-12-06,2022-11-19,2022-11-19,2022-12-06,2022-12-06,2022-11-19,2022-11-19,2022-12-06,,,,,
2,4,144,HR_149,HR_7,Flow Date,,,,,,,,,,,,,
2,4,145,HR_53,HR_169,Germ Date,2022-11-19,2022-12-06,2022-12-06,,2022-12-06,2022-12-06,2022-12-06,2022-12-06,,,,,
2,4,145,HR_53,HR_169,Flow Date,,,,,,,,,,,,,
2,4,146,HR_108,HR_175,Germ Date,,2022-12-17,2022-12-06,,2022-12-06,2022-12-06,2022-12-06,2022-12-06,,,,,
2,4,146,HR_108,HR_175,Flow Date,,,,,,,,,,,,,
2,4,147,HR_168,HR_64,Germ Date,2022-12-06,2022-12-06,2022-12-06,2022-12-06,2022-12-06,2022-12-06,2022-12-06,2022-12-06,,,,,
2,4,147,HR_168,HR_64,Flow Date,,,,,,,,,,,,,
2,4,148,HR_157,HR_85,Germ Date,,2022-12-17,,2022-12-06,,2022-12-06,2022-11-19,2022-12-06,,,D-7,?-2,
2,4,148,HR_157,HR_85,Flow Date,,,,,,,,,,,,,
2,4,149,HR_175,HR_164,Germ Date,2022-12-06,2022-12-06,2022-12-06,2022-12-06,2022-12-17,2022-12-06,2022-11-19,2022-12-17,,,,"*-3,5",
2,4,149,HR_175,HR_164,Flow Date,,,,,,,,,,,,,
2,4,150,HR_6,HR_146,Germ Date,2022-11-19,,,,2022-12-06,2022-12-06,2022-12-06,2022-11-19,,,,,
2,4,150,HR_6,HR_146,Flow Date,,,,,,,,Dead 12/6,,,,,
2,4,151,HR_189,HR_168,Germ Date,2022-12-06,2022-12-06,2022-12-06,2022-12-06,2022-12-06,2022-12-06,2022-12-06,2022-12-17,,,,*-8,
2,4,151,HR_189,HR_168,Flow Date,,,,,,,,,,,,,
2,4,152,HR_57,HR_147,Germ Date,2022-12-17,,2022-12-17,2022-12-06,2022-12-06,,2022-12-06,2022-12-06,,,,,
2,4,152,HR_57,HR_147,Flow Date,,,,,,,,,,,,,
2,4,153,HR_59,HR_166,Germ Date,2022-12-06,2022-12-06,2022-12-06,12/6 *,2022-12-06,12/6 *,2022-12-06,2022-12-06,,,"*-4,6",C-6,
2,4,153,HR_59,HR_166,Flow Date,,,,,,,,,,,,,
2,4,154,HR_74,HR_70,Germ Date,,,2022-12-06,,2022-12-06,,,2022-12-06,,,,?-8,
2,4,154,HR_74,HR_70,Flow Date,,,,,,,,,,,,,
2,4,155,HR_164,HR_5,Germ Date,2022-12-06,2022-12-06,2022-12-06,2022-11-19,2022-12-06,2022-12-06,2022-12-06,2022-12-06,,,D-5,,
2,4,155,HR_164,HR_5,Flow Date,,,,,,,,,,,,,
2,4,156,HR_085,HR_35,Germ Date,2022-12-06,2022-12-06,2022-12-06,2022-12-06,2022-12-06,2022-12-06,2022-12-06,2022-12-06,,,PR-1;?-8,,
2,4,156,HR_085,HR_35,Flow Date,,,,,,,,,,,,,
2,4,157,HR_8,HR_58,Germ Date,2022-12-06,2022-12-06,2022-12-06,2022-12-06,2022-12-06,2022-12-06,2022-12-06,2022-12-06,,,"short row?? looks like no skewer at point one, we placed bamboo skewer",,
2,4,157,HR_8,HR_58,Flow Date,,,,,,,,,,,,,
2,4,158,HR_8,HR_12,Germ Date,2022-12-06,,2022-12-17,2022-12-06,2022-12-06,2022-12-17,,,,,,,
2,4,158,HR_8,HR_12,Flow Date,,,,,,,,,,,,,
2,4,159,HR_027,HR_145,Germ Date,2022-12-06,2022-12-06,2022-12-06,2022-12-06,2022-12-06,2022-11-19,2022-12-06,2022-12-06,,,,,
2,4,159,HR_027,HR_145,Flow Date,,,,,,,,,,,,,
2,4,160,HR_125,HR_34,Germ Date,2022-12-06,2022-12-06,2022-12-06,2022-12-06,2022-12-06,2022-12-06,2022-11-19,2022-12-06,,,,,
2,4,160,HR_125,HR_34,Flow Date,,,,,,,,,,,,,
2,4,161,HR_90,HR_53,Germ Date,2022-12-17,2022-11-19,2022-11-19,2022-12-06,2022-12-06,2022-12-06,2022-12-06,2022-11-19,,,,*-1,
2,4,161,HR_90,HR_53,Flow Date,,,,,,,,,,,,,
2,4,162,HR_135,HR_83,Germ Date,2022-12-06,2022-12-06,2022-12-06,2022-12-06,2022-12-06,2022-11-19,2022-12-06,2022-12-06,,,*-7,,
2,4,162,HR_135,HR_83,Flow Date,,,,,,,,,,,,,
2,4,163,HR_141,HR_184,Germ Date,2022-12-06,2022-12-06,2022-12-06,2022-12-06,2022-12-06,2022-12-06,2022-12-06,2022-12-06,,,,,
2,4,163,HR_141,HR_184,Flow Date,,,,,,,,,,,,,
2,4,164,HR_8,HR_42,Germ Date,2022-12-06,2022-11-19,2022-12-06,,2022-11-19,2022-11-19,2022-12-06,2022-12-06,,,*-2,D-6,
2,4,164,HR_8,HR_42,Flow Date,,,,,,,,,,,,,
2,4,165,HR_88,HR_67,Germ Date,2022-12-06,2022-12-06,2022-12-06,2022-12-06,2022-12-06,2022-11-19,2022-12-06,2022-12-06,,,,G-8,
2,4,165,HR_88,HR_67,Flow Date,,,,,,,,,,,,,
2,4,166,HR_69,HR_156,Germ Date,2022-11-19,2022-11-19,2022-12-06,2022-12-06,2022-12-06,2022-12-06,2022-11-19,2022-11-19,,,,,
2,4,166,HR_69,HR_156,Flow Date,,,,,,,,,,,,,
2,4,167,HR_147,HR_118,Germ Date,2022-12-06,2022-12-06,2022-12-06,2022-12-06,2022-12-06,,2022-12-06,,,,,,
2,4,167,HR_147,HR_118,Flow Date,,,,,,,,,,,,,
2,4,168,HR_100,HR_192,Germ Date,2022-12-06,2022-12-06,2022-12-06,,2022-12-06,2022-12-06,2022-12-06,2022-11-19,,,,,
2,4,168,HR_100,HR_192,Flow Date,,,,,,,,,,,,,
2,4,169,HR_121,HR_139,Germ Date,2022-12-06,2022-12-06,2022-12-06,2022-12-06,2022-12-06,2022-12-06,2022-11-19,2022-12-06,,,,,
2,4,169,HR_121,HR_139,Flow Date,,,,,,,,,,,,,
2,4,170,HR_66,HR_78,Germ Date,2022-12-06,2022-12-06,2022-12-06,2022-12-06,2022-12-06,2022-12-06,2022-12-06,2022-12-06,,,,,
2,4,170,HR_66,HR_78,Flow Date,,,,,,,,,,,,,
2,4,171,HR_34,HR_17,Germ Date,2022-12-06,2022-12-06,2022-12-06,2022-12-06,2022-11-19,2022-12-06,2022-12-06,2022-12-06,,,(3)-8,,
2,4,171,HR_34,HR_17,Flow Date,,,,,,,,,,,,,
2,4,172,HR_59,HR_11,Germ Date,2022-12-06,2022-12-06,2022-12-06,2022-12-06,2022-12-06,2022-12-06,2022-12-06,2022-12-06,,,,,
2,4,172,HR_59,HR_11,Flow Date,,,,,,,,,,,,,
2,4,173,HR_90,HR_126,Germ Date,2022-12-06,2022-12-06,2022-11-19,2022-12-06,2022-12-06,2022-12-06,2022-11-19,2022-12-06,,,,,
2,4,173,HR_90,HR_126,Flow Date,,,,,,,,,,,,,
2,4,174,HR_34,HR_80,Germ Date,2022-12-06,2022-12-06,2022-12-06,2022-12-06,2022-11-19,2022-12-06,2022-12-17,2022-12-06,,,,*-7,
2,4,174,HR_34,HR_80,Flow Date,,,,,,,,,,,,,
2,4,175,HR_147,HR_150,Germ Date,2022-12-06,2022-12-06,2022-12-06,2022-12-06,2022-12-06,2022-11-19,2022-11-19,2022-12-06,,,,,
2,4,175,HR_147,HR_150,Flow Date,,,,,,,,,,,,,
2,4,176,HR_131,HR_49,Germ Date,2022-12-17,2022-12-06,2022-12-06,2022-12-17,2022-11-19,2022-12-06,2022-11-19,2022-12-06,,,,,
2,4,176,HR_131,HR_49,Flow Date,,,,,,,,,,,,,
2,4,177,HR_133,HR_158,Germ Date,2022-12-06,2022-12-06,2022-11-19,2022-12-06,2022-12-06,2022-12-06,2022-11-19,2022-12-06,,,,,
2,4,177,HR_133,HR_158,Flow Date,,,,,,,,,,,,,
2,4,178,HR_175,HR_196,Germ Date,2022-12-17,2022-12-06,2022-11-19,2022-12-06,2022-12-06,2022-12-06,2022-11-19,2022-11-19,,,,,
2,4,178,HR_175,HR_196,Flow Date,,,,,,,,,,,,,
2,4,179,HR_70,HR_61,Germ Date,2022-12-17,2022-12-06,2022-12-06,2022-12-06,2022-12-06,2022-12-06,,2022-12-06,,,,,
2,4,179,HR_70,HR_61,Flow Date,,,,,,,,,,,,,
2,4,180,HR_5,HR_40,Germ Date,2022-12-06,2022-12-06,2022-12-06,2022-12-06,2022-12-06,2022-11-19,2022-12-17,2022-12-06,,,,,
2,4,180,HR_5,HR_40,Flow Date,,,,,,,,,,,,,
2,4,181,HR_110,HR_39,Germ Date,2022-12-06,2022-12-06,2022-12-06,2022-12-06,2022-12-06,2022-12-06,2022-12-06,2022-12-06,,,,,
2,4,181,HR_110,HR_39,Flow Date,,,,,,,,,,,,,
2,4,182,HR_121,HR_141,Germ Date,2022-12-06,2022-12-06,2022-12-06,2022-12-06,2022-12-06,2022-12-06,2022-12-06,2022-12-06,,,,,
2,4,182,HR_121,HR_141,Flow Date,,,,,,,,,,,,,
2,4,183,HR_156,HR_193,Germ Date,2022-12-06,2022-12-06,2022-12-06,,2022-12-06,2022-12-06,2022-12-06,2022-12-17,,,,,
2,4,183,HR_156,HR_193,Flow Date,,,,,,,,,,,,,
2,5,184,HR_148,HR_50,Germ Date,2022-12-06,2022-11-19,2022-12-06,2022-12-06,,2022-11-19,,2022-12-06,,,,*-2,
2,5,184,HR_148,HR_50,Flow Date,,,,,,,,,,,,,
2,5,185,HR_155,HR_47,Germ Date,2022-12-06,2022-12-06,2022-12-06,2022-12-06,2022-12-06,2022-12-06,2022-12-06,2022-12-06,,,,,
2,5,185,HR_155,HR_47,Flow Date,,,,,,,,,,,,,
2,5,186,HR_90,HR_103,Germ Date,2022-12-06,2022-12-06,2022-12-06,2022-12-06,2022-12-06,2022-12-06,2022-12-06,2022-12-06,,,,,
2,5,186,HR_90,HR_103,Flow Date,,,,,,,,,,,,,
2,5,187,HR_200,HR_153,Germ Date,2022-12-06,2022-12-06,2022-12-17,,2022-12-06,2022-12-06,2022-12-17,2022-12-06,,,,,
2,5,187,HR_200,HR_153,Flow Date,,,,,,,,,,,,,
2,5,188,HR_196,HR_170,Germ Date,2022-12-06,2022-12-06,2022-12-06,2022-12-06,2022-12-06,2022-12-06,2022-12-06,2022-12-06,,,*-2;(3)-8,,
2,5,188,HR_196,HR_170,Flow Date,,,,,,,,,,,,,
2,5,189,HR_139,HR_127,Germ Date,2022-12-06,2022-11-19,2022-12-06,2022-11-19,2022-12-06,2022-12-06,2022-12-06,2022-12-06,,,,,
2,5,189,HR_139,HR_127,Flow Date,,,,,,,,,,,,,
2,5,190,HR_135,HR_152,Germ Date,2022-12-06,2022-12-06,2022-12-06,2022-12-06,2022-12-06,2022-12-06,2022-12-06,2022-12-06,,,,,
2,5,190,HR_135,HR_152,Flow Date,,,,,,,,,,,,,
2,5,191,HR_148,HR_109,Germ Date,2022-12-06,2022-12-06,2022-12-06,2022-12-06,2022-12-06,2022-12-06,2022-12-06,2022-12-06,,,*-7,,
2,5,191,HR_148,HR_109,Flow Date,,,,,,,,,,,,,
2,5,192,HR_195,HR_181,Germ Date,2022-12-06,2022-12-17,2022-12-06,2022-12-06,2022-12-06,2022-12-06,2022-12-06,2022-12-06,,,"*-3,4,7;?-5",,
2,5,192,HR_195,HR_181,Flow Date,,,,,,,,,,,,,
2,5,193,HR_57,HR_110,Germ Date,2022-12-06,2022-12-06,2022-12-06,2022-12-06,2022-12-06,,2022-12-06,2022-12-06,,,*-5,,
2,5,193,HR_57,HR_110,Flow Date,,,,,,,,,,,,,
2,5,194,HR_085,HR_176,Germ Date,2022-12-06,2022-12-06,2022-12-06,2022-12-06,2022-12-06,2022-12-06,2022-12-06,2022-12-06,,,,,
2,5,194,HR_085,HR_176,Flow Date,,,,,,,,,,,,,
2,5,195,HR_66,HR_87,Germ Date,2022-12-06,2022-12-06,2022-12-06,2022-12-06,2022-12-06,2022-12-06,2022-12-06,,,,*-4,,
2,5,195,HR_66,HR_87,Flow Date,,,,,,,,,,,,,
2,5,196,HR_171,HR_73,Germ Date,2022-12-06,2022-12-06,2022-12-06,2022-12-06,2022-12-06,2022-12-06,2022-12-06,2022-12-06,,,*-3,,
2,5,196,HR_171,HR_73,Flow Date,,,,,,,,,,,,,
2,5,197,HR_70,HR_123,Germ Date,2022-12-06,2022-12-06,2022-12-06,,2022-12-06,2022-12-06,2022-12-06,2022-12-06,,,,,
2,5,197,HR_70,HR_123,Flow Date,,,,,,,,,,,,,
2,5,198,HR_171,HR_57,Germ Date,2022-12-06,2022-12-06,2022-12-06,2022-12-06,2022-12-06,2022-12-06,2022-12-06,2022-12-06,,,,,
2,5,198,HR_171,HR_57,Flow Date,,,,,,,,,,,,,
2,5,199,HR_149,HR_65,Germ Date,2022-11-19,2022-12-06,,2022-12-06,2022-12-06,2022-12-06,2022-12-06,,,,"*-6,7",,
2,5,199,HR_149,HR_65,Flow Date,,,,,,,,,,,,,
2,5,200,HR_160,HR_33,Germ Date,2022-12-06,2022-12-06,2022-12-06,2022-12-06,,2022-12-06,2022-12-06,2022-12-06,,,*-7,*-2,
2,5,200,HR_160,HR_33,Flow Date,,,,,,,,,,,,,
2,5,201,HR_196,HR_54,Germ Date,2022-12-06,2022-12-06,2022-12-06,2022-12-06,2022-12-06,2022-12-06,2022-12-06,2022-11-19,,,,,
2,5,201,HR_196,HR_54,Flow Date,,,,,,,,,,,,,
2,5,202,HR_027,HR_119,Germ Date,2022-12-06,2022-12-06,2022-12-06,2022-12-06,2022-12-06,2022-12-06,2022-12-06,2022-12-06,,,,,
2,5,202,HR_027,HR_119,Flow Date,,,,,,,,,,,,,
2,5,203,HR_133,HR_72,Germ Date,2022-12-06,2022-12-17,2022-12-06,2022-12-06,2022-12-06,2022-12-06,2022-12-17,2022-12-17,,,,*-7,
2,5,203,HR_133,HR_72,Flow Date,,,,,,,,,,,,,
2,5,204,HR_108,HR_177,Germ Date,2022-12-17,2022-12-06,2022-12-06,2022-12-06,2022-12-06,2022-12-06,2022-12-06,2022-12-06,,,,,
2,5,204,HR_108,HR_177,Flow Date,,,,,,,,,,,,,
2,5,205,HR_164,HR_201,Germ Date,2022-12-06,2022-12-06,2022-12-06,2022-12-06,2022-12-06,2022-12-06,2022-12-06,2022-12-06,,,,,
2,5,205,HR_164,HR_201,Flow Date,,,,,,,,,,,,,
2,5,206,HR_196,HR_183,Germ Date,2022-12-06,2022-12-06,2022-12-06,2022-12-06,2022-12-06,2022-12-06,2022-12-06,2022-12-06,,,*-2,C-2,
2,5,206,HR_196,HR_183,Flow Date,,,,,,,,,,,,,
2,5,207,HR_125,HR_86,Germ Date,2022-12-06,,2022-12-17,2022-12-06,,,2022-12-06,2022-12-06,,,,,
2,5,207,HR_125,HR_86,Flow Date,,,,,,,,,,,,,
2,5,208,HR_62,HR_134,Germ Date,,,2022-12-06,2022-12-06,2022-12-06,2022-12-06,2022-12-06,2022-12-06,,,,,
2,5,208,HR_62,HR_134,Flow Date,,,,,,,,,,,,,
2,5,209,HR_57,HR_6,Germ Date,2022-12-17,2022-12-06,2022-12-06,2022-12-06,2022-12-06,2022-12-06,2022-12-06,2022-12-06,,,,,
2,5,209,HR_57,HR_6,Flow Date,,,,,,,,,,,,,
2,5,210,HR_156,HR_197,Germ Date,2022-12-17,2022-12-06,2022-12-06,2022-12-06,2022-12-06,2022-12-06,2022-12-06,2022-12-06,,,,,
2,5,210,HR_156,HR_197,Flow Date,,,,,,,,,,,,,
2,5,211,HR_69,HR_133,Germ Date,2022-12-06,2022-12-17,2022-12-06,2022-12-06,2022-12-17,2022-12-06,2022-12-06,2022-12-06,,,,,
2,5,211,HR_69,HR_133,Flow Date,,,,,,,,,,,,,
2,5,212,HR_5,HR_180,Germ Date,2022-12-17,2022-12-06,2022-12-06,2022-12-06,2022-12-06,2022-12-17,2022-12-17,2022-12-06,,,,PR-8,
2,5,212,HR_5,HR_180,Flow Date,,,,,,,,,,,,,
2,5,213,HR_115,HR_131,Germ Date,,2022-12-06,2022-12-06,2022-12-06,2022-12-06,,2022-12-06,2022-12-06,,,,,
2,5,213,HR_115,HR_131,Flow Date,,,,,,,,,,,,,
2,5,214,HR_141,HR_44,Germ Date,,2022-12-17,2022-12-06,2022-12-06,2022-12-06,2022-12-17,2022-12-06,2022-12-06,,,,,
2,5,214,HR_141,HR_44,Flow Date,,,,,,,,,,,,,
2,5,215,HR_147,HR_21,Germ Date,2022-12-17,2022-12-17,2022-12-06,2022-12-17,2022-12-17,2022-12-17,2022-12-06,,,,,,
2,5,215,HR_147,HR_21,Flow Date,,,,,,,,,,,,,
2,5,216,HR_95,HR_124,Germ Date,2022-12-17,2022-12-17,2022-12-17,2022-12-17,,2022-12-17,,2022-12-17,,,,,
2,5,216,HR_95,HR_124,Flow Date,,,,,,,,,,,,,
2,5,217,HR_160,HR_173,Germ Date,2022-12-17,2022-12-17,,2022-12-06,2022-12-06,2022-12-17,2022-12-06,2022-12-17,,,,,
2,5,217,HR_160,HR_173,Flow Date,,,,,,,,,,,,,
2,5,218,HR_195,HR_68,Germ Date,2022-12-17,2022-12-17,2022-12-17,2022-12-17,2022-12-17,2022-12-17,2022-12-17,2022-12-17,,,,?-5,
2,5,218,HR_195,HR_68,Flow Date,,,,,,,,,,,,,
2,5,219,HR_74,HR_66,Germ Date,2022-12-17,2022-12-17,2022-12-06,2022-12-17,2022-12-17,2022-12-17,2022-12-17,2022-12-17,,,,,
2,5,219,HR_74,HR_66,Flow Date,,,,,,,,,,,,,
2,5,220,HR_6,HR_142,Germ Date,2022-12-17,2022-12-17,2022-12-17,,2022-12-17,2022-12-17,2022-12-17,,,,,*-2,
2,5,220,HR_6,HR_142,Flow Date,,,,,,,,,,,,,
2,5,221,HR_6,HR_162,Germ Date,2022-12-17,2022-12-17,2022-12-17,2022-12-17,2022-12-17,2022-12-17,2022-12-17,2022-12-17,,,,*-7,
2,5,221,HR_6,HR_162,Flow Date,,,,,,,,,,,,,
2,5,222,HR_95,HR_20,Germ Date,2022-12-06,2022-12-17,2022-12-06,2022-12-06,2022-12-06,2022-12-17,2022-12-06,2022-12-06,,,,,
2,5,222,HR_95,HR_20,Flow Date,,,,,,,,,,,,,
2,5,223,HR_70,HR_165,Germ Date,2022-12-06,2022-12-06,2022-12-06,2022-12-06,2022-12-06,2022-12-06,2022-12-06,2022-12-06,,,,,
2,5,223,HR_70,HR_165,Flow Date,,,,,,,,,,,,,
2,5,224,HR_139,HR_62,Germ Date,2022-12-06,2022-12-06,2022-12-06,2022-12-06,2022-12-06,2022-12-06,2022-12-06,,,,,,
2,5,224,HR_139,HR_62,Flow Date,,,,,,,,,,,,,
2,5,225,HR_027,HR_43,Germ Date,2022-12-06,2022-12-06,2022-12-06,2022-12-06,2022-12-06,2022-12-06,2022-12-17,2022-12-06,,,,,
2,5,225,HR_027,HR_43,Flow Date,,,,,,,,,,,,,
2,5,226,HR_131,HR_46,Germ Date,2022-12-06,2022-12-06,2022-12-06,2022-12-06,2022-12-06,2022-12-17,2022-12-06,2022-12-06,,,,,
2,5,226,HR_131,HR_46,Flow Date,,,,,,,,,,,,,
2,5,227,HR_155,HR_9,Germ Date,2022-12-06,2022-12-06,2022-12-06,2022-12-06,2022-12-06,2022-12-06,2022-12-06,2022-12-06,,,,,
2,5,227,HR_155,HR_9,Flow Date,,,,,,,,,,,,,
2,5,228,HR_171,HR_1,Germ Date,2022-12-06,2022-12-06,2022-12-06,2022-12-06,2022-12-06,2022-12-06,2022-12-06,2022-12-06,,,,,
2,5,228,HR_171,HR_1,Flow Date,,,,,,,,,,,,,
2,5,229,HR_002,HR_56,Germ Date,2022-12-17,2022-12-06,2022-12-06,2022-12-06,2022-12-06,2022-12-17,2022-11-19,2022-12-06,,,,,
2,5,229,HR_002,HR_56,Flow Date,,,,,,,,,,,,,
2,6,230,HR_175,HR_27,Germ Date,2022-12-17,2022-12-06,2022-12-06,2022-12-06,2022-12-06,2022-12-06,2022-12-06,2022-12-06,,,"*-4,5,7","?-2;C-4,5,7",
2,6,230,HR_175,HR_27,Flow Date,,,,,,,,,,,,,
2,6,231,HR_34,HR_112,Germ Date,2022-12-06,2022-12-06,2022-12-06,2022-12-06,,2022-12-17,2022-12-17,2022-12-06,,,,"?-6,7",
2,6,231,HR_34,HR_112,Flow Date,,,,,,,,,,,,,
2,6,232,HR_64,HR_28,Germ Date,2022-12-06,2022-12-06,2022-12-06,2022-12-06,2022-12-06,2022-12-06,2022-12-06,2022-12-06,,,,,
2,6,232,HR_64,HR_28,Flow Date,,,,,,,,,,,,,
2,6,233,HR_53,HR_92,Germ Date,,2022-12-06,2022-12-06,2022-12-06,,2022-12-17,2022-12-06,2022-12-17,,,*-3,,
2,6,233,HR_53,HR_92,Flow Date,,,,,,,,,,,,,
2,6,234,HR_64,HR_19,Germ Date,2022-12-17,2022-12-06,2022-12-17,2022-12-17,2022-12-06,2022-12-06,2022-12-06,2022-12-06,,,,,
2,6,234,HR_64,HR_19,Flow Date,,,,,,,,,,,,,
2,6,235,HR_180,HR_23,Germ Date,2022-12-06,2022-12-06,2022-12-06,2022-12-06,2022-12-06,2022-12-17,2022-12-17,2022-12-17,,,,,
2,6,235,HR_180,HR_23,Flow Date,,,,,,,,,,,,,
2,6,236,HR_115,HR_111,Germ Date,2022-12-17,2022-12-06,2022-12-06,2022-12-17,2022-12-06,2022-12-06,2022-12-17,2022-12-17,,,*-5,,
2,6,236,HR_115,HR_111,Flow Date,,,,,,,,,,,,,
2,6,237,HR_139,HR_129,Germ Date,2022-12-17,2022-12-17,2022-12-17,2022-12-06,2022-12-17,2022-12-17,2022-12-06,2022-12-17,,,*-4,C-4;PR-8,
2,6,237,HR_139,HR_129,Flow Date,,,,,,,,,,,,,
2,6,238,HR_200,HR_10,Germ Date,2022-12-17,2022-12-17,2022-12-17,,,,2022-12-06,2022-12-17,,,,,
2,6,238,HR_200,HR_10,Flow Date,,,,,,,,,,,,,
2,6,239,HR_200,HR_159,Germ Date,2022-12-17,2022-12-17,,2022-12-17,2022-12-17,2022-12-17,2022-12-06,,,,,,
2,6,239,HR_200,HR_159,Flow Date,,,,,,,,,,,,,
2,6,240,HR_100,HR_195,Germ Date,2022-12-17,2022-12-17,2022-12-17,2022-12-17,2022-12-17,2022-12-17,2022-12-17,2022-12-17,,,,,
2,6,240,HR_100,HR_195,Flow Date,,,,,,,,,,,,,
2,6,241,HR_168,HR_148,Germ Date,2022-12-17,2022-12-17,2022-12-17,2022-12-17,2022-12-17,2022-12-17,2022-12-17,2022-12-17,,,,,
2,6,241,HR_168,HR_148,Flow Date,,,,,,,,,,,,,
2,6,242,HR_160,HR_79,Germ Date,2022-12-17,2022-12-17,2022-12-17,2022-12-17,2022-12-17,2022-12-17,2022-12-17,,,,,*-7,
2,6,242,HR_160,HR_79,Flow Date,,,,,,,,,,,,,
2,6,243,HR_168,HR_101,Germ Date,2022-12-06,2022-12-06,2022-12-06,2022-12-06,2022-11-19,2022-12-06,2022-12-17,2022-12-06,,,,*-5,
2,6,243,HR_168,HR_101,Flow Date,,,,,,,,,,,,,
2,6,244,HR_110,HR_37,Germ Date,,,2022-12-06,2022-12-06,2022-12-06,2022-12-06,2022-12-06,2022-12-17,,,,*-8,
2,6,244,HR_110,HR_37,Flow Date,,,,,,,,,,,,,
2,6,245,HR_88,HR_182,Germ Date,2022-12-06,,2022-12-06,2022-12-06,2022-12-06,2022-12-06,2022-12-06,2022-12-06,,,,,
2,6,245,HR_88,HR_182,Flow Date,,,,,,,,,,,,,
2,6,246,HR_155,HR_121,Germ Date,12/6 *,2022-12-06,2022-12-06,,2022-12-17,2022-12-17,2022-12-17,2022-12-06,,,*-1,"C-1;*-5,6,7",
2,6,246,HR_155,HR_121,Flow Date,,,,,,,,,,,,,
2,6,247,HR_74,HR_115,Germ Date,2022-12-06,,2022-12-06,2022-12-06,,2022-12-06,,,,,,,
2,6,247,HR_74,HR_115,Flow Date,,,,,,,,,,,,,
2,6,248,HR_88,HR_14,Germ Date,2022-12-17,2022-12-06,2022-12-17,2022-12-06,2022-12-06,2022-12-06,2022-12-06,2022-12-06,,,,,
2,6,248,HR_88,HR_14,Flow Date,,,,,,,,,,,,,
2,6,249,HR_157,HR_95,Germ Date,2022-12-06,2022-12-06,2022-12-06,2022-12-06,2022-12-06,2022-12-06,2022-12-06,2022-12-06,,,,,
2,6,249,HR_157,HR_95,Flow Date,,,,,,,,,,,,,
2,6,250,HR_64,HR_190,Germ Date,2022-12-06,2022-12-06,2022-12-06,2022-12-06,2022-12-06,2022-12-06,2022-12-06,2022-12-06,,,,*-1,
2,6,250,HR_64,HR_190,Flow Date,,,,,,,,,,,,,
2,6,251,HR_115,HR_26,Germ Date,2022-12-06,2022-12-06,2022-12-06,2022-12-06,2022-11-19,2022-12-06,2022-11-19,2022-11-19,,,,,
2,6,251,HR_115,HR_26,Flow Date,,,,,,,,,,,,,
2,6,252,HR_002,HR_59,Germ Date,2022-12-06,,2022-12-06,2022-12-06,2022-12-06,2022-12-06,2022-12-06,2022-12-06,,,"*-4,5",C-4,
2,6,252,HR_002,HR_59,Flow Date,,,,,,,,,,,,,
2,6,253,HR_148,HR_114,Germ Date,2022-12-06,2022-12-06,2022-12-06,2022-12-06,2022-11-19,2022-12-06,2022-12-06,2022-12-06,,,,,
2,6,253,HR_148,HR_114,Flow Date,,,,,,,,,,,,,
2,6,254,HR_180,HR_179,Germ Date,2022-12-06,2022-12-06,2022-12-06,2022-12-06,2022-12-06,2022-12-06,2022-12-06,2022-12-06,,,,,
2,6,254,HR_180,HR_179,Flow Date,,,,,,,,,,,,,
2,6,255,HR_100,HR_135,Germ Date,,2022-12-06,2022-12-06,2022-12-06,2022-12-06,2022-12-06,,2022-12-06,,,,,
2,6,255,HR_100,HR_135,Flow Date,,,,,,,,,,,,,
2,6,256,HR_108,HR_16,Germ Date,2022-12-17,2022-12-06,2022-12-06,2022-12-06,2022-12-06,2022-12-06,2022-12-06,2022-12-06,,,,,
2,6,256,HR_108,HR_16,Flow Date,,,,,,,,,,,,,
2,6,257,HR_195,HR_104,Germ Date,2022-12-17,2022-12-06,2022-12-06,2022-12-06,2022-12-06,2022-12-06,2022-12-06,2022-12-06,,,,*-1,
2,6,257,HR_195,HR_104,Flow Date,,,,,,,,,,,,,
2,6,258,HR_133,HR_161,Germ Date,2022-12-06,2022-12-06,2022-12-06,2022-12-06,2022-12-06,2022-12-06,2022-12-06,2022-12-17,,,,*-8,
2,6,258,HR_133,HR_161,Flow Date,,,,,,,,,,,,,
2,6,259,HR_131,HR_113,Germ Date,2022-12-06,2022-12-06,2022-12-06,2022-12-06,2022-12-06,2022-12-06,2022-12-06,,,,,,
2,6,259,HR_131,HR_113,Flow Date,,,,,,,,,,,,,
2,6,260,HR_53,HR_38,Germ Date,2022-12-06,2022-12-06,2022-12-06,2022-12-06,2022-12-06,2022-12-06,2022-12-06,2022-12-06,,,,(n=2)-8,
2,6,260,HR_53,HR_38,Flow Date,,,,,,,,,,,,,
2,6,261,HR_59,HR_155,Germ Date,2022-12-06,2022-11-19,2022-12-06,2022-12-06,2022-12-06,2022-12-06,2022-12-06,2022-12-06,,,,,
2,6,261,HR_59,HR_155,Flow Date,,,,,,,,,,,,,
2,6,262,HR_157,HR_88,Germ Date,2022-12-06,2022-12-06,2022-12-06,2022-12-06,2022-12-06,2022-12-06,2022-12-06,2022-12-06,,,"*-1,2,6","C-1,2,6",
2,6,262,HR_157,HR_88,Flow Date,,,,,,,,,,,,,
2,6,263,HR_121,HR_105,Germ Date,2022-12-06,2022-12-06,2022-12-06,2022-12-06,2022-12-06,,2022-12-06,2022-12-06,,,,,
2,6,263,HR_121,HR_105,Flow Date,,,,,,,,,,,,,
2,6,264,HR_189,HR_51,Germ Date,2022-12-06,2022-12-06,2022-12-17,2022-12-06,2022-12-06,2022-12-06,2022-12-06,2022-12-06,,,,*-3,
2,6,264,HR_189,HR_51,Flow Date,,,,,,,,,,,,,
2,6,265,HR_141,HR_15,Germ Date,2022-12-17,2022-12-06,2022-12-06,2022-12-06,2022-12-06,2022-12-06,2022-12-06,2022-12-06,,,,,
2,6,265,HR_141,HR_15,Flow Date,,,,,,,,,,,,,
2,6,266,HR_95,HR_178,Germ Date,2022-12-06,2022-12-06,2022-12-06,2022-12-06,2022-12-06,2022-12-06,2022-12-06,2022-12-06,,,,,
2,6,266,HR_95,HR_178,Flow Date,,,,,,,,,,,,,
2,6,267,HR_149,HR_174,Germ Date,2022-12-06,2022-12-06,2022-12-06,2022-12-06,2022-12-06,2022-12-06,2022-12-06,,,,*-1,"*-8, C-1",
2,6,267,HR_149,HR_174,Flow Date,,,,,,,,,,,,,
2,6,268,HR_164,HR_41,Germ Date,2022-11-19,2022-12-06,2022-12-06,2022-12-06,2022-12-06,2022-12-06,2022-11-19,2022-12-06,,,,,
2,6,268,HR_164,HR_41,Flow Date,,,,,,,,,,,,,
2,6,269,HR_156,HR_25,Germ Date,,,,,,,,,,,,,
2,6,269,HR_156,HR_25,Flow Date,,,,,,,,,,,,,
2,6,270,HR_62,HR_116,Germ Date,2022-12-06,2022-12-17,2022-12-17,2022-12-06,2022-12-06,2022-12-17,2022-12-06,2022-12-06,,,,,
2,6,270,HR_62,HR_116,Flow Date,,,,,,,,,,,,,
2,6,271,HR_66,HR_137,Germ Date,2022-12-17,2022-12-17,2022-11-19,2022-12-06,2022-12-06,2022-12-06,2022-12-06,2022-12-06,,,,,
2,6,271,HR_66,HR_137,Flow Date,,,,,,,,,,,,,
2,6,272,HR_110,HR_32,Germ Date,2022-12-06,2022-12-06,2022-12-06,2022-12-06,2022-12-06,2022-12-06,2022-12-06,2022-12-06,,,,,
2,6,272,HR_110,HR_32,Flow Date,,,,,,,,,,,,,
2,6,273,HR_189,HR_18,Germ Date,2022-12-06,2022-12-17,2022-12-17,2022-12-06,2022-12-06,2022-12-06,2022-12-06,2022-12-06,,,,,
2,6,273,HR_189,HR_18,Flow Date,,,,,,,,,,,,,
2,6,274,HR_5,HR_149,Germ Date,2022-12-06,2022-12-06,2022-12-06,2022-12-06,2022-12-06,2022-12-06,2022-12-06,2022-12-17,,,,,
2,6,274,HR_5,HR_149,Flow Date,,,,,,,,,,,,,
3,7,275,HR_66,HR_78,Germ Date,2022-12-06,2022-12-06,2022-12-06,2022-12-06,,2022-12-06,2022-12-06,2022-12-06,,,*-1,C-1,
3,7,275,HR_66,HR_78,Flow Date,,,,,,,,,,,,,
3,7,276,HR_180,HR_23,Germ Date,2022-12-06,2022-12-06,2022-12-06,2022-12-06,2022-12-06,2022-12-06,2022-12-06,2022-12-06,,,,,
3,7,276,HR_180,HR_23,Flow Date,,,,,,,,,,,,,
3,7,277,HR_74,HR_70,Germ Date,,2022-12-06,,,2022-12-06,2022-12-17,,,,,,,
3,7,277,HR_74,HR_70,Flow Date,,,,,,,,,,,,,
3,7,278,HR_160,HR_173,Germ Date,2022-12-06,2022-12-06,2022-12-06,2022-12-06,2022-12-06,2022-12-06,2022-12-06,2022-12-06,,,,,
3,7,278,HR_160,HR_173,Flow Date,,,,,,,,,,,,,
3,7,279,HR_100,HR_192,Germ Date,2022-12-06,2022-12-06,2022-11-19,2022-12-17,2022-12-17,2022-12-06,2022-12-06,2022-12-17,,,,"*-4,5",
3,7,279,HR_100,HR_192,Flow Date,,,,,,,,,,,,,
3,7,280,HR_195,HR_104,Germ Date,2022-12-06,2022-12-06,2022-12-17,2022-12-06,2022-12-17,2022-12-06,2022-12-06,2022-12-06,,,,,
3,7,280,HR_195,HR_104,Flow Date,,,,,,,,,,,,,
3,7,281,HR_133,HR_161,Germ Date,2022-12-06,2022-12-06,2022-12-06,2022-12-06,2022-12-06,2022-12-06,2022-12-06,2022-12-06,,,,,
3,7,281,HR_133,HR_161,Flow Date,,,,,,,,,,,,,
3,7,282,HR_64,HR_28,Germ Date,2022-12-06,2022-11-19,2022-12-06,2022-12-06,2022-12-06,2022-12-06,2022-12-06,2022-12-06,,,,,
3,7,282,HR_64,HR_28,Flow Date,,,,,,,,,,,,,
3,7,283,HR_002,HR_59,Germ Date,2022-12-06,2022-12-06,2022-12-06,2022-12-06,2022-12-06,2022-12-06,2022-11-19,2022-12-06,,,,,
3,7,283,HR_002,HR_59,Flow Date,,,,,,,,,,,,,
3,7,284,HR_164,HR_5,Germ Date,2022-12-06,2022-12-06,2022-12-06,2022-12-06,2022-12-06,2022-12-06,2022-12-06,2022-12-06,,,,,
3,7,284,HR_164,HR_5,Flow Date,,,,,,,,,,,,,
3,7,285,HR_70,HR_61,Germ Date,2022-12-06,2022-11-19,2022-12-06,2022-12-06,2022-12-06,2022-12-06,2022-12-06,,,,,,
3,7,285,HR_70,HR_61,Flow Date,,,,,,,,,,,,,
3,7,286,HR_110,HR_32,Germ Date,2022-12-06,2022-12-06,2022-12-06,2022-12-06,2022-12-06,2022-12-06,2022-12-06,2022-12-17,,,,,
3,7,286,HR_110,HR_32,Flow Date,,,,,,,,,,,,,
3,7,287,HR_108,HR_175,Germ Date,,2022-12-06,,2022-12-06,2022-12-06,2022-12-06,2022-12-06,2022-12-06,,,,,
3,7,287,HR_108,HR_175,Flow Date,,,,,,,,,,,,,
3,7,288,HR_5,HR_180,Germ Date,,2022-12-06,2022-12-06,2022-12-06,2022-12-06,2022-12-17,,2022-12-06,,,,,
3,7,288,HR_5,HR_180,Flow Date,,,,,,,,,,,,,
3,7,289,HR_135,HR_152,Germ Date,2022-12-06,2022-12-06,2022-12-06,2022-12-06,2022-12-06,2022-12-06,2022-12-06,2022-12-06,,,,,
3,7,289,HR_135,HR_152,Flow Date,,,,,,,,,,,,,
3,7,290,HR_59,HR_155,Germ Date,2022-12-06,2022-12-06,2022-12-06,2022-12-06,2022-12-06,2022-12-06,2022-12-06,2022-12-06,,,,,
3,7,290,HR_59,HR_155,Flow Date,,,,,,,,,,,,,
3,7,291,HR_171,HR_57,Germ Date,,2022-12-06,2022-12-06,2022-12-06,2022-12-06,2022-12-06,2022-12-06,2022-12-06,,,*-2,C-2,
3,7,291,HR_171,HR_57,Flow Date,,,,,,,,,,,,,
3,7,292,HR_88,HR_67,Germ Date,2022-12-06,2022-12-06,2022-12-06,2022-12-06,2022-12-06,2022-12-06,2022-12-06,2022-12-06,,,,,
3,7,292,HR_88,HR_67,Flow Date,,,,,,,,,,,,,
3,7,293,HR_34,HR_112,Germ Date,2022-12-17,2022-12-06,2022-12-06,2022-12-17,2022-12-06,2022-12-17,2022-12-06,,,,,"*-1,4; (3)-7",
3,7,293,HR_34,HR_112,Flow Date,,,,,,,,,,,,,
3,7,294,HR_62,HR_136,Germ Date,2022-12-06,2022-12-17,2022-12-06,,2022-12-06,2022-12-17,2022-12-06,2022-12-06,,,,,
3,7,294,HR_62,HR_136,Flow Date,,,,,,,,,,,,,
3,7,295,HR_131,HR_46,Germ Date,2022-12-06,2022-12-06,2022-12-17,2022-12-06,2022-12-06,,2022-12-06,2022-12-06,,,,*-3,
3,7,295,HR_131,HR_46,Flow Date,,,,,,,,,,,,,
3,7,296,HR_002,HR_56,Germ Date,2022-12-06,2022-12-06,2022-12-06,2022-12-06,2022-12-06,2022-12-06,2022-12-06,2022-12-06,,,,,
3,7,296,HR_002,HR_56,Flow Date,,,,,,,,,,,,,
3,7,297,HR_200,HR_10,Germ Date,2022-12-06,2022-12-17,2022-12-06,2022-12-06,2022-12-06,2022-12-17,2022-12-17,,,,,"(3)-7, D-6",
3,7,297,HR_200,HR_10,Flow Date,,,,,,,,,,,,,
3,7,298,HR_6,HR_142,Germ Date,,2022-12-06,2022-12-06,2022-12-06,2022-12-06,2022-12-06,2022-12-06,2022-12-06,,,*-2,,
3,7,298,HR_6,HR_142,Flow Date,,,,,,,,,,,,,
3,7,299,HR_66,HR_137,Germ Date,2022-12-06,2022-12-06,2022-12-06,2022-12-06,2022-12-06,2022-12-06,2022-12-17,2022-12-06,,,,,
3,7,299,HR_66,HR_137,Flow Date,,,,,,,,,,,,,
3,7,300,HR_34,HR_17,Germ Date,2022-12-06,2022-12-06,2022-12-06,2022-12-06,2022-12-06,2022-12-06,2022-12-06,2022-12-06,,,*-6,,
3,7,300,HR_34,HR_17,Flow Date,,,,,,,,,,,,,
3,7,301,HR_8,HR_58,Germ Date,2022-12-06,2022-12-06,2022-12-06,2022-12-06,2022-12-06,2022-12-06,2022-12-06,2022-12-06,,,,,
3,7,301,HR_8,HR_58,Flow Date,,,,,,,,,,,,,
3,7,302,HR_180,HR_179,Germ Date,2022-12-06,2022-12-06,2022-12-06,2022-12-06,2022-12-06,2022-12-06,2022-12-06,2022-12-06,,,,,
3,7,302,HR_180,HR_179,Flow Date,,,,,,,,,,,,,
3,7,303,HR_196,HR_54,Germ Date,2022-12-06,2022-12-06,2022-12-06,2022-12-06,2022-12-06,2022-12-06,2022-12-06,2022-12-06,,,,,
3,7,303,HR_196,HR_54,Flow Date,,,,,,,,,,,,,
3,7,304,HR_164,HR_201,Germ Date,2022-12-06,2022-12-06,2022-12-06,2022-12-06,2022-12-06,2022-12-06,2022-12-06,,,,,,
3,7,304,HR_164,HR_201,Flow Date,,,,,,,,,,,,,
3,7,305,HR_141,HR_15,Germ Date,2022-12-06,2022-12-06,2022-12-06,2022-12-06,2022-12-06,2022-12-06,2022-12-06,2022-12-06,,,,,
3,7,305,HR_141,HR_15,Flow Date,,,,,,,,,,,,,
3,7,306,HR_70,HR_165,Germ Date,2022-12-06,2022-12-06,2022-12-06,2022-12-06,2022-12-06,2022-12-06,2022-12-06,2022-12-06,,,,,
3,7,306,HR_70,HR_165,Flow Date,,,,,,,,,,,,,
3,7,307,HR_141,HR_184,Germ Date,2022-12-06,2022-12-06,2022-12-06,2022-12-06,2022-12-06,2022-12-06,2022-12-06,2022-12-06,,,,,
3,7,307,HR_141,HR_184,Flow Date,,,,,,,,,,,,,
3,7,308,HR_95,HR_124,Germ Date,2022-12-17,,,,,2022-12-17,2022-12-17,2022-12-17,,,,,
3,7,308,HR_95,HR_124,Flow Date,,,,,,,,,,,,,
3,7,309,HR_148,HR_114,Germ Date,2022-12-06,2022-12-06,2022-12-06,2022-12-06,2022-12-06,2022-12-06,2022-12-06,2022-12-06,,,,,
3,7,309,HR_148,HR_114,Flow Date,,,,,,,,,,,,,
3,7,310,HR_139,HR_127,Germ Date,2022-12-06,2022-12-06,2022-12-06,2022-12-06,2022-12-06,2022-12-06,2022-12-06,2022-12-06,,,,,
3,7,310,HR_139,HR_127,Flow Date,,,,,,,,,,,,,
3,7,311,HR_88,HR_182,Germ Date,2022-12-06,2022-12-06,2022-12-06,2022-12-06,2022-12-06,2022-11-19,2022-12-06,2022-12-06,,,,,
3,7,311,HR_88,HR_182,Flow Date,,,,,,,,,,,,,
3,7,312,HR_57,HR_147,Germ Date,2022-12-06,2022-12-06,2022-12-06,2022-12-06,,2022-12-06,2022-12-06,2022-12-06,,,,"D-7, G-7",
3,7,312,HR_57,HR_147,Flow Date,,,,,,,,,,,,,
3,7,313,HR_62,HR_134,Germ Date,2022-12-06,2022-12-06,2022-12-06,2022-12-06,2022-12-06,2022-12-06,2022-12-17,2022-12-06,,,,,
3,7,313,HR_62,HR_134,Flow Date,,,,,,,,,,,,,
3,7,314,HR_149,HR_65,Germ Date,2022-12-06,2022-12-06,2022-12-06,2022-12-06,2022-12-06,2022-12-06,2022-12-06,2022-12-06,,,,,
3,7,314,HR_149,HR_65,Flow Date,,,,,,,,,,,,,
3,7,315,HR_171,HR_1,Germ Date,2022-12-06,2022-12-06,2022-12-06,2022-12-06,2022-12-06,2022-12-06,2022-12-06,2022-12-06,,,,,
3,7,315,HR_171,HR_1,Flow Date,,,,,,,,,,,,,
3,7,316,HR_196,HR_183,Germ Date,2022-12-06,2022-12-06,2022-12-06,2022-12-06,2022-12-06,2022-12-06,2022-12-06,2022-12-06,,,,,
3,7,316,HR_196,HR_183,Flow Date,,,,,,,,,,,,,
3,7,317,HR_168,HR_148,Germ Date,2022-12-06,2022-12-06,2022-12-06,2022-12-06,2022-12-06,2022-12-06,2022-12-06,2022-12-06,,,,,
3,7,317,HR_168,HR_148,Flow Date,,,,,,,,,,,,,
3,7,318,HR_69,HR_156,Germ Date,2022-12-06,2022-12-06,2022-12-06,2022-12-06,2022-12-06,2022-12-06,2022-12-06,2022-12-06,,,,,
3,7,318,HR_69,HR_156,Flow Date,,,,,,,,,,,,,
3,7,319,HR_131,HR_49,Germ Date,2022-12-17,2022-12-06,2022-12-06,2022-12-06,,2022-12-06,2022-12-06,2022-12-06,,,,,
3,7,319,HR_131,HR_49,Flow Date,,,,,,,,,,,,,
3,7,320,HR_115,HR_131,Germ Date,2022-12-06,2022-12-06,2022-12-06,2022-12-06,,2022-12-06,,,,,"(3)-3,4",,
3,7,320,HR_115,HR_131,Flow Date,,,,,,,,,,,,,
3,8,321,HR_121,HR_139,Germ Date,2022-11-19,2022-12-06,2022-12-06,2022-12-06,2022-12-06,,2022-12-06,2022-12-06,,,,,
3,8,321,HR_121,HR_139,Flow Date,,,,,,,,,,,,,
3,8,322,HR_64,HR_19,Germ Date,2022-12-06,,2022-12-17,2022-12-06,2022-11-19,2022-12-06,2022-12-06,2022-12-06,,,,,
3,8,322,HR_64,HR_19,Flow Date,,,,,,,,,,,,,
3,8,323,HR_155,HR_121,Germ Date,2022-12-06,,2022-12-06,2022-12-06,2022-12-06,,2022-12-06,,,,G-8,,
3,8,323,HR_155,HR_121,Flow Date,,,,,,,,,,,,,
3,8,324,HR_147,HR_150,Germ Date,2022-12-06,2022-12-06,2022-12-06,2022-12-06,2022-12-06,2022-12-06,2022-12-06,2022-12-17,,,,,
3,8,324,HR_147,HR_150,Flow Date,,,,,,,,,,,,,
3,8,325,HR_53,HR_92,Germ Date,2022-11-19,2022-12-06,2022-12-06,2022-12-06,,2022-11-19,2022-12-17,,,,"*-1,3,6,7",C-1,
3,8,325,HR_53,HR_92,Flow Date,,,,,,,,,,,,,
3,8,326,HR_164,HR_41,Germ Date,2022-11-19,2022-11-19,2022-12-06,2022-11-19,2022-11-19,2022-12-06,2022-12-06,2022-11-19,,,D-1,,
3,8,326,HR_164,HR_41,Flow Date,,,,,,,,,,,,,
3,8,327,HR_160,HR_33,Germ Date,2022-12-06,2022-12-06,2022-12-06,2022-12-06,2022-12-06,2022-12-06,2022-12-06,2022-12-06,,,,,
3,8,327,HR_160,HR_33,Flow Date,,,,,,,,,,,,,
3,8,328,HR_53,HR_169,Germ Date,2022-12-06,2022-11-19,2022-12-06,2022-12-06,,2022-12-06,2022-11-19,2022-11-19,,,D-8,,
3,8,328,HR_53,HR_169,Flow Date,,,,,,,,,,,,,
3,8,329,HR_133,HR_72,Germ Date,2022-12-06,,2022-12-06,2022-12-06,2022-12-06,2022-12-06,2022-12-17,,,,,,
3,8,329,HR_133,HR_72,Flow Date,,,,,,,,,,,,,
3,8,330,HR_108,HR_177,Germ Date,2022-12-06,2022-12-06,2022-12-06,2022-12-06,2022-12-06,2022-11-19,,,,,*-4,C-4,
3,8,330,HR_108,HR_177,Flow Date,,,,,,,,,,,,,
3,8,331,HR_189,HR_51,Germ Date,2022-12-17,2022-12-17,2022-12-17,2022-12-06,2022-12-06,2022-12-06,2022-12-06,2022-12-06,,,,,
3,8,331,HR_189,HR_51,Flow Date,,,,,,,,,,,,,
3,8,332,HR_175,HR_164,Germ Date,2022-12-06,2022-12-06,2022-12-06,2022-12-06,2022-12-06,2022-12-06,2022-12-06,2022-12-06,,,,,
3,8,332,HR_175,HR_164,Flow Date,,,,,,,,,,,,,
3,8,333,HR_027,HR_119,Germ Date,2022-12-06,2022-11-19,2022-12-06,2022-12-06,2022-12-06,2022-12-06,2022-12-06,2022-12-06,,,,,
3,8,333,HR_027,HR_119,Flow Date,,,,,,,,,,,,,
3,8,334,HR_121,HR_141,Germ Date,2022-12-06,2022-12-06,2022-12-06,2022-12-06,2022-12-06,2022-12-06,2022-12-06,2022-12-06,,,,,
3,8,334,HR_121,HR_141,Flow Date,,,,,,,,,,,,,
3,8,335,HR_133,HR_158,Germ Date,2022-12-06,2022-12-06,2022-12-06,,2022-12-06,2022-12-06,2022-12-06,2022-12-06,,,(n=2)-3 (likely one was 4),,
3,8,335,HR_133,HR_158,Flow Date,,,,,,,,,,,,,
3,8,336,HR_115,HR_26,Germ Date,2022-12-06,2022-12-06,2022-12-06,2022-12-06,2022-12-06,2022-12-06,2022-12-06,2022-12-06,,,*-7,C-7,
3,8,336,HR_115,HR_26,Flow Date,,,,,,,,,,,,,
3,8,337,HR_95,HR_178,Germ Date,2022-12-06,2022-12-06,2022-12-06,2022-12-06,2022-12-06,2022-12-06,2022-12-06,2022-12-06,,,,*-2,
3,8,337,HR_95,HR_178,Flow Date,,,,,,,,,,,,,
3,8,338,HR_8,HR_42,Germ Date,2022-12-06,2022-12-17,2022-12-06,12/6 *,12/6 *,2022-12-06,2022-12-06,2022-12-17,,,"*-4,5",*-1,
3,8,338,HR_8,HR_42,Flow Date,,,,,,,,,,,,,
3,8,339,HR_8,HR_12,Germ Date,2022-12-17,,2022-12-17,2022-12-17,2022-12-17,2022-12-17,,2022-12-17,,,,,
3,8,339,HR_8,HR_12,Flow Date,,,,,,,,,,,,,
3,8,340,HR_200,HR_153,Germ Date,2022-12-06,2022-12-06,2022-12-06,2022-12-06,2022-12-06,2022-12-06,2022-12-06,2022-12-06,,,,,
3,8,340,HR_200,HR_153,Flow Date,,,,,,,,,,,,,
3,8,341,HR_69,HR_133,Germ Date,2022-12-06,2022-12-06,2022-12-06,2022-12-06,2022-12-06,2022-12-06,2022-12-06,2022-12-06,,,,,
3,8,341,HR_69,HR_133,Flow Date,,,,,,,,,,,,,
3,8,342,HR_57,HR_110,Germ Date,2022-12-06,2022-12-06,2022-12-06,2022-12-06,2022-12-06,2022-12-06,2022-12-06,2022-12-06,,,,,
3,8,342,HR_57,HR_110,Flow Date,,,,,,,,,,,,,
3,8,343,HR_027,HR_145,Germ Date,2022-12-06,2022-12-06,2022-12-06,2022-12-06,2022-12-06,2022-12-06,2022-12-06,2022-12-06,,,,,
3,8,343,HR_027,HR_145,Flow Date,,,,,,,,,,,,,
3,8,344,HR_115,HR_111,Germ Date,2022-12-06,2022-12-06,2022-12-06,2022-12-06,2022-12-06,2022-12-06,2022-12-06,,,,,,
3,8,344,HR_115,HR_111,Flow Date,,,,,,,,,,,,,
3,8,345,HR_6,HR_162,Germ Date,2022-12-06,2022-12-06,2022-12-06,2022-12-06,2022-12-06,2022-12-06,2022-12-06,2022-12-06,,,,,
3,8,345,HR_6,HR_162,Flow Date,,,,,,,,,,,,,
3,8,346,HR_148,HR_109,Germ Date,2022-12-06,2022-12-06,2022-12-06,2022-12-06,2022-12-06,2022-12-06,2022-12-17,2022-12-06,,,,,
3,8,346,HR_148,HR_109,Flow Date,,,,,,,,,,,,,
3,8,347,HR_156,HR_25,Germ Date,2022-12-06,,2022-12-06,,2022-12-17,,,,,,,,
3,8,347,HR_156,HR_25,Flow Date,,,,,,,,,,,,,
3,8,348,HR_149,HR_7,Germ Date,2022-12-06,2022-12-06,2022-12-06,2022-12-06,2022-12-06,2022-12-06,2022-12-06,2022-12-06,,,,,
3,8,348,HR_149,HR_7,Flow Date,,,,,,,,,,,,,
3,8,349,HR_085,HR_176,Germ Date,2022-12-06,2022-12-06,2022-12-06,2022-12-06,2022-12-06,2022-12-06,2022-12-06,2022-12-06,,,,,
3,8,349,HR_085,HR_176,Flow Date,,,,,,,,,,,,,
3,8,350,HR_168,HR_64,Germ Date,2022-12-06,2022-12-06,2022-12-06,2022-12-06,2022-12-06,2022-12-06,2022-12-06,2022-12-06,,,,,
3,8,350,HR_168,HR_64,Flow Date,,,,,,,,,,,,,
3,8,351,HR_57,HR_6,Germ Date,2022-12-06,2022-12-06,2022-12-06,2022-12-06,2022-12-06,2022-12-06,2022-12-06,2022-12-06,,,,,
3,8,351,HR_57,HR_6,Flow Date,,,,,,,,,,,,,
3,8,352,HR_74,HR_115,Germ Date,2022-12-06,2022-12-06,2022-12-06,2022-12-06,2022-12-06,2022-12-06,,,,,,,
3,8,352,HR_74,HR_115,Flow Date,,,,,,,,,,,,,
3,8,353,HR_135,HR_83,Germ Date,2022-12-06,2022-12-06,2022-12-06,2022-12-06,2022-12-06,2022-12-06,2022-12-06,2022-12-06,,,,,
3,8,353,HR_135,HR_83,Flow Date,,,,,,,,,,,,,
3,8,354,HR_59,HR_166,Germ Date,2022-12-06,2022-12-06,2022-12-06,2022-12-06,2022-12-06,2022-12-06,2022-12-06,2022-12-06,,,,,
3,8,354,HR_59,HR_166,Flow Date,,,,,,,,,,,,,
3,8,355,HR_157,HR_88,Germ Date,2022-12-06,2022-12-06,2022-12-06,2022-12-06,2022-12-06,2022-12-06,2022-12-06,2022-12-17,,,,,
3,8,355,HR_157,HR_88,Flow Date,,,,,,,,,,,,,
3,8,356,HR_189,HR_168,Germ Date,2022-12-06,2022-12-06,2022-12-06,,2022-12-06,2022-12-06,2022-12-06,2022-12-06,,,"*-1,5","C-1,5",
3,8,356,HR_189,HR_168,Flow Date,,,,,,,,,,,,,
3,8,357,HR_195,HR_68,Germ Date,2022-12-06,2022-12-06,2022-12-06,2022-12-06,2022-12-06,2022-12-06,2022-12-06,2022-12-06,,,,,
3,8,357,HR_195,HR_68,Flow Date,,,,,,,,,,,,,
3,8,358,HR_195,HR_181,Germ Date,2022-12-06,,2022-12-06,2022-12-06,2022-12-06,2022-12-06,2022-12-06,2022-12-06,,,,,
3,8,358,HR_195,HR_181,Flow Date,,,,,,,,,,,,,
3,8,359,HR_125,HR_34,Germ Date,2022-12-06,2022-12-06,2022-12-06,2022-12-06,2022-12-06,2022-12-06,2022-12-06,2022-12-06,,,,(3)-3,
3,8,359,HR_125,HR_34,Flow Date,,,,,,,,,,,,,
3,8,360,HR_189,HR_18,Germ Date,2022-12-06,2022-12-06,2022-12-06,2022-12-17,2022-12-06,2022-12-06,2022-12-06,2022-12-06,,,,,
3,8,360,HR_189,HR_18,Flow Date,,,,,,,,,,,,,
3,8,361,HR_95,HR_20,Germ Date,2022-12-06,2022-12-06,2022-12-06,2022-12-06,2022-12-06,2022-12-06,2022-12-06,2022-12-06,,,,,
3,8,361,HR_95,HR_20,Flow Date,,,,,,,,,,,,,
3,8,362,HR_62,HR_116,Germ Date,2022-12-06,2022-12-06,2022-12-06,2022-12-06,2022-12-06,2022-12-06,2022-12-06,2022-12-06,,,,,
3,8,362,HR_62,HR_116,Flow Date,,,,,,,,,,,,,
3,8,363,HR_88,HR_14,Germ Date,2022-12-06,2022-12-06,2022-12-06,,,2022-12-06,2022-12-06,,,,,,
3,8,363,HR_88,HR_14,Flow Date,,,,,,,,,,,,,
3,8,364,HR_5,HR_40,Germ Date,2022-12-06,2022-12-06,2022-12-06,2022-12-06,2022-12-06,,2022-12-06,2022-12-06,,,,*-5,
3,8,364,HR_5,HR_40,Flow Date,,,,,,,,,,,,,
3,8,365,HR_002,HR_71,Germ Date,2022-12-06,2022-12-06,2022-12-06,2022-12-06,2022-12-06,2022-12-17,2022-12-06,2022-12-06,,,,*-6,
3,8,365,HR_002,HR_71,Flow Date,,,,,,,,,,,,,
3,8,366,HR_160,HR_79,Germ Date,2022-12-06,2022-12-06,2022-12-06,2022-12-06,2022-12-06,2022-12-06,2022-12-06,2022-12-06,,,,(3)-5,
3,8,366,HR_160,HR_79,Flow Date,,,,,,,,,,,,,
3,9,367,HR_156,HR_193,Germ Date,2022-12-06,2022-12-06,2022-12-06,2022-12-06,2022-12-06,2022-12-06,2022-12-06,2022-12-06,,,,,
3,9,367,HR_156,HR_193,Flow Date,,,,,,,,,,,,,
3,9,368,HR_108,HR_16,Germ Date,2022-12-17,2022-12-06,2022-12-06,2022-12-06,2022-12-06,2022-12-06,2022-12-06,2022-12-06,,,,,
3,9,368,HR_108,HR_16,Flow Date,,,,,,,,,,,,,
3,9,369,HR_64,HR_190,Germ Date,2022-12-06,2022-12-06,2022-12-06,2022-12-06,2022-12-06,2022-12-06,2022-12-06,2022-12-06,,,,,
3,9,369,HR_64,HR_190,Flow Date,,,,,,,,,,,,,
3,9,370,HR_135,HR_4,Germ Date,2022-12-17,2022-12-06,,2022-12-06,2022-12-06,2022-12-06,2022-12-06,2022-12-06,,,,*-1,
3,9,370,HR_135,HR_4,Flow Date,,,,,,,,,,,,,
3,9,371,HR_131,HR_113,Germ Date,2022-12-17,2022-12-06,2022-12-06,2022-12-06,2022-12-06,2022-12-17,2022-12-06,2022-12-17,,,,,
3,9,371,HR_131,HR_113,Flow Date,,,,,,,,,,,,,
3,9,372,HR_155,HR_9,Germ Date,2022-12-06,2022-12-06,2022-12-06,2022-12-06,2022-12-06,2022-12-06,2022-12-06,2022-12-06,,,,,
3,9,372,HR_155,HR_9,Flow Date,,,,,,,,,,,,,
3,9,373,HR_90,HR_103,Germ Date,2022-12-06,2022-12-06,2022-12-06,,2022-12-06,2022-12-06,2022-12-06,2022-12-17,,,,,
3,9,373,HR_90,HR_103,Flow Date,,,,,,,,,,,,,
3,9,374,HR_171,HR_73,Germ Date,2022-12-06,2022-12-06,2022-12-06,2022-12-06,2022-12-06,2022-11-19,2022-12-06,2022-12-06,,,,,
3,9,374,HR_171,HR_73,Flow Date,,,,,,,,,,,,,
3,9,375,HR_5,HR_149,Germ Date,2022-12-06,2022-12-06,2022-12-06,2022-12-06,2022-12-06,2022-12-06,2022-12-06,2022-12-06,,,,,
3,9,375,HR_5,HR_149,Flow Date,,,,,,,,,,,,,
3,9,376,HR_147,HR_21,Germ Date,2022-12-17,2022-12-06,2022-12-17,2022-12-17,2022-12-06,2022-12-06,2022-12-06,2022-12-06,,,,,
3,9,376,HR_147,HR_21,Flow Date,,,,,,,,,,,,,
3,9,377,HR_125,HR_86,Germ Date,2022-12-06,2022-12-06,2022-12-06,2022-12-06,2022-12-06,2022-12-06,2022-12-06,2022-12-06,,,,,
3,9,377,HR_125,HR_86,Flow Date,,,,,,,,,,,,,
3,9,378,HR_121,HR_105,Germ Date,2022-12-06,2022-12-06,2022-12-06,2022-12-06,2022-12-06,2022-12-06,2022-12-06,2022-12-06,,,,,
3,9,378,HR_121,HR_105,Flow Date,,,,,,,,,,,,,
3,9,379,HR_69,HR_108,Germ Date,2022-12-06,2022-12-06,2022-12-06,2022-12-06,2022-12-06,2022-12-06,2022-12-06,2022-12-06,,,,,
3,9,379,HR_69,HR_108,Flow Date,,,,,,,,,,,,,
3,9,380,HR_157,HR_85,Germ Date,2022-12-06,2022-12-06,2022-12-06,2022-12-06,2022-12-06,2022-12-17,2022-12-06,2022-12-06,,,,,
3,9,380,HR_157,HR_85,Flow Date,,,,,,,,,,,,,
3,9,381,HR_156,HR_197,Germ Date,2022-12-06,2022-12-17,2022-12-06,2022-12-17,2022-12-06,2022-12-06,2022-12-06,2022-12-06,,,,*-2,
3,9,381,HR_156,HR_197,Flow Date,,,,,,,,,,,,,
3,9,382,HR_6,HR_146,Germ Date,2022-12-06,2022-12-06,2022-12-17,2022-12-06,2022-12-06,2022-12-06,,2022-12-06,,,"*-2,4","C-2,4",
3,9,382,HR_6,HR_146,Flow Date,,,,,,,,,,,,,
3,9,383,HR_157,HR_95,Germ Date,2022-12-06,2022-12-06,2022-12-06,2022-12-06,2022-12-06,2022-12-06,2022-12-06,2022-12-06,,,*-2,,
3,9,383,HR_157,HR_95,Flow Date,,,,,,,,,,,,,
3,9,384,HR_90,HR_53,Germ Date,2022-12-06,2022-12-06,2022-12-06,2022-12-06,2022-12-06,2022-12-06,2022-12-06,2022-12-06,,,,,
3,9,384,HR_90,HR_53,Flow Date,,,,,,,,,,,,,
3,9,385,HR_175,HR_196,Germ Date,2022-12-06,2022-12-06,2022-12-06,2022-12-06,2022-12-06,2022-12-06,2022-12-06,2022-12-06,,,,,
3,9,385,HR_175,HR_196,Flow Date,,,,,,,,,,,,,
3,9,386,HR_168,HR_101,Germ Date,2022-12-06,2022-12-06,2022-12-06,2022-12-06,2022-12-06,2022-12-06,2022-12-17,2022-12-06,,,,,
3,9,386,HR_168,HR_101,Flow Date,,,,,,,,,,,,,
3,9,387,HR_175,HR_27,Germ Date,2022-12-06,2022-12-06,2022-12-06,2022-12-06,2022-12-06,2022-12-06,2022-12-06,2022-12-06,,,,,
3,9,387,HR_175,HR_27,Flow Date,,,,,,,,,,,,,
3,9,388,HR_100,HR_135,Germ Date,2022-12-06,2022-12-06,2022-12-06,2022-12-06,2022-12-06,2022-12-17,2022-12-06,2022-12-06,,,,*D-7,
3,9,388,HR_100,HR_135,Flow Date,,,,,,,,,,,,,
3,9,389,HR_66,HR_87,Germ Date,2022-12-06,2022-12-06,2022-12-06,2022-12-06,2022-12-06,2022-12-06,2022-12-06,2022-12-06,,,,,
3,9,389,HR_66,HR_87,Flow Date,,,,,,,,,,,,,
3,9,390,HR_59,HR_11,Germ Date,2022-12-06,2022-12-06,2022-12-06,2022-12-06,2022-12-06,2022-12-06,2022-12-06,2022-12-06,,,,,
3,9,390,HR_59,HR_11,Flow Date,,,,,,,,,,,,,
3,9,391,HR_148,HR_50,Germ Date,2022-12-06,2022-12-06,2022-12-06,2022-12-06,2022-12-06,2022-12-06,2022-12-06,,,,,,
3,9,391,HR_148,HR_50,Flow Date,,,,,,,,,,,,,
3,9,392,HR_155,HR_47,Germ Date,2022-12-06,2022-12-06,2022-12-06,2022-12-06,2022-12-06,2022-12-06,2022-12-06,2022-12-06,,,,PR-3;T-3,
3,9,392,HR_155,HR_47,Flow Date,,,,,,,,,,,,,
3,9,393,HR_027,HR_43,Germ Date,2022-12-06,2022-12-06,2022-12-06,2022-12-06,2022-12-06,,2022-12-06,2022-12-06,,,,,
3,9,393,HR_027,HR_43,Flow Date,,,,,,,,,,,,,
3,9,394,HR_70,HR_123,Germ Date,2022-12-06,2022-12-06,2022-12-06,2022-12-06,2022-12-06,2022-12-06,2022-12-06,2022-12-06,,,,PR-8,
3,9,394,HR_70,HR_123,Flow Date,,,,,,,,,,,,,
3,9,395,HR_141,HR_44,Germ Date,2022-12-06,2022-12-06,2022-12-06,2022-12-06,2022-12-06,2022-12-06,2022-12-06,2022-12-06,,,,,
3,9,395,HR_141,HR_44,Flow Date,,,,,,,,,,,,,
3,9,396,HR_085,HR_35,Germ Date,2022-12-06,2022-12-06,2022-12-06,2022-12-06,2022-12-06,2022-12-06,2022-12-06,2022-12-06,,,,,
3,9,396,HR_085,HR_35,Flow Date,,,,,,,,,,,,,
3,9,397,HR_147,HR_118,Germ Date,2022-12-06,2022-12-06,2022-12-06,2022-12-06,2022-12-06,2022-12-06,2022-12-06,2022-12-06,,,,,
3,9,397,HR_147,HR_118,Flow Date,,,,,,,,,,,,,
3,9,398,HR_90,HR_126,Germ Date,2022-12-06,2022-12-06,2022-12-06,2022-12-06,2022-12-06,2022-12-06,2022-12-06,2022-12-17,,,,,
3,9,398,HR_90,HR_126,Flow Date,,,,,,,,,,,,,
3,9,399,HR_196,HR_170,Germ Date,2022-12-06,2022-12-06,2022-12-06,2022-12-06,2022-12-06,,2022-12-06,2022-12-06,,,,,
3,9,399,HR_196,HR_170,Flow Date,,,,,,,,,,,,,
3,9,400,HR_34,HR_80,Germ Date,2022-12-06,2022-12-06,2022-12-06,2022-12-06,2022-12-06,2022-12-06,2022-12-06,2022-12-17,,,,"*-6,8",
3,9,400,HR_34,HR_80,Flow Date,,,,,,,,,,,,,
3,9,401,HR_53,HR_38,Germ Date,2022-12-06,2022-12-06,2022-12-06,2022-12-06,2022-12-06,2022-12-06,2022-12-06,2022-12-06,,,,,
3,9,401,HR_53,HR_38,Flow Date,,,,,,,,,,,,,
3,9,402,HR_74,HR_66,Germ Date,2022-12-06,2022-12-17,2022-12-06,2022-12-06,2022-12-06,2022-12-06,,2022-12-06,,,,*-2,
3,9,402,HR_74,HR_66,Flow Date,,,,,,,,,,,,,
3,9,403,HR_139,HR_62,Germ Date,2022-12-17,2022-12-06,2022-12-06,2022-12-06,2022-12-06,2022-12-06,2022-12-06,2022-12-06,,,,,
3,9,403,HR_139,HR_62,Flow Date,,,,,,,,,,,,,
3,9,404,HR_139,HR_129,Germ Date,2022-12-06,2022-12-17,2022-12-06,2022-12-06,2022-12-06,2022-12-06,2022-12-06,2022-12-06,,,,,
3,9,404,HR_139,HR_129,Flow Date,,,,,,,,,,,,,
3,9,405,HR_110,HR_39,Germ Date,2022-12-06,2022-12-06,2022-12-06,2022-12-06,2022-12-06,2022-12-06,2022-12-06,2022-12-06,,,,,
3,9,405,HR_110,HR_39,Flow Date,,,,,,,,,,,,,
3,9,406,HR_110,HR_37,Germ Date,2022-12-06,2022-12-06,2022-12-06,2022-12-06,2022-12-06,2022-12-06,2022-12-06,2022-12-06,,,,,
3,9,406,HR_110,HR_37,Flow Date,,,,,,,,,,,,,
3,9,407,HR_085,HR_107,Germ Date,2022-12-06,2022-12-06,2022-12-06,2022-12-06,2022-12-06,2022-12-06,2022-12-06,2022-12-06,,,,,
3,9,407,HR_085,HR_107,Flow Date,,,,,,,,,,,,,
3,9,408,HR_200,HR_159,Germ Date,2022-12-06,2022-12-06,2022-12-06,2022-12-06,2022-12-06,,2022-12-06,2022-12-17,,,,,
3,9,408,HR_200,HR_159,Flow Date,,,,,,,,,,,,,
3,9,409,HR_100,HR_195,Germ Date,2022-12-06,2022-12-06,2022-12-06,2022-12-06,2022-12-06,,2022-12-06,2022-12-17,,,*-2,C-2,
3,9,409,HR_100,HR_195,Flow Date,,,,,,,,,,,,,
3,9,410,HR_180,HR_36,Germ Date,2022-12-06,2022-12-06,2022-12-06,2022-12-06,2022-12-06,2022-12-06,2022-12-06,2022-12-06,,,,,
3,9,410,HR_180,HR_36,Flow Date,,,,,,,,,,,,,
3,9,411,HR_149,HR_174,Germ Date,2022-12-06,2022-12-06,2022-12-06,2022-12-06,2022-12-06,2022-12-06,2022-12-06,2022-12-06,,,,,
3,9,411,HR_149,HR_174,Flow Date,,,,,,,,,,,Total number of germinants:,Total number of plugs planted,Proportion of plugs that germinated
,,,,,,1901-01-18,1901-01-10,1901-01-24,1901-01-11,1901-01-14,1901-01-18,1901-01-19,1901-01-02,,,3044,3288,0.925790754
,,,,,,,,,,,,,,,,,,
,,,,,,,,,,,,,,,,2527 germinants on 12/6,,
,,,,,,,,,,,,,,,,252 germinants on 11/19,,
,,,,,,,,,,,,,,,,2779,,
,,,,,,,,,,,,,,,,,,
,,,,,,,,,,,,,,,,0.768552311,,
